일,미디어소스,캠페인,그룹,소재,클릭,회원가입,구매,구매매출
2025-01-01,googleadwords_int,GGL_CMP_01_플러스가입,논타겟,VID_플러스멤버십_겨울_A_v1,1414,102,33,1955228
2025-01-01,googleadwords_int,GGL_CMP_01_플러스가입,논타겟,IMG_플러스멤버십_겨울_B_v1,1384,125,37,1872214
2025-01-01,googleadwords_int,GGL_CMP_01_플러스가입,논타겟,CRS_플러스멤버십_겨울_v1,2157,167,68,3562626
2025-01-01,googleadwords_int,GGL_CMP_01_플러스가입,논타겟,IMG_적립혜택_겨울_v2,2439,319,82,4729646
2025-01-01,googleadwords_int,GGL_CMP_01_플러스가입,유사타겟,VID_플러스멤버십_겨울_A_v1,1332,119,25,1244673
2025-01-01,googleadwords_int,GGL_CMP_01_플러스가입,유사타겟,IMG_플러스멤버십_겨울_B_v1,1255,182,44,3012070
2025-01-01,googleadwords_int,GGL_CMP_01_플러스가입,유사타겟,CRS_플러스멤버십_겨울_v1,2332,243,83,5629761
2025-01-01,googleadwords_int,GGL_CMP_01_플러스가입,유사타겟,IMG_적립혜택_겨울_v2,1916,164,44,2541349
2025-01-01,googleadwords_int,GGL_CMP_02_리타겟팅,리마케팅,VID_할인쿠폰_겨울_A_v1,1256,138,50,2629265
2025-01-01,googleadwords_int,GGL_CMP_02_리타겟팅,리마케팅,IMG_할인쿠폰_겨울_B_v1,1165,99,35,1963467
2025-01-01,googleadwords_int,GGL_CMP_02_리타겟팅,리마케팅,CRS_특가_겨울_v1,998,101,38,2779030
2025-01-01,googleadwords_int,GGL_CMP_03_첫구매,논타겟,VID_적립혜택_겨울_A_v1,1606,110,51,3541012
2025-01-01,googleadwords_int,GGL_CMP_03_첫구매,논타겟,IMG_적립혜택_겨울_B_v1,1735,168,43,2603686
2025-01-01,googleadwords_int,GGL_CMP_03_첫구매,논타겟,CRS_할인쿠폰_겨울_v1,958,110,31,1743965
2025-01-01,googleadwords_int,GGL_CMP_03_첫구매,유사타겟,VID_적립혜택_겨울_A_v1,1603,164,51,3056453
2025-01-01,googleadwords_int,GGL_CMP_03_첫구매,유사타겟,IMG_적립혜택_겨울_B_v1,2171,182,48,2791439
2025-01-01,googleadwords_int,GGL_CMP_03_첫구매,유사타겟,CRS_할인쿠폰_겨울_v1,1212,129,52,2721286
2025-01-01,Facebook Ads,META_CMP_01_신규유저,논타겟,VID_플러스멤버십_겨울_A_v1,964,72,18,801478
2025-01-01,Facebook Ads,META_CMP_01_신규유저,논타겟,IMG_적립혜택_겨울_B_v1,1027,42,7,396012
2025-01-01,Facebook Ads,META_CMP_01_신규유저,논타겟,CRS_플러스멤버십_겨울_v1,646,43,11,653353
2025-01-01,Facebook Ads,META_CMP_02_룩얼라이크,유사타겟,VID_플러스멤버십_겨울_A_v1,1371,66,17,928016
2025-01-01,Facebook Ads,META_CMP_02_룩얼라이크,유사타겟,IMG_할인쿠폰_겨울_B_v1,876,59,14,1023332
2025-01-01,Facebook Ads,META_CMP_02_룩얼라이크,유사타겟,CRS_특가_겨울_v1,1160,99,14,966381
2025-01-01,Facebook Ads,META_CMP_03_재구매,VIP,IMG_배송혜택_겨울_A_v1,215,9,4,245619
2025-01-01,Facebook Ads,META_CMP_03_재구매,VIP,VID_적립혜택_겨울_B_v1,324,19,8,609361
2025-01-01,Facebook Ads,META_CMP_03_재구매,VIP,CRS_신상품_겨울_v1,324,14,8,958803
2025-01-01,Facebook Ads,META_CMP_03_재구매,윈백,IMG_배송혜택_겨울_A_v1,860,37,19,1340505
2025-01-01,Facebook Ads,META_CMP_03_재구매,윈백,VID_적립혜택_겨울_B_v1,555,36,12,829948
2025-01-01,Facebook Ads,META_CMP_03_재구매,윈백,CRS_신상품_겨울_v1,547,19,10,851501
2025-01-01,naver_search,NVR_CMP_01_브랜드KW,논타겟,TXT_플러스멤버십_겨울_A_v1,1122,178,105,10098137
2025-01-01,naver_search,NVR_CMP_02_일반KW,논타겟,TXT_할인쿠폰_겨울_A_v1,1449,238,68,3858860
2025-01-01,naver_search,NVR_CMP_02_일반KW,논타겟,TXT_플러스멤버십_겨울_B_v1,1179,129,49,4863372
2025-01-01,naver_search,NVR_CMP_03_재구매,VIP,IMG_배송혜택_겨울_A_v1,551,65,30,3290889
2025-01-01,naver_search,NVR_CMP_03_재구매,VIP,VID_적립혜택_겨울_B_v1,353,25,18,2007952
2025-01-01,naver_search,NVR_CMP_03_재구매,VIP,CRS_신상품_겨울_v1,378,22,14,1547692
2025-01-01,naver_search,NVR_CMP_03_재구매,윈백,IMG_배송혜택_겨울_A_v1,844,47,39,3506770
2025-01-01,naver_search,NVR_CMP_03_재구매,윈백,VID_적립혜택_겨울_B_v1,586,54,27,3541376
2025-01-01,naver_search,NVR_CMP_03_재구매,윈백,CRS_신상품_겨울_v1,712,61,38,3319602
2025-01-02,googleadwords_int,GGL_CMP_01_플러스가입,논타겟,VID_플러스멤버십_겨울_A_v1,1631,164,46,2337339
2025-01-02,googleadwords_int,GGL_CMP_01_플러스가입,논타겟,IMG_플러스멤버십_겨울_B_v1,2273,249,46,2418386
2025-01-02,googleadwords_int,GGL_CMP_01_플러스가입,논타겟,CRS_플러스멤버십_겨울_v1,1301,178,56,2654119
2025-01-02,googleadwords_int,GGL_CMP_01_플러스가입,논타겟,IMG_적립혜택_겨울_v2,2284,203,47,1806575
2025-01-02,googleadwords_int,GGL_CMP_01_플러스가입,유사타겟,VID_플러스멤버십_겨울_A_v1,1807,176,56,2995644
2025-01-02,googleadwords_int,GGL_CMP_01_플러스가입,유사타겟,IMG_플러스멤버십_겨울_B_v1,1216,181,42,2217150
2025-01-02,googleadwords_int,GGL_CMP_01_플러스가입,유사타겟,CRS_플러스멤버십_겨울_v1,2537,323,114,6757896
2025-01-02,googleadwords_int,GGL_CMP_01_플러스가입,유사타겟,IMG_적립혜택_겨울_v2,2547,218,49,2919104
2025-01-02,googleadwords_int,GGL_CMP_02_리타겟팅,리마케팅,VID_할인쿠폰_겨울_A_v1,826,76,34,1437648
2025-01-02,googleadwords_int,GGL_CMP_02_리타겟팅,리마케팅,IMG_할인쿠폰_겨울_B_v1,1294,105,46,3215534
2025-01-02,googleadwords_int,GGL_CMP_02_리타겟팅,리마케팅,CRS_특가_겨울_v1,852,101,50,3745571
2025-01-02,googleadwords_int,GGL_CMP_03_첫구매,논타겟,VID_적립혜택_겨울_A_v1,1073,55,20,1338675
2025-01-02,googleadwords_int,GGL_CMP_03_첫구매,논타겟,IMG_적립혜택_겨울_B_v1,1146,98,23,1844438
2025-01-02,googleadwords_int,GGL_CMP_03_첫구매,논타겟,CRS_할인쿠폰_겨울_v1,1123,76,32,2881132
2025-01-02,googleadwords_int,GGL_CMP_03_첫구매,유사타겟,VID_적립혜택_겨울_A_v1,1979,158,61,4819869
2025-01-02,googleadwords_int,GGL_CMP_03_첫구매,유사타겟,IMG_적립혜택_겨울_B_v1,1279,90,39,2503836
2025-01-02,googleadwords_int,GGL_CMP_03_첫구매,유사타겟,CRS_할인쿠폰_겨울_v1,2552,132,48,2940602
2025-01-02,Facebook Ads,META_CMP_01_신규유저,논타겟,VID_플러스멤버십_겨울_A_v1,883,76,18,875158
2025-01-02,Facebook Ads,META_CMP_01_신규유저,논타겟,IMG_적립혜택_겨울_B_v1,647,42,9,592516
2025-01-02,Facebook Ads,META_CMP_01_신규유저,논타겟,CRS_플러스멤버십_겨울_v1,845,66,11,719430
2025-01-02,Facebook Ads,META_CMP_02_룩얼라이크,유사타겟,VID_플러스멤버십_겨울_A_v1,896,47,12,546187
2025-01-02,Facebook Ads,META_CMP_02_룩얼라이크,유사타겟,IMG_할인쿠폰_겨울_B_v1,870,63,12,984806
2025-01-02,Facebook Ads,META_CMP_02_룩얼라이크,유사타겟,CRS_특가_겨울_v1,733,62,13,785032
2025-01-02,Facebook Ads,META_CMP_03_재구매,VIP,IMG_배송혜택_겨울_A_v1,343,15,8,528728
2025-01-02,Facebook Ads,META_CMP_03_재구매,VIP,VID_적립혜택_겨울_B_v1,211,7,3,346115
2025-01-02,Facebook Ads,META_CMP_03_재구매,VIP,CRS_신상품_겨울_v1,419,14,6,381980
2025-01-02,Facebook Ads,META_CMP_03_재구매,윈백,IMG_배송혜택_겨울_A_v1,784,28,16,1198698
2025-01-02,Facebook Ads,META_CMP_03_재구매,윈백,VID_적립혜택_겨울_B_v1,312,16,7,555580
2025-01-02,Facebook Ads,META_CMP_03_재구매,윈백,CRS_신상품_겨울_v1,535,17,10,785053
2025-01-02,naver_search,NVR_CMP_01_브랜드KW,논타겟,TXT_플러스멤버십_겨울_A_v1,1687,342,153,12209067
2025-01-02,naver_search,NVR_CMP_02_일반KW,논타겟,TXT_할인쿠폰_겨울_A_v1,1029,98,24,1876943
2025-01-02,naver_search,NVR_CMP_02_일반KW,논타겟,TXT_플러스멤버십_겨울_B_v1,1301,246,94,7021264
2025-01-02,naver_search,NVR_CMP_03_재구매,VIP,IMG_배송혜택_겨울_A_v1,506,31,15,1297192
2025-01-02,naver_search,NVR_CMP_03_재구매,VIP,VID_적립혜택_겨울_B_v1,420,37,24,1803038
2025-01-02,naver_search,NVR_CMP_03_재구매,VIP,CRS_신상품_겨울_v1,356,28,22,3271927
2025-01-02,naver_search,NVR_CMP_03_재구매,윈백,IMG_배송혜택_겨울_A_v1,644,38,29,2988231
2025-01-02,naver_search,NVR_CMP_03_재구매,윈백,VID_적립혜택_겨울_B_v1,841,77,44,4949197
2025-01-02,naver_search,NVR_CMP_03_재구매,윈백,CRS_신상품_겨울_v1,694,57,47,5147435
2025-01-03,googleadwords_int,GGL_CMP_01_플러스가입,논타겟,VID_플러스멤버십_겨울_A_v1,2126,192,43,3983701
2025-01-03,googleadwords_int,GGL_CMP_01_플러스가입,논타겟,IMG_플러스멤버십_겨울_B_v1,1663,183,43,1941752
2025-01-03,googleadwords_int,GGL_CMP_01_플러스가입,논타겟,CRS_플러스멤버십_겨울_v1,2213,200,49,3323259
2025-01-03,googleadwords_int,GGL_CMP_01_플러스가입,논타겟,IMG_적립혜택_겨울_v2,2151,306,62,4633158
2025-01-03,googleadwords_int,GGL_CMP_01_플러스가입,유사타겟,VID_플러스멤버십_겨울_A_v1,1329,169,46,2326369
2025-01-03,googleadwords_int,GGL_CMP_01_플러스가입,유사타겟,IMG_플러스멤버십_겨울_B_v1,1562,152,50,2626324
2025-01-03,googleadwords_int,GGL_CMP_01_플러스가입,유사타겟,CRS_플러스멤버십_겨울_v1,1786,235,81,5253144
2025-01-03,googleadwords_int,GGL_CMP_01_플러스가입,유사타겟,IMG_적립혜택_겨울_v2,2087,186,60,3930674
2025-01-03,googleadwords_int,GGL_CMP_02_리타겟팅,리마케팅,VID_할인쿠폰_겨울_A_v1,1307,146,86,6126494
2025-01-03,googleadwords_int,GGL_CMP_02_리타겟팅,리마케팅,IMG_할인쿠폰_겨울_B_v1,1206,117,58,5057632
2025-01-03,googleadwords_int,GGL_CMP_02_리타겟팅,리마케팅,CRS_특가_겨울_v1,1515,178,52,4054738
2025-01-03,googleadwords_int,GGL_CMP_03_첫구매,논타겟,VID_적립혜택_겨울_A_v1,1850,127,47,3674804
2025-01-03,googleadwords_int,GGL_CMP_03_첫구매,논타겟,IMG_적립혜택_겨울_B_v1,1087,105,47,3660781
2025-01-03,googleadwords_int,GGL_CMP_03_첫구매,논타겟,CRS_할인쿠폰_겨울_v1,1622,145,49,3078896
2025-01-03,googleadwords_int,GGL_CMP_03_첫구매,유사타겟,VID_적립혜택_겨울_A_v1,1834,165,44,3553120
2025-01-03,googleadwords_int,GGL_CMP_03_첫구매,유사타겟,IMG_적립혜택_겨울_B_v1,1987,189,77,4786020
2025-01-03,googleadwords_int,GGL_CMP_03_첫구매,유사타겟,CRS_할인쿠폰_겨울_v1,2055,209,89,4565642
2025-01-03,Facebook Ads,META_CMP_01_신규유저,논타겟,VID_플러스멤버십_겨울_A_v1,786,41,8,453774
2025-01-03,Facebook Ads,META_CMP_01_신규유저,논타겟,IMG_적립혜택_겨울_B_v1,980,58,14,563517
2025-01-03,Facebook Ads,META_CMP_01_신규유저,논타겟,CRS_플러스멤버십_겨울_v1,1057,83,16,985887
2025-01-03,Facebook Ads,META_CMP_02_룩얼라이크,유사타겟,VID_플러스멤버십_겨울_A_v1,934,94,16,802952
2025-01-03,Facebook Ads,META_CMP_02_룩얼라이크,유사타겟,IMG_할인쿠폰_겨울_B_v1,503,49,8,476275
2025-01-03,Facebook Ads,META_CMP_02_룩얼라이크,유사타겟,CRS_특가_겨울_v1,859,52,15,761656
2025-01-03,Facebook Ads,META_CMP_03_재구매,VIP,IMG_배송혜택_겨울_A_v1,238,11,7,394830
2025-01-03,Facebook Ads,META_CMP_03_재구매,VIP,VID_적립혜택_겨울_B_v1,272,15,8,547499
2025-01-03,Facebook Ads,META_CMP_03_재구매,VIP,CRS_신상품_겨울_v1,379,14,6,490976
2025-01-03,Facebook Ads,META_CMP_03_재구매,윈백,IMG_배송혜택_겨울_A_v1,357,18,5,502290
2025-01-03,Facebook Ads,META_CMP_03_재구매,윈백,VID_적립혜택_겨울_B_v1,369,12,3,293510
2025-01-03,Facebook Ads,META_CMP_03_재구매,윈백,CRS_신상품_겨울_v1,617,31,19,1138941
2025-01-03,naver_search,NVR_CMP_01_브랜드KW,논타겟,TXT_플러스멤버십_겨울_A_v1,1976,398,281,15799920
2025-01-03,naver_search,NVR_CMP_02_일반KW,논타겟,TXT_할인쿠폰_겨울_A_v1,1101,160,41,2969512
2025-01-03,naver_search,NVR_CMP_02_일반KW,논타겟,TXT_플러스멤버십_겨울_B_v1,1180,129,53,3723503
2025-01-03,naver_search,NVR_CMP_03_재구매,VIP,IMG_배송혜택_겨울_A_v1,289,24,14,1051196
2025-01-03,naver_search,NVR_CMP_03_재구매,VIP,VID_적립혜택_겨울_B_v1,349,21,10,1105693
2025-01-03,naver_search,NVR_CMP_03_재구매,VIP,CRS_신상품_겨울_v1,258,25,17,1870724
2025-01-03,naver_search,NVR_CMP_03_재구매,윈백,IMG_배송혜택_겨울_A_v1,511,39,19,2265687
2025-01-03,naver_search,NVR_CMP_03_재구매,윈백,VID_적립혜택_겨울_B_v1,990,91,58,4225807
2025-01-03,naver_search,NVR_CMP_03_재구매,윈백,CRS_신상품_겨울_v1,589,32,30,2527043
2025-01-04,googleadwords_int,GGL_CMP_01_플러스가입,논타겟,VID_플러스멤버십_겨울_A_v1,1026,94,19,1306841
2025-01-04,googleadwords_int,GGL_CMP_01_플러스가입,논타겟,IMG_플러스멤버십_겨울_B_v1,874,73,23,1194675
2025-01-04,googleadwords_int,GGL_CMP_01_플러스가입,논타겟,CRS_플러스멤버십_겨울_v1,851,90,21,1134189
2025-01-04,googleadwords_int,GGL_CMP_01_플러스가입,논타겟,IMG_적립혜택_겨울_v2,639,59,11,745519
2025-01-04,googleadwords_int,GGL_CMP_01_플러스가입,유사타겟,VID_플러스멤버십_겨울_A_v1,1562,203,35,1646099
2025-01-04,googleadwords_int,GGL_CMP_01_플러스가입,유사타겟,IMG_플러스멤버십_겨울_B_v1,1128,89,21,1170439
2025-01-04,googleadwords_int,GGL_CMP_01_플러스가입,유사타겟,CRS_플러스멤버십_겨울_v1,1035,105,24,1477469
2025-01-04,googleadwords_int,GGL_CMP_01_플러스가입,유사타겟,IMG_적립혜택_겨울_v2,837,69,19,1418226
2025-01-04,googleadwords_int,GGL_CMP_02_리타겟팅,리마케팅,VID_할인쿠폰_겨울_A_v1,1007,79,37,2526709
2025-01-04,googleadwords_int,GGL_CMP_02_리타겟팅,리마케팅,IMG_할인쿠폰_겨울_B_v1,834,101,45,2284230
2025-01-04,googleadwords_int,GGL_CMP_02_리타겟팅,리마케팅,CRS_특가_겨울_v1,548,58,18,1192467
2025-01-04,googleadwords_int,GGL_CMP_03_첫구매,논타겟,VID_적립혜택_겨울_A_v1,966,90,38,2592652
2025-01-04,googleadwords_int,GGL_CMP_03_첫구매,논타겟,IMG_적립혜택_겨울_B_v1,549,48,16,1307356
2025-01-04,googleadwords_int,GGL_CMP_03_첫구매,논타겟,CRS_할인쿠폰_겨울_v1,900,69,23,1456309
2025-01-04,googleadwords_int,GGL_CMP_03_첫구매,유사타겟,VID_적립혜택_겨울_A_v1,558,40,14,1092527
2025-01-04,googleadwords_int,GGL_CMP_03_첫구매,유사타겟,IMG_적립혜택_겨울_B_v1,715,56,19,1530019
2025-01-04,googleadwords_int,GGL_CMP_03_첫구매,유사타겟,CRS_할인쿠폰_겨울_v1,1260,109,44,3021435
2025-01-04,Facebook Ads,META_CMP_01_신규유저,논타겟,VID_플러스멤버십_겨울_A_v1,293,20,2,139747
2025-01-04,Facebook Ads,META_CMP_01_신규유저,논타겟,IMG_적립혜택_겨울_B_v1,676,34,10,417695
2025-01-04,Facebook Ads,META_CMP_01_신규유저,논타겟,CRS_플러스멤버십_겨울_v1,438,24,5,238801
2025-01-04,Facebook Ads,META_CMP_02_룩얼라이크,유사타겟,VID_플러스멤버십_겨울_A_v1,498,34,8,404787
2025-01-04,Facebook Ads,META_CMP_02_룩얼라이크,유사타겟,IMG_할인쿠폰_겨울_B_v1,472,41,12,488573
2025-01-04,Facebook Ads,META_CMP_02_룩얼라이크,유사타겟,CRS_특가_겨울_v1,504,24,6,371653
2025-01-04,Facebook Ads,META_CMP_03_재구매,VIP,IMG_배송혜택_겨울_A_v1,156,6,1,102539
2025-01-04,Facebook Ads,META_CMP_03_재구매,VIP,VID_적립혜택_겨울_B_v1,319,17,5,440325
2025-01-04,Facebook Ads,META_CMP_03_재구매,VIP,CRS_신상품_겨울_v1,141,5,2,225408
2025-01-04,Facebook Ads,META_CMP_03_재구매,윈백,IMG_배송혜택_겨울_A_v1,228,12,4,333273
2025-01-04,Facebook Ads,META_CMP_03_재구매,윈백,VID_적립혜택_겨울_B_v1,228,10,4,248738
2025-01-04,Facebook Ads,META_CMP_03_재구매,윈백,CRS_신상품_겨울_v1,349,19,6,452860
2025-01-04,naver_search,NVR_CMP_01_브랜드KW,논타겟,TXT_플러스멤버십_겨울_A_v1,865,177,121,10782458
2025-01-04,naver_search,NVR_CMP_02_일반KW,논타겟,TXT_할인쿠폰_겨울_A_v1,617,108,39,2979997
2025-01-04,naver_search,NVR_CMP_02_일반KW,논타겟,TXT_플러스멤버십_겨울_B_v1,418,67,28,2074350
2025-01-04,naver_search,NVR_CMP_03_재구매,VIP,IMG_배송혜택_겨울_A_v1,244,18,9,752748
2025-01-04,naver_search,NVR_CMP_03_재구매,VIP,VID_적립혜택_겨울_B_v1,286,25,20,2325680
2025-01-04,naver_search,NVR_CMP_03_재구매,VIP,CRS_신상품_겨울_v1,196,18,9,905811
2025-01-04,naver_search,NVR_CMP_03_재구매,윈백,IMG_배송혜택_겨울_A_v1,377,30,24,3143028
2025-01-04,naver_search,NVR_CMP_03_재구매,윈백,VID_적립혜택_겨울_B_v1,477,48,34,2555484
2025-01-04,naver_search,NVR_CMP_03_재구매,윈백,CRS_신상품_겨울_v1,403,43,26,2986265
2025-01-05,googleadwords_int,GGL_CMP_01_플러스가입,논타겟,VID_플러스멤버십_겨울_A_v1,654,65,16,1160026
2025-01-05,googleadwords_int,GGL_CMP_01_플러스가입,논타겟,IMG_플러스멤버십_겨울_B_v1,1194,88,25,1753620
2025-01-05,googleadwords_int,GGL_CMP_01_플러스가입,논타겟,CRS_플러스멤버십_겨울_v1,1172,89,25,1696593
2025-01-05,googleadwords_int,GGL_CMP_01_플러스가입,논타겟,IMG_적립혜택_겨울_v2,1144,105,20,1577432
2025-01-05,googleadwords_int,GGL_CMP_01_플러스가입,유사타겟,VID_플러스멤버십_겨울_A_v1,1146,112,38,2110556
2025-01-05,googleadwords_int,GGL_CMP_01_플러스가입,유사타겟,IMG_플러스멤버십_겨울_B_v1,1503,171,35,3081662
2025-01-05,googleadwords_int,GGL_CMP_01_플러스가입,유사타겟,CRS_플러스멤버십_겨울_v1,1209,104,19,1157749
2025-01-05,googleadwords_int,GGL_CMP_01_플러스가입,유사타겟,IMG_적립혜택_겨울_v2,1506,174,46,2114468
2025-01-05,googleadwords_int,GGL_CMP_02_리타겟팅,리마케팅,VID_할인쿠폰_겨울_A_v1,801,93,34,2450167
2025-01-05,googleadwords_int,GGL_CMP_02_리타겟팅,리마케팅,IMG_할인쿠폰_겨울_B_v1,899,103,38,2948486
2025-01-05,googleadwords_int,GGL_CMP_02_리타겟팅,리마케팅,CRS_특가_겨울_v1,919,77,23,1237814
2025-01-05,googleadwords_int,GGL_CMP_03_첫구매,논타겟,VID_적립혜택_겨울_A_v1,929,93,42,2398188
2025-01-05,googleadwords_int,GGL_CMP_03_첫구매,논타겟,IMG_적립혜택_겨울_B_v1,664,52,15,1110038
2025-01-05,googleadwords_int,GGL_CMP_03_첫구매,논타겟,CRS_할인쿠폰_겨울_v1,852,60,29,1730841
2025-01-05,googleadwords_int,GGL_CMP_03_첫구매,유사타겟,VID_적립혜택_겨울_A_v1,1022,57,21,1820459
2025-01-05,googleadwords_int,GGL_CMP_03_첫구매,유사타겟,IMG_적립혜택_겨울_B_v1,1122,93,36,2002821
2025-01-05,googleadwords_int,GGL_CMP_03_첫구매,유사타겟,CRS_할인쿠폰_겨울_v1,1169,109,51,2468285
2025-01-05,Facebook Ads,META_CMP_01_신규유저,논타겟,VID_플러스멤버십_겨울_A_v1,644,40,8,336702
2025-01-05,Facebook Ads,META_CMP_01_신규유저,논타겟,IMG_적립혜택_겨울_B_v1,517,30,5,369610
2025-01-05,Facebook Ads,META_CMP_01_신규유저,논타겟,CRS_플러스멤버십_겨울_v1,571,39,7,407010
2025-01-05,Facebook Ads,META_CMP_02_룩얼라이크,유사타겟,VID_플러스멤버십_겨울_A_v1,417,37,9,517224
2025-01-05,Facebook Ads,META_CMP_02_룩얼라이크,유사타겟,IMG_할인쿠폰_겨울_B_v1,636,28,6,307729
2025-01-05,Facebook Ads,META_CMP_02_룩얼라이크,유사타겟,CRS_특가_겨울_v1,471,31,9,589086
2025-01-05,Facebook Ads,META_CMP_03_재구매,VIP,IMG_배송혜택_겨울_A_v1,194,7,3,294207
2025-01-05,Facebook Ads,META_CMP_03_재구매,VIP,VID_적립혜택_겨울_B_v1,234,10,3,283045
2025-01-05,Facebook Ads,META_CMP_03_재구매,VIP,CRS_신상품_겨울_v1,180,7,4,386202
2025-01-05,Facebook Ads,META_CMP_03_재구매,윈백,IMG_배송혜택_겨울_A_v1,532,28,12,785298
2025-01-05,Facebook Ads,META_CMP_03_재구매,윈백,VID_적립혜택_겨울_B_v1,277,17,8,552629
2025-01-05,Facebook Ads,META_CMP_03_재구매,윈백,CRS_신상품_겨울_v1,385,14,8,575166
2025-01-05,naver_search,NVR_CMP_01_브랜드KW,논타겟,TXT_플러스멤버십_겨울_A_v1,966,215,96,7105090
2025-01-05,naver_search,NVR_CMP_02_일반KW,논타겟,TXT_할인쿠폰_겨울_A_v1,787,118,67,3886824
2025-01-05,naver_search,NVR_CMP_02_일반KW,논타겟,TXT_플러스멤버십_겨울_B_v1,609,117,47,4836860
2025-01-05,naver_search,NVR_CMP_03_재구매,VIP,IMG_배송혜택_겨울_A_v1,242,18,15,1764854
2025-01-05,naver_search,NVR_CMP_03_재구매,VIP,VID_적립혜택_겨울_B_v1,186,15,14,1452850
2025-01-05,naver_search,NVR_CMP_03_재구매,VIP,CRS_신상품_겨울_v1,254,22,12,988157
2025-01-05,naver_search,NVR_CMP_03_재구매,윈백,IMG_배송혜택_겨울_A_v1,543,44,21,2301747
2025-01-05,naver_search,NVR_CMP_03_재구매,윈백,VID_적립혜택_겨울_B_v1,360,30,19,1370297
2025-01-05,naver_search,NVR_CMP_03_재구매,윈백,CRS_신상품_겨울_v1,221,19,12,1071562
2025-01-06,googleadwords_int,GGL_CMP_01_플러스가입,논타겟,VID_플러스멤버십_겨울_A_v1,1272,106,22,1745720
2025-01-06,googleadwords_int,GGL_CMP_01_플러스가입,논타겟,IMG_플러스멤버십_겨울_B_v1,1387,137,31,1756801
2025-01-06,googleadwords_int,GGL_CMP_01_플러스가입,논타겟,CRS_플러스멤버십_겨울_v1,1663,170,29,1971809
2025-01-06,googleadwords_int,GGL_CMP_01_플러스가입,논타겟,IMG_적립혜택_겨울_v2,1765,137,33,1969884
2025-01-06,googleadwords_int,GGL_CMP_01_플러스가입,유사타겟,VID_플러스멤버십_겨울_A_v1,1625,195,63,3692555
2025-01-06,googleadwords_int,GGL_CMP_01_플러스가입,유사타겟,IMG_플러스멤버십_겨울_B_v1,1356,151,43,2524665
2025-01-06,googleadwords_int,GGL_CMP_01_플러스가입,유사타겟,CRS_플러스멤버십_겨울_v1,813,80,19,1262166
2025-01-06,googleadwords_int,GGL_CMP_01_플러스가입,유사타겟,IMG_적립혜택_겨울_v2,1568,132,32,1992052
2025-01-06,googleadwords_int,GGL_CMP_02_리타겟팅,리마케팅,VID_할인쿠폰_겨울_A_v1,570,57,17,1392418
2025-01-06,googleadwords_int,GGL_CMP_02_리타겟팅,리마케팅,IMG_할인쿠폰_겨울_B_v1,787,92,41,2273608
2025-01-06,googleadwords_int,GGL_CMP_02_리타겟팅,리마케팅,CRS_특가_겨울_v1,959,84,25,1759191
2025-01-06,googleadwords_int,GGL_CMP_03_첫구매,논타겟,VID_적립혜택_겨울_A_v1,1590,127,60,4027848
2025-01-06,googleadwords_int,GGL_CMP_03_첫구매,논타겟,IMG_적립혜택_겨울_B_v1,1510,150,60,4325400
2025-01-06,googleadwords_int,GGL_CMP_03_첫구매,논타겟,CRS_할인쿠폰_겨울_v1,901,79,36,2205237
2025-01-06,googleadwords_int,GGL_CMP_03_첫구매,유사타겟,VID_적립혜택_겨울_A_v1,1630,165,61,4931842
2025-01-06,googleadwords_int,GGL_CMP_03_첫구매,유사타겟,IMG_적립혜택_겨울_B_v1,1084,70,31,2466667
2025-01-06,googleadwords_int,GGL_CMP_03_첫구매,유사타겟,CRS_할인쿠폰_겨울_v1,1514,122,37,2763920
2025-01-06,Facebook Ads,META_CMP_01_신규유저,논타겟,VID_플러스멤버십_겨울_A_v1,706,37,7,451785
2025-01-06,Facebook Ads,META_CMP_01_신규유저,논타겟,IMG_적립혜택_겨울_B_v1,619,35,6,343553
2025-01-06,Facebook Ads,META_CMP_01_신규유저,논타겟,CRS_플러스멤버십_겨울_v1,905,61,9,597961
2025-01-06,Facebook Ads,META_CMP_02_룩얼라이크,유사타겟,VID_플러스멤버십_겨울_A_v1,787,39,10,712253
2025-01-06,Facebook Ads,META_CMP_02_룩얼라이크,유사타겟,IMG_할인쿠폰_겨울_B_v1,667,45,9,525328
2025-01-06,Facebook Ads,META_CMP_02_룩얼라이크,유사타겟,CRS_특가_겨울_v1,467,36,7,495101
2025-01-06,Facebook Ads,META_CMP_03_재구매,VIP,IMG_배송혜택_겨울_A_v1,267,9,3,228161
2025-01-06,Facebook Ads,META_CMP_03_재구매,VIP,VID_적립혜택_겨울_B_v1,270,11,5,425836
2025-01-06,Facebook Ads,META_CMP_03_재구매,VIP,CRS_신상품_겨울_v1,255,9,3,254046
2025-01-06,Facebook Ads,META_CMP_03_재구매,윈백,IMG_배송혜택_겨울_A_v1,344,12,6,764249
2025-01-06,Facebook Ads,META_CMP_03_재구매,윈백,VID_적립혜택_겨울_B_v1,585,38,15,1314148
2025-01-06,Facebook Ads,META_CMP_03_재구매,윈백,CRS_신상품_겨울_v1,260,16,5,622467
2025-01-06,naver_search,NVR_CMP_01_브랜드KW,논타겟,TXT_플러스멤버십_겨울_A_v1,1233,210,108,8149856
2025-01-06,naver_search,NVR_CMP_02_일반KW,논타겟,TXT_할인쿠폰_겨울_A_v1,828,136,53,3384263
2025-01-06,naver_search,NVR_CMP_02_일반KW,논타겟,TXT_플러스멤버십_겨울_B_v1,773,120,34,1753596
2025-01-06,naver_search,NVR_CMP_03_재구매,VIP,IMG_배송혜택_겨울_A_v1,147,11,6,484643
2025-01-06,naver_search,NVR_CMP_03_재구매,VIP,VID_적립혜택_겨울_B_v1,182,15,8,940071
2025-01-06,naver_search,NVR_CMP_03_재구매,VIP,CRS_신상품_겨울_v1,449,30,16,1469373
2025-01-06,naver_search,NVR_CMP_03_재구매,윈백,IMG_배송혜택_겨울_A_v1,459,29,16,1741237
2025-01-06,naver_search,NVR_CMP_03_재구매,윈백,VID_적립혜택_겨울_B_v1,573,60,37,2639991
2025-01-06,naver_search,NVR_CMP_03_재구매,윈백,CRS_신상품_겨울_v1,528,42,34,4124983
2025-01-07,googleadwords_int,GGL_CMP_01_플러스가입,논타겟,VID_플러스멤버십_겨울_A_v1,1096,105,21,1292678
2025-01-07,googleadwords_int,GGL_CMP_01_플러스가입,논타겟,IMG_플러스멤버십_겨울_B_v1,1797,184,37,2548463
2025-01-07,googleadwords_int,GGL_CMP_01_플러스가입,논타겟,CRS_플러스멤버십_겨울_v1,1350,146,43,2168394
2025-01-07,googleadwords_int,GGL_CMP_01_플러스가입,논타겟,IMG_적립혜택_겨울_v2,1941,243,49,4294983
2025-01-07,googleadwords_int,GGL_CMP_01_플러스가입,유사타겟,VID_플러스멤버십_겨울_A_v1,1362,110,39,2233239
2025-01-07,googleadwords_int,GGL_CMP_01_플러스가입,유사타겟,IMG_플러스멤버십_겨울_B_v1,828,84,25,1513905
2025-01-07,googleadwords_int,GGL_CMP_01_플러스가입,유사타겟,CRS_플러스멤버십_겨울_v1,1186,110,22,1715425
2025-01-07,googleadwords_int,GGL_CMP_01_플러스가입,유사타겟,IMG_적립혜택_겨울_v2,1081,106,30,1692085
2025-01-07,googleadwords_int,GGL_CMP_02_리타겟팅,리마케팅,VID_할인쿠폰_겨울_A_v1,1326,96,61,3550397
2025-01-07,googleadwords_int,GGL_CMP_02_리타겟팅,리마케팅,IMG_할인쿠폰_겨울_B_v1,848,78,36,1616237
2025-01-07,googleadwords_int,GGL_CMP_02_리타겟팅,리마케팅,CRS_특가_겨울_v1,1027,100,33,1718609
2025-01-07,googleadwords_int,GGL_CMP_03_첫구매,논타겟,VID_적립혜택_겨울_A_v1,1329,107,49,3239571
2025-01-07,googleadwords_int,GGL_CMP_03_첫구매,논타겟,IMG_적립혜택_겨울_B_v1,1587,135,36,2315578
2025-01-07,googleadwords_int,GGL_CMP_03_첫구매,논타겟,CRS_할인쿠폰_겨울_v1,1237,92,30,1923364
2025-01-07,googleadwords_int,GGL_CMP_03_첫구매,유사타겟,VID_적립혜택_겨울_A_v1,911,67,22,1421225
2025-01-07,googleadwords_int,GGL_CMP_03_첫구매,유사타겟,IMG_적립혜택_겨울_B_v1,1183,82,45,2665842
2025-01-07,googleadwords_int,GGL_CMP_03_첫구매,유사타겟,CRS_할인쿠폰_겨울_v1,1120,76,33,2969426
2025-01-07,Facebook Ads,META_CMP_01_신규유저,논타겟,VID_플러스멤버십_겨울_A_v1,731,26,7,386602
2025-01-07,Facebook Ads,META_CMP_01_신규유저,논타겟,IMG_적립혜택_겨울_B_v1,759,42,9,538047
2025-01-07,Facebook Ads,META_CMP_01_신규유저,논타겟,CRS_플러스멤버십_겨울_v1,571,36,5,251781
2025-01-07,Facebook Ads,META_CMP_02_룩얼라이크,유사타겟,VID_플러스멤버십_겨울_A_v1,645,52,9,397966
2025-01-07,Facebook Ads,META_CMP_02_룩얼라이크,유사타겟,IMG_할인쿠폰_겨울_B_v1,1088,84,28,1259744
2025-01-07,Facebook Ads,META_CMP_02_룩얼라이크,유사타겟,CRS_특가_겨울_v1,878,64,13,572013
2025-01-07,Facebook Ads,META_CMP_03_재구매,VIP,IMG_배송혜택_겨울_A_v1,219,11,6,452518
2025-01-07,Facebook Ads,META_CMP_03_재구매,VIP,VID_적립혜택_겨울_B_v1,285,9,4,327610
2025-01-07,Facebook Ads,META_CMP_03_재구매,VIP,CRS_신상품_겨울_v1,238,10,5,375727
2025-01-07,Facebook Ads,META_CMP_03_재구매,윈백,IMG_배송혜택_겨울_A_v1,434,13,9,501857
2025-01-07,Facebook Ads,META_CMP_03_재구매,윈백,VID_적립혜택_겨울_B_v1,466,19,8,802216
2025-01-07,Facebook Ads,META_CMP_03_재구매,윈백,CRS_신상품_겨울_v1,396,14,5,403373
2025-01-07,naver_search,NVR_CMP_01_브랜드KW,논타겟,TXT_플러스멤버십_겨울_A_v1,1766,252,101,8323070
2025-01-07,naver_search,NVR_CMP_02_일반KW,논타겟,TXT_할인쿠폰_겨울_A_v1,853,79,46,2458054
2025-01-07,naver_search,NVR_CMP_02_일반KW,논타겟,TXT_플러스멤버십_겨울_B_v1,1072,132,65,5019144
2025-01-07,naver_search,NVR_CMP_03_재구매,VIP,IMG_배송혜택_겨울_A_v1,345,23,13,1033388
2025-01-07,naver_search,NVR_CMP_03_재구매,VIP,VID_적립혜택_겨울_B_v1,402,26,16,1996362
2025-01-07,naver_search,NVR_CMP_03_재구매,VIP,CRS_신상품_겨울_v1,390,34,24,1933813
2025-01-07,naver_search,NVR_CMP_03_재구매,윈백,IMG_배송혜택_겨울_A_v1,632,49,38,4811830
2025-01-07,naver_search,NVR_CMP_03_재구매,윈백,VID_적립혜택_겨울_B_v1,253,22,13,1442635
2025-01-07,naver_search,NVR_CMP_03_재구매,윈백,CRS_신상품_겨울_v1,447,36,22,2526185
2025-01-08,googleadwords_int,GGL_CMP_01_플러스가입,논타겟,VID_플러스멤버십_겨울_A_v1,1067,131,41,2048753
2025-01-08,googleadwords_int,GGL_CMP_01_플러스가입,논타겟,IMG_플러스멤버십_겨울_B_v1,1335,125,32,2295035
2025-01-08,googleadwords_int,GGL_CMP_01_플러스가입,논타겟,CRS_플러스멤버십_겨울_v1,1301,132,36,2284864
2025-01-08,googleadwords_int,GGL_CMP_01_플러스가입,논타겟,IMG_적립혜택_겨울_v2,1151,89,21,1167551
2025-01-08,googleadwords_int,GGL_CMP_01_플러스가입,유사타겟,VID_플러스멤버십_겨울_A_v1,1157,88,24,1121830
2025-01-08,googleadwords_int,GGL_CMP_01_플러스가입,유사타겟,IMG_플러스멤버십_겨울_B_v1,1360,139,47,3420974
2025-01-08,googleadwords_int,GGL_CMP_01_플러스가입,유사타겟,CRS_플러스멤버십_겨울_v1,929,104,33,1365692
2025-01-08,googleadwords_int,GGL_CMP_01_플러스가입,유사타겟,IMG_적립혜택_겨울_v2,1127,110,27,1391952
2025-01-08,googleadwords_int,GGL_CMP_02_리타겟팅,리마케팅,VID_할인쿠폰_겨울_A_v1,1131,112,36,2993204
2025-01-08,googleadwords_int,GGL_CMP_02_리타겟팅,리마케팅,IMG_할인쿠폰_겨울_B_v1,823,102,55,2156240
2025-01-08,googleadwords_int,GGL_CMP_02_리타겟팅,리마케팅,CRS_특가_겨울_v1,853,70,39,2371922
2025-01-08,googleadwords_int,GGL_CMP_03_첫구매,논타겟,VID_적립혜택_겨울_A_v1,1360,68,22,1191288
2025-01-08,googleadwords_int,GGL_CMP_03_첫구매,논타겟,IMG_적립혜택_겨울_B_v1,1399,90,39,2764874
2025-01-08,googleadwords_int,GGL_CMP_03_첫구매,논타겟,CRS_할인쿠폰_겨울_v1,1190,76,25,1383990
2025-01-08,googleadwords_int,GGL_CMP_03_첫구매,유사타겟,VID_적립혜택_겨울_A_v1,982,52,27,1852773
2025-01-08,googleadwords_int,GGL_CMP_03_첫구매,유사타겟,IMG_적립혜택_겨울_B_v1,861,55,26,1559170
2025-01-08,googleadwords_int,GGL_CMP_03_첫구매,유사타겟,CRS_할인쿠폰_겨울_v1,1285,130,30,1872339
2025-01-08,Facebook Ads,META_CMP_01_신규유저,논타겟,VID_플러스멤버십_겨울_A_v1,577,34,7,402571
2025-01-08,Facebook Ads,META_CMP_01_신규유저,논타겟,IMG_적립혜택_겨울_B_v1,572,33,5,226386
2025-01-08,Facebook Ads,META_CMP_01_신규유저,논타겟,CRS_플러스멤버십_겨울_v1,521,21,4,165359
2025-01-08,Facebook Ads,META_CMP_02_룩얼라이크,유사타겟,VID_플러스멤버십_겨울_A_v1,550,31,5,248794
2025-01-08,Facebook Ads,META_CMP_02_룩얼라이크,유사타겟,IMG_할인쿠폰_겨울_B_v1,959,84,16,866354
2025-01-08,Facebook Ads,META_CMP_02_룩얼라이크,유사타겟,CRS_특가_겨울_v1,532,41,11,518229
2025-01-08,Facebook Ads,META_CMP_03_재구매,VIP,IMG_배송혜택_겨울_A_v1,246,11,5,531530
2025-01-08,Facebook Ads,META_CMP_03_재구매,VIP,VID_적립혜택_겨울_B_v1,302,17,7,427822
2025-01-08,Facebook Ads,META_CMP_03_재구매,VIP,CRS_신상품_겨울_v1,404,19,6,644083
2025-01-08,Facebook Ads,META_CMP_03_재구매,윈백,IMG_배송혜택_겨울_A_v1,272,12,4,386180
2025-01-08,Facebook Ads,META_CMP_03_재구매,윈백,VID_적립혜택_겨울_B_v1,508,27,16,1210292
2025-01-08,Facebook Ads,META_CMP_03_재구매,윈백,CRS_신상품_겨울_v1,566,24,8,505679
2025-01-08,naver_search,NVR_CMP_01_브랜드KW,논타겟,TXT_플러스멤버십_겨울_A_v1,1160,278,173,12470764
2025-01-08,naver_search,NVR_CMP_02_일반KW,논타겟,TXT_할인쿠폰_겨울_A_v1,878,125,52,4701414
2025-01-08,naver_search,NVR_CMP_02_일반KW,논타겟,TXT_플러스멤버십_겨울_B_v1,958,196,45,4215378
2025-01-08,naver_search,NVR_CMP_03_재구매,VIP,IMG_배송혜택_겨울_A_v1,235,22,15,1262534
2025-01-08,naver_search,NVR_CMP_03_재구매,VIP,VID_적립혜택_겨울_B_v1,185,20,14,1565581
2025-01-08,naver_search,NVR_CMP_03_재구매,VIP,CRS_신상품_겨울_v1,372,24,14,1249266
2025-01-08,naver_search,NVR_CMP_03_재구매,윈백,IMG_배송혜택_겨울_A_v1,361,31,25,1708299
2025-01-08,naver_search,NVR_CMP_03_재구매,윈백,VID_적립혜택_겨울_B_v1,465,34,17,1437074
2025-01-08,naver_search,NVR_CMP_03_재구매,윈백,CRS_신상품_겨울_v1,341,21,14,1573017
2025-01-09,googleadwords_int,GGL_CMP_01_플러스가입,논타겟,VID_플러스멤버십_겨울_A_v1,1513,130,23,1295808
2025-01-09,googleadwords_int,GGL_CMP_01_플러스가입,논타겟,IMG_플러스멤버십_겨울_B_v1,1479,157,31,2403186
2025-01-09,googleadwords_int,GGL_CMP_01_플러스가입,논타겟,CRS_플러스멤버십_겨울_v1,973,119,38,1682071
2025-01-09,googleadwords_int,GGL_CMP_01_플러스가입,논타겟,IMG_적립혜택_겨울_v2,1714,186,44,2848250
2025-01-09,googleadwords_int,GGL_CMP_01_플러스가입,유사타겟,VID_플러스멤버십_겨울_A_v1,1972,223,82,4594795
2025-01-09,googleadwords_int,GGL_CMP_01_플러스가입,유사타겟,IMG_플러스멤버십_겨울_B_v1,2271,208,47,3695505
2025-01-09,googleadwords_int,GGL_CMP_01_플러스가입,유사타겟,CRS_플러스멤버십_겨울_v1,1437,105,27,1736798
2025-01-09,googleadwords_int,GGL_CMP_01_플러스가입,유사타겟,IMG_적립혜택_겨울_v2,1762,182,47,2373423
2025-01-09,googleadwords_int,GGL_CMP_02_리타겟팅,리마케팅,VID_할인쿠폰_겨울_A_v1,819,80,32,1610028
2025-01-09,googleadwords_int,GGL_CMP_02_리타겟팅,리마케팅,IMG_할인쿠폰_겨울_B_v1,701,70,25,1875979
2025-01-09,googleadwords_int,GGL_CMP_02_리타겟팅,리마케팅,CRS_특가_겨울_v1,957,69,32,1592380
2025-01-09,googleadwords_int,GGL_CMP_03_첫구매,논타겟,VID_적립혜택_겨울_A_v1,1490,98,41,2854928
2025-01-09,googleadwords_int,GGL_CMP_03_첫구매,논타겟,IMG_적립혜택_겨울_B_v1,1775,128,46,2824184
2025-01-09,googleadwords_int,GGL_CMP_03_첫구매,논타겟,CRS_할인쿠폰_겨울_v1,779,73,20,1555327
2025-01-09,googleadwords_int,GGL_CMP_03_첫구매,유사타겟,VID_적립혜택_겨울_A_v1,1301,85,27,1790476
2025-01-09,googleadwords_int,GGL_CMP_03_첫구매,유사타겟,IMG_적립혜택_겨울_B_v1,1182,111,40,2433772
2025-01-09,googleadwords_int,GGL_CMP_03_첫구매,유사타겟,CRS_할인쿠폰_겨울_v1,1572,98,33,2342009
2025-01-09,Facebook Ads,META_CMP_01_신규유저,논타겟,VID_플러스멤버십_겨울_A_v1,474,33,6,371409
2025-01-09,Facebook Ads,META_CMP_01_신규유저,논타겟,IMG_적립혜택_겨울_B_v1,519,39,7,278958
2025-01-09,Facebook Ads,META_CMP_01_신규유저,논타겟,CRS_플러스멤버십_겨울_v1,736,37,4,307818
2025-01-09,Facebook Ads,META_CMP_02_룩얼라이크,유사타겟,VID_플러스멤버십_겨울_A_v1,783,60,18,1096014
2025-01-09,Facebook Ads,META_CMP_02_룩얼라이크,유사타겟,IMG_할인쿠폰_겨울_B_v1,799,52,11,507646
2025-01-09,Facebook Ads,META_CMP_02_룩얼라이크,유사타겟,CRS_특가_겨울_v1,654,56,16,936584
2025-01-09,Facebook Ads,META_CMP_03_재구매,VIP,IMG_배송혜택_겨울_A_v1,157,6,3,234610
2025-01-09,Facebook Ads,META_CMP_03_재구매,VIP,VID_적립혜택_겨울_B_v1,273,17,6,451077
2025-01-09,Facebook Ads,META_CMP_03_재구매,VIP,CRS_신상품_겨울_v1,352,20,8,969365
2025-01-09,Facebook Ads,META_CMP_03_재구매,윈백,IMG_배송혜택_겨울_A_v1,280,15,9,625411
2025-01-09,Facebook Ads,META_CMP_03_재구매,윈백,VID_적립혜택_겨울_B_v1,372,13,4,419060
2025-01-09,Facebook Ads,META_CMP_03_재구매,윈백,CRS_신상품_겨울_v1,337,14,9,578128
2025-01-09,naver_search,NVR_CMP_01_브랜드KW,논타겟,TXT_플러스멤버십_겨울_A_v1,1224,267,137,9791236
2025-01-09,naver_search,NVR_CMP_02_일반KW,논타겟,TXT_할인쿠폰_겨울_A_v1,797,90,34,2614667
2025-01-09,naver_search,NVR_CMP_02_일반KW,논타겟,TXT_플러스멤버십_겨울_B_v1,1034,108,58,4085008
2025-01-09,naver_search,NVR_CMP_03_재구매,VIP,IMG_배송혜택_겨울_A_v1,365,24,19,1297234
2025-01-09,naver_search,NVR_CMP_03_재구매,VIP,VID_적립혜택_겨울_B_v1,403,24,18,1514200
2025-01-09,naver_search,NVR_CMP_03_재구매,VIP,CRS_신상품_겨울_v1,352,29,25,1806632
2025-01-09,naver_search,NVR_CMP_03_재구매,윈백,IMG_배송혜택_겨울_A_v1,404,26,13,1219985
2025-01-09,naver_search,NVR_CMP_03_재구매,윈백,VID_적립혜택_겨울_B_v1,284,22,19,1650524
2025-01-09,naver_search,NVR_CMP_03_재구매,윈백,CRS_신상품_겨울_v1,403,33,30,1963564
2025-01-10,googleadwords_int,GGL_CMP_01_플러스가입,논타겟,VID_플러스멤버십_겨울_A_v1,1001,81,21,1800085
2025-01-10,googleadwords_int,GGL_CMP_01_플러스가입,논타겟,IMG_플러스멤버십_겨울_B_v1,1239,111,30,2147294
2025-01-10,googleadwords_int,GGL_CMP_01_플러스가입,논타겟,CRS_플러스멤버십_겨울_v1,1098,97,34,2004933
2025-01-10,googleadwords_int,GGL_CMP_01_플러스가입,논타겟,IMG_적립혜택_겨울_v2,1185,97,29,1975432
2025-01-10,googleadwords_int,GGL_CMP_01_플러스가입,유사타겟,VID_플러스멤버십_겨울_A_v1,961,100,51,2326671
2025-01-10,googleadwords_int,GGL_CMP_01_플러스가입,유사타겟,IMG_플러스멤버십_겨울_B_v1,1062,136,53,3077758
2025-01-10,googleadwords_int,GGL_CMP_01_플러스가입,유사타겟,CRS_플러스멤버십_겨울_v1,1611,172,60,3135984
2025-01-10,googleadwords_int,GGL_CMP_01_플러스가입,유사타겟,IMG_적립혜택_겨울_v2,1379,95,47,3117477
2025-01-10,googleadwords_int,GGL_CMP_02_리타겟팅,리마케팅,VID_할인쿠폰_겨울_A_v1,983,110,57,3360367
2025-01-10,googleadwords_int,GGL_CMP_02_리타겟팅,리마케팅,IMG_할인쿠폰_겨울_B_v1,795,70,33,2249562
2025-01-10,googleadwords_int,GGL_CMP_02_리타겟팅,리마케팅,CRS_특가_겨울_v1,979,69,48,3831760
2025-01-10,googleadwords_int,GGL_CMP_03_첫구매,논타겟,VID_적립혜택_겨울_A_v1,1447,112,69,4265808
2025-01-10,googleadwords_int,GGL_CMP_03_첫구매,논타겟,IMG_적립혜택_겨울_B_v1,1335,132,51,2416941
2025-01-10,googleadwords_int,GGL_CMP_03_첫구매,논타겟,CRS_할인쿠폰_겨울_v1,1123,72,40,3491921
2025-01-10,googleadwords_int,GGL_CMP_03_첫구매,유사타겟,VID_적립혜택_겨울_A_v1,1510,123,71,5081628
2025-01-10,googleadwords_int,GGL_CMP_03_첫구매,유사타겟,IMG_적립혜택_겨울_B_v1,1929,161,90,5514386
2025-01-10,googleadwords_int,GGL_CMP_03_첫구매,유사타겟,CRS_할인쿠폰_겨울_v1,1700,114,93,7382258
2025-01-10,Facebook Ads,META_CMP_01_신규유저,논타겟,VID_플러스멤버십_겨울_A_v1,484,35,11,555495
2025-01-10,Facebook Ads,META_CMP_01_신규유저,논타겟,IMG_적립혜택_겨울_B_v1,588,30,8,427856
2025-01-10,Facebook Ads,META_CMP_01_신규유저,논타겟,CRS_플러스멤버십_겨울_v1,635,34,10,576910
2025-01-10,Facebook Ads,META_CMP_02_룩얼라이크,유사타겟,VID_플러스멤버십_겨울_A_v1,745,46,12,473623
2025-01-10,Facebook Ads,META_CMP_02_룩얼라이크,유사타겟,IMG_할인쿠폰_겨울_B_v1,478,42,9,713535
2025-01-10,Facebook Ads,META_CMP_02_룩얼라이크,유사타겟,CRS_특가_겨울_v1,1004,64,19,1256022
2025-01-10,Facebook Ads,META_CMP_03_재구매,VIP,IMG_배송혜택_겨울_A_v1,308,14,10,587084
2025-01-10,Facebook Ads,META_CMP_03_재구매,VIP,VID_적립혜택_겨울_B_v1,408,22,17,1127733
2025-01-10,Facebook Ads,META_CMP_03_재구매,VIP,CRS_신상품_겨울_v1,238,9,4,391857
2025-01-10,Facebook Ads,META_CMP_03_재구매,윈백,IMG_배송혜택_겨울_A_v1,322,14,6,443931
2025-01-10,Facebook Ads,META_CMP_03_재구매,윈백,VID_적립혜택_겨울_B_v1,444,23,15,987394
2025-01-10,Facebook Ads,META_CMP_03_재구매,윈백,CRS_신상품_겨울_v1,332,14,7,612243
2025-01-10,naver_search,NVR_CMP_01_브랜드KW,논타겟,TXT_플러스멤버십_겨울_A_v1,1737,413,312,25879843
2025-01-10,naver_search,NVR_CMP_02_일반KW,논타겟,TXT_할인쿠폰_겨울_A_v1,1102,145,69,4719718
2025-01-10,naver_search,NVR_CMP_02_일반KW,논타겟,TXT_플러스멤버십_겨울_B_v1,625,82,39,2792886
2025-01-10,naver_search,NVR_CMP_03_재구매,VIP,IMG_배송혜택_겨울_A_v1,236,25,25,1827921
2025-01-10,naver_search,NVR_CMP_03_재구매,VIP,VID_적립혜택_겨울_B_v1,373,23,26,2175817
2025-01-10,naver_search,NVR_CMP_03_재구매,VIP,CRS_신상품_겨울_v1,235,20,19,1885321
2025-01-10,naver_search,NVR_CMP_03_재구매,윈백,IMG_배송혜택_겨울_A_v1,561,60,37,4049478
2025-01-10,naver_search,NVR_CMP_03_재구매,윈백,VID_적립혜택_겨울_B_v1,509,47,49,4482118
2025-01-10,naver_search,NVR_CMP_03_재구매,윈백,CRS_신상품_겨울_v1,474,57,57,6089080
2025-01-11,googleadwords_int,GGL_CMP_01_플러스가입,논타겟,VID_플러스멤버십_겨울_A_v1,584,65,18,1014045
2025-01-11,googleadwords_int,GGL_CMP_01_플러스가입,논타겟,IMG_플러스멤버십_겨울_B_v1,1084,105,32,1685296
2025-01-11,googleadwords_int,GGL_CMP_01_플러스가입,논타겟,CRS_플러스멤버십_겨울_v1,1597,191,40,1882376
2025-01-11,googleadwords_int,GGL_CMP_01_플러스가입,논타겟,IMG_적립혜택_겨울_v2,874,100,29,1777678
2025-01-11,googleadwords_int,GGL_CMP_01_플러스가입,유사타겟,VID_플러스멤버십_겨울_A_v1,951,104,17,1001246
2025-01-11,googleadwords_int,GGL_CMP_01_플러스가입,유사타겟,IMG_플러스멤버십_겨울_B_v1,930,84,22,1315762
2025-01-11,googleadwords_int,GGL_CMP_01_플러스가입,유사타겟,CRS_플러스멤버십_겨울_v1,928,76,27,1172358
2025-01-11,googleadwords_int,GGL_CMP_01_플러스가입,유사타겟,IMG_적립혜택_겨울_v2,1099,131,38,2113604
2025-01-11,googleadwords_int,GGL_CMP_02_리타겟팅,리마케팅,VID_할인쿠폰_겨울_A_v1,757,64,28,1772115
2025-01-11,googleadwords_int,GGL_CMP_02_리타겟팅,리마케팅,IMG_할인쿠폰_겨울_B_v1,1065,100,45,2182204
2025-01-11,googleadwords_int,GGL_CMP_02_리타겟팅,리마케팅,CRS_특가_겨울_v1,671,62,23,1163794
2025-01-11,googleadwords_int,GGL_CMP_03_첫구매,논타겟,VID_적립혜택_겨울_A_v1,903,100,33,2107125
2025-01-11,googleadwords_int,GGL_CMP_03_첫구매,논타겟,IMG_적립혜택_겨울_B_v1,780,54,25,1769970
2025-01-11,googleadwords_int,GGL_CMP_03_첫구매,논타겟,CRS_할인쿠폰_겨울_v1,995,75,29,2283525
2025-01-11,googleadwords_int,GGL_CMP_03_첫구매,유사타겟,VID_적립혜택_겨울_A_v1,661,60,16,954076
2025-01-11,googleadwords_int,GGL_CMP_03_첫구매,유사타겟,IMG_적립혜택_겨울_B_v1,591,36,8,662878
2025-01-11,googleadwords_int,GGL_CMP_03_첫구매,유사타겟,CRS_할인쿠폰_겨울_v1,550,63,24,1530575
2025-01-11,Facebook Ads,META_CMP_01_신규유저,논타겟,VID_플러스멤버십_겨울_A_v1,344,27,4,210066
2025-01-11,Facebook Ads,META_CMP_01_신규유저,논타겟,IMG_적립혜택_겨울_B_v1,422,23,4,228498
2025-01-11,Facebook Ads,META_CMP_01_신규유저,논타겟,CRS_플러스멤버십_겨울_v1,578,24,4,195400
2025-01-11,Facebook Ads,META_CMP_02_룩얼라이크,유사타겟,VID_플러스멤버십_겨울_A_v1,410,29,7,478086
2025-01-11,Facebook Ads,META_CMP_02_룩얼라이크,유사타겟,IMG_할인쿠폰_겨울_B_v1,388,32,9,453119
2025-01-11,Facebook Ads,META_CMP_02_룩얼라이크,유사타겟,CRS_특가_겨울_v1,322,16,4,235642
2025-01-11,Facebook Ads,META_CMP_03_재구매,VIP,IMG_배송혜택_겨울_A_v1,241,7,3,329317
2025-01-11,Facebook Ads,META_CMP_03_재구매,VIP,VID_적립혜택_겨울_B_v1,216,8,3,251744
2025-01-11,Facebook Ads,META_CMP_03_재구매,VIP,CRS_신상품_겨울_v1,198,8,3,271758
2025-01-11,Facebook Ads,META_CMP_03_재구매,윈백,IMG_배송혜택_겨울_A_v1,367,15,6,392745
2025-01-11,Facebook Ads,META_CMP_03_재구매,윈백,VID_적립혜택_겨울_B_v1,284,10,5,398256
2025-01-11,Facebook Ads,META_CMP_03_재구매,윈백,CRS_신상품_겨울_v1,430,22,11,839547
2025-01-11,naver_search,NVR_CMP_01_브랜드KW,논타겟,TXT_플러스멤버십_겨울_A_v1,750,128,45,3492510
2025-01-11,naver_search,NVR_CMP_02_일반KW,논타겟,TXT_할인쿠폰_겨울_A_v1,407,75,31,2118548
2025-01-11,naver_search,NVR_CMP_02_일반KW,논타겟,TXT_플러스멤버십_겨울_B_v1,416,60,30,1700093
2025-01-11,naver_search,NVR_CMP_03_재구매,VIP,IMG_배송혜택_겨울_A_v1,276,25,11,935773
2025-01-11,naver_search,NVR_CMP_03_재구매,VIP,VID_적립혜택_겨울_B_v1,326,31,28,2452509
2025-01-11,naver_search,NVR_CMP_03_재구매,VIP,CRS_신상품_겨울_v1,237,14,5,609799
2025-01-11,naver_search,NVR_CMP_03_재구매,윈백,IMG_배송혜택_겨울_A_v1,475,51,23,2287338
2025-01-11,naver_search,NVR_CMP_03_재구매,윈백,VID_적립혜택_겨울_B_v1,343,23,18,2166137
2025-01-11,naver_search,NVR_CMP_03_재구매,윈백,CRS_신상품_겨울_v1,343,28,19,1506243
2025-01-12,googleadwords_int,GGL_CMP_01_플러스가입,논타겟,VID_플러스멤버십_겨울_A_v1,1282,109,27,1708429
2025-01-12,googleadwords_int,GGL_CMP_01_플러스가입,논타겟,IMG_플러스멤버십_겨울_B_v1,1246,128,25,1646552
2025-01-12,googleadwords_int,GGL_CMP_01_플러스가입,논타겟,CRS_플러스멤버십_겨울_v1,967,85,23,1642281
2025-01-12,googleadwords_int,GGL_CMP_01_플러스가입,논타겟,IMG_적립혜택_겨울_v2,969,88,22,1208343
2025-01-12,googleadwords_int,GGL_CMP_01_플러스가입,유사타겟,VID_플러스멤버십_겨울_A_v1,910,122,24,1233123
2025-01-12,googleadwords_int,GGL_CMP_01_플러스가입,유사타겟,IMG_플러스멤버십_겨울_B_v1,714,78,12,1044984
2025-01-12,googleadwords_int,GGL_CMP_01_플러스가입,유사타겟,CRS_플러스멤버십_겨울_v1,1643,193,56,3344636
2025-01-12,googleadwords_int,GGL_CMP_01_플러스가입,유사타겟,IMG_적립혜택_겨울_v2,889,102,28,1317937
2025-01-12,googleadwords_int,GGL_CMP_02_리타겟팅,리마케팅,VID_할인쿠폰_겨울_A_v1,444,47,19,1093533
2025-01-12,googleadwords_int,GGL_CMP_02_리타겟팅,리마케팅,IMG_할인쿠폰_겨울_B_v1,884,92,37,2399954
2025-01-12,googleadwords_int,GGL_CMP_02_리타겟팅,리마케팅,CRS_특가_겨울_v1,741,84,26,1353933
2025-01-12,googleadwords_int,GGL_CMP_03_첫구매,논타겟,VID_적립혜택_겨울_A_v1,942,83,26,1774224
2025-01-12,googleadwords_int,GGL_CMP_03_첫구매,논타겟,IMG_적립혜택_겨울_B_v1,1110,92,32,1651646
2025-01-12,googleadwords_int,GGL_CMP_03_첫구매,논타겟,CRS_할인쿠폰_겨울_v1,647,41,11,614826
2025-01-12,googleadwords_int,GGL_CMP_03_첫구매,유사타겟,VID_적립혜택_겨울_A_v1,928,80,22,1836266
2025-01-12,googleadwords_int,GGL_CMP_03_첫구매,유사타겟,IMG_적립혜택_겨울_B_v1,846,88,36,2028170
2025-01-12,googleadwords_int,GGL_CMP_03_첫구매,유사타겟,CRS_할인쿠폰_겨울_v1,1028,71,26,2052427
2025-01-12,Facebook Ads,META_CMP_01_신규유저,논타겟,VID_플러스멤버십_겨울_A_v1,411,23,3,132362
2025-01-12,Facebook Ads,META_CMP_01_신규유저,논타겟,IMG_적립혜택_겨울_B_v1,394,16,2,160498
2025-01-12,Facebook Ads,META_CMP_01_신규유저,논타겟,CRS_플러스멤버십_겨울_v1,427,25,4,210195
2025-01-12,Facebook Ads,META_CMP_02_룩얼라이크,유사타겟,VID_플러스멤버십_겨울_A_v1,718,59,10,540162
2025-01-12,Facebook Ads,META_CMP_02_룩얼라이크,유사타겟,IMG_할인쿠폰_겨울_B_v1,289,21,4,157062
2025-01-12,Facebook Ads,META_CMP_02_룩얼라이크,유사타겟,CRS_특가_겨울_v1,405,26,6,447502
2025-01-12,Facebook Ads,META_CMP_03_재구매,VIP,IMG_배송혜택_겨울_A_v1,197,7,2,134696
2025-01-12,Facebook Ads,META_CMP_03_재구매,VIP,VID_적립혜택_겨울_B_v1,198,9,4,305026
2025-01-12,Facebook Ads,META_CMP_03_재구매,VIP,CRS_신상품_겨울_v1,234,9,4,282758
2025-01-12,Facebook Ads,META_CMP_03_재구매,윈백,IMG_배송혜택_겨울_A_v1,331,12,4,335421
2025-01-12,Facebook Ads,META_CMP_03_재구매,윈백,VID_적립혜택_겨울_B_v1,273,13,6,490924
2025-01-12,Facebook Ads,META_CMP_03_재구매,윈백,CRS_신상품_겨울_v1,466,25,7,579857
2025-01-12,naver_search,NVR_CMP_01_브랜드KW,논타겟,TXT_플러스멤버십_겨울_A_v1,1293,304,139,10945161
2025-01-12,naver_search,NVR_CMP_02_일반KW,논타겟,TXT_할인쿠폰_겨울_A_v1,653,109,28,1932327
2025-01-12,naver_search,NVR_CMP_02_일반KW,논타겟,TXT_플러스멤버십_겨울_B_v1,886,85,33,1893703
2025-01-12,naver_search,NVR_CMP_03_재구매,VIP,IMG_배송혜택_겨울_A_v1,127,12,6,668901
2025-01-12,naver_search,NVR_CMP_03_재구매,VIP,VID_적립혜택_겨울_B_v1,223,14,12,832074
2025-01-12,naver_search,NVR_CMP_03_재구매,VIP,CRS_신상품_겨울_v1,222,13,10,981748
2025-01-12,naver_search,NVR_CMP_03_재구매,윈백,IMG_배송혜택_겨울_A_v1,372,33,22,1729239
2025-01-12,naver_search,NVR_CMP_03_재구매,윈백,VID_적립혜택_겨울_B_v1,455,31,24,2885643
2025-01-12,naver_search,NVR_CMP_03_재구매,윈백,CRS_신상품_겨울_v1,585,52,40,2882901
2025-01-13,googleadwords_int,GGL_CMP_01_플러스가입,논타겟,VID_플러스멤버십_겨울_A_v1,1545,186,36,2188278
2025-01-13,googleadwords_int,GGL_CMP_01_플러스가입,논타겟,IMG_플러스멤버십_겨울_B_v1,1144,179,37,2142351
2025-01-13,googleadwords_int,GGL_CMP_01_플러스가입,논타겟,CRS_플러스멤버십_겨울_v1,1594,188,42,2667390
2025-01-13,googleadwords_int,GGL_CMP_01_플러스가입,논타겟,IMG_적립혜택_겨울_v2,1345,158,44,2633887
2025-01-13,googleadwords_int,GGL_CMP_01_플러스가입,유사타겟,VID_플러스멤버십_겨울_A_v1,1206,153,27,1681362
2025-01-13,googleadwords_int,GGL_CMP_01_플러스가입,유사타겟,IMG_플러스멤버십_겨울_B_v1,931,104,25,1680930
2025-01-13,googleadwords_int,GGL_CMP_01_플러스가입,유사타겟,CRS_플러스멤버십_겨울_v1,1951,233,62,4390996
2025-01-13,googleadwords_int,GGL_CMP_01_플러스가입,유사타겟,IMG_적립혜택_겨울_v2,1067,142,33,1989941
2025-01-13,googleadwords_int,GGL_CMP_02_리타겟팅,리마케팅,VID_할인쿠폰_겨울_A_v1,1144,137,49,3026883
2025-01-13,googleadwords_int,GGL_CMP_02_리타겟팅,리마케팅,IMG_할인쿠폰_겨울_B_v1,642,52,22,1453871
2025-01-13,googleadwords_int,GGL_CMP_02_리타겟팅,리마케팅,CRS_특가_겨울_v1,616,46,15,762894
2025-01-13,googleadwords_int,GGL_CMP_03_첫구매,논타겟,VID_적립혜택_겨울_A_v1,1246,73,35,2338114
2025-01-13,googleadwords_int,GGL_CMP_03_첫구매,논타겟,IMG_적립혜택_겨울_B_v1,1205,78,29,2101495
2025-01-13,googleadwords_int,GGL_CMP_03_첫구매,논타겟,CRS_할인쿠폰_겨울_v1,1666,104,31,2433395
2025-01-13,googleadwords_int,GGL_CMP_03_첫구매,유사타겟,VID_적립혜택_겨울_A_v1,658,74,28,2444818
2025-01-13,googleadwords_int,GGL_CMP_03_첫구매,유사타겟,IMG_적립혜택_겨울_B_v1,738,50,16,1120832
2025-01-13,googleadwords_int,GGL_CMP_03_첫구매,유사타겟,CRS_할인쿠폰_겨울_v1,977,56,13,977401
2025-01-13,Facebook Ads,META_CMP_01_신규유저,논타겟,VID_플러스멤버십_겨울_A_v1,381,32,7,388630
2025-01-13,Facebook Ads,META_CMP_01_신규유저,논타겟,IMG_적립혜택_겨울_B_v1,709,40,10,577796
2025-01-13,Facebook Ads,META_CMP_01_신규유저,논타겟,CRS_플러스멤버십_겨울_v1,367,19,4,154149
2025-01-13,Facebook Ads,META_CMP_02_룩얼라이크,유사타겟,VID_플러스멤버십_겨울_A_v1,930,56,19,1117224
2025-01-13,Facebook Ads,META_CMP_02_룩얼라이크,유사타겟,IMG_할인쿠폰_겨울_B_v1,687,35,6,426142
2025-01-13,Facebook Ads,META_CMP_02_룩얼라이크,유사타겟,CRS_특가_겨울_v1,665,43,11,507981
2025-01-13,Facebook Ads,META_CMP_03_재구매,VIP,IMG_배송혜택_겨울_A_v1,254,10,6,476584
2025-01-13,Facebook Ads,META_CMP_03_재구매,VIP,VID_적립혜택_겨울_B_v1,367,16,8,693543
2025-01-13,Facebook Ads,META_CMP_03_재구매,VIP,CRS_신상품_겨울_v1,309,18,8,678286
2025-01-13,Facebook Ads,META_CMP_03_재구매,윈백,IMG_배송혜택_겨울_A_v1,412,16,8,613340
2025-01-13,Facebook Ads,META_CMP_03_재구매,윈백,VID_적립혜택_겨울_B_v1,437,24,6,467971
2025-01-13,Facebook Ads,META_CMP_03_재구매,윈백,CRS_신상품_겨울_v1,521,30,9,803147
2025-01-13,naver_search,NVR_CMP_01_브랜드KW,논타겟,TXT_플러스멤버십_겨울_A_v1,894,145,87,5932489
2025-01-13,naver_search,NVR_CMP_02_일반KW,논타겟,TXT_할인쿠폰_겨울_A_v1,1085,183,58,4471187
2025-01-13,naver_search,NVR_CMP_02_일반KW,논타겟,TXT_플러스멤버십_겨울_B_v1,1085,154,48,2681897
2025-01-13,naver_search,NVR_CMP_03_재구매,VIP,IMG_배송혜택_겨울_A_v1,291,26,11,1583976
2025-01-13,naver_search,NVR_CMP_03_재구매,VIP,VID_적립혜택_겨울_B_v1,412,34,19,1699866
2025-01-13,naver_search,NVR_CMP_03_재구매,VIP,CRS_신상품_겨울_v1,258,26,19,1614226
2025-01-13,naver_search,NVR_CMP_03_재구매,윈백,IMG_배송혜택_겨울_A_v1,546,63,36,3320790
2025-01-13,naver_search,NVR_CMP_03_재구매,윈백,VID_적립혜택_겨울_B_v1,481,43,28,2160005
2025-01-13,naver_search,NVR_CMP_03_재구매,윈백,CRS_신상품_겨울_v1,309,18,15,1476901
2025-01-14,googleadwords_int,GGL_CMP_01_플러스가입,논타겟,VID_플러스멤버십_겨울_A_v1,1445,114,31,1767358
2025-01-14,googleadwords_int,GGL_CMP_01_플러스가입,논타겟,IMG_플러스멤버십_겨울_B_v1,834,55,20,1047154
2025-01-14,googleadwords_int,GGL_CMP_01_플러스가입,논타겟,CRS_플러스멤버십_겨울_v1,1103,106,33,2184370
2025-01-14,googleadwords_int,GGL_CMP_01_플러스가입,논타겟,IMG_적립혜택_겨울_v2,1303,127,28,1303991
2025-01-14,googleadwords_int,GGL_CMP_01_플러스가입,유사타겟,VID_플러스멤버십_겨울_A_v1,1261,148,42,2933299
2025-01-14,googleadwords_int,GGL_CMP_01_플러스가입,유사타겟,IMG_플러스멤버십_겨울_B_v1,1485,204,53,2846685
2025-01-14,googleadwords_int,GGL_CMP_01_플러스가입,유사타겟,CRS_플러스멤버십_겨울_v1,1133,131,36,1445594
2025-01-14,googleadwords_int,GGL_CMP_01_플러스가입,유사타겟,IMG_적립혜택_겨울_v2,1049,126,41,3173472
2025-01-14,googleadwords_int,GGL_CMP_02_리타겟팅,리마케팅,VID_할인쿠폰_겨울_A_v1,596,58,27,1513561
2025-01-14,googleadwords_int,GGL_CMP_02_리타겟팅,리마케팅,IMG_할인쿠폰_겨울_B_v1,1313,109,41,2188656
2025-01-14,googleadwords_int,GGL_CMP_02_리타겟팅,리마케팅,CRS_특가_겨울_v1,1110,116,46,2771506
2025-01-14,googleadwords_int,GGL_CMP_03_첫구매,논타겟,VID_적립혜택_겨울_A_v1,1339,79,39,2487625
2025-01-14,googleadwords_int,GGL_CMP_03_첫구매,논타겟,IMG_적립혜택_겨울_B_v1,1181,122,47,2925799
2025-01-14,googleadwords_int,GGL_CMP_03_첫구매,논타겟,CRS_할인쿠폰_겨울_v1,854,58,18,1153835
2025-01-14,googleadwords_int,GGL_CMP_03_첫구매,유사타겟,VID_적립혜택_겨울_A_v1,1718,120,39,2477280
2025-01-14,googleadwords_int,GGL_CMP_03_첫구매,유사타겟,IMG_적립혜택_겨울_B_v1,1524,129,68,5140125
2025-01-14,googleadwords_int,GGL_CMP_03_첫구매,유사타겟,CRS_할인쿠폰_겨울_v1,1353,142,53,4238697
2025-01-14,Facebook Ads,META_CMP_01_신규유저,논타겟,VID_플러스멤버십_겨울_A_v1,578,31,8,391491
2025-01-14,Facebook Ads,META_CMP_01_신규유저,논타겟,IMG_적립혜택_겨울_B_v1,362,15,3,144548
2025-01-14,Facebook Ads,META_CMP_01_신규유저,논타겟,CRS_플러스멤버십_겨울_v1,602,24,6,304773
2025-01-14,Facebook Ads,META_CMP_02_룩얼라이크,유사타겟,VID_플러스멤버십_겨울_A_v1,404,22,4,248061
2025-01-14,Facebook Ads,META_CMP_02_룩얼라이크,유사타겟,IMG_할인쿠폰_겨울_B_v1,923,57,21,1290665
2025-01-14,Facebook Ads,META_CMP_02_룩얼라이크,유사타겟,CRS_특가_겨울_v1,633,55,12,601183
2025-01-14,Facebook Ads,META_CMP_03_재구매,VIP,IMG_배송혜택_겨울_A_v1,263,16,9,676265
2025-01-14,Facebook Ads,META_CMP_03_재구매,VIP,VID_적립혜택_겨울_B_v1,261,8,3,288011
2025-01-14,Facebook Ads,META_CMP_03_재구매,VIP,CRS_신상품_겨울_v1,253,12,6,584003
2025-01-14,Facebook Ads,META_CMP_03_재구매,윈백,IMG_배송혜택_겨울_A_v1,474,28,10,812580
2025-01-14,Facebook Ads,META_CMP_03_재구매,윈백,VID_적립혜택_겨울_B_v1,435,23,11,984652
2025-01-14,Facebook Ads,META_CMP_03_재구매,윈백,CRS_신상품_겨울_v1,439,15,7,690215
2025-01-14,naver_search,NVR_CMP_01_브랜드KW,논타겟,TXT_플러스멤버십_겨울_A_v1,870,202,92,6404109
2025-01-14,naver_search,NVR_CMP_02_일반KW,논타겟,TXT_할인쿠폰_겨울_A_v1,1213,138,35,1948649
2025-01-14,naver_search,NVR_CMP_02_일반KW,논타겟,TXT_플러스멤버십_겨울_B_v1,931,150,56,4056894
2025-01-14,naver_search,NVR_CMP_03_재구매,VIP,IMG_배송혜택_겨울_A_v1,239,17,12,1436180
2025-01-14,naver_search,NVR_CMP_03_재구매,VIP,VID_적립혜택_겨울_B_v1,256,26,12,942286
2025-01-14,naver_search,NVR_CMP_03_재구매,VIP,CRS_신상품_겨울_v1,284,21,12,1543329
2025-01-14,naver_search,NVR_CMP_03_재구매,윈백,IMG_배송혜택_겨울_A_v1,505,30,22,2210125
2025-01-14,naver_search,NVR_CMP_03_재구매,윈백,VID_적립혜택_겨울_B_v1,453,41,27,2468145
2025-01-14,naver_search,NVR_CMP_03_재구매,윈백,CRS_신상품_겨울_v1,754,65,35,4183181
2025-01-15,googleadwords_int,GGL_CMP_01_플러스가입,논타겟,VID_플러스멤버십_겨울_A_v1,1160,101,26,1487460
2025-01-15,googleadwords_int,GGL_CMP_01_플러스가입,논타겟,IMG_플러스멤버십_겨울_B_v1,1592,195,62,2790029
2025-01-15,googleadwords_int,GGL_CMP_01_플러스가입,논타겟,CRS_플러스멤버십_겨울_v1,1020,70,31,2462834
2025-01-15,googleadwords_int,GGL_CMP_01_플러스가입,논타겟,IMG_적립혜택_겨울_v2,1371,118,59,2436017
2025-01-15,googleadwords_int,GGL_CMP_01_플러스가입,유사타겟,VID_플러스멤버십_겨울_A_v1,1668,176,59,4209005
2025-01-15,googleadwords_int,GGL_CMP_01_플러스가입,유사타겟,IMG_플러스멤버십_겨울_B_v1,1369,191,72,4418597
2025-01-15,googleadwords_int,GGL_CMP_01_플러스가입,유사타겟,CRS_플러스멤버십_겨울_v1,1323,114,33,1828875
2025-01-15,googleadwords_int,GGL_CMP_01_플러스가입,유사타겟,IMG_적립혜택_겨울_v2,1529,115,54,2697252
2025-01-15,googleadwords_int,GGL_CMP_02_리타겟팅,리마케팅,VID_할인쿠폰_겨울_A_v1,899,95,64,3729239
2025-01-15,googleadwords_int,GGL_CMP_02_리타겟팅,리마케팅,IMG_할인쿠폰_겨울_B_v1,886,89,64,4775133
2025-01-15,googleadwords_int,GGL_CMP_02_리타겟팅,리마케팅,CRS_특가_겨울_v1,828,98,40,2001556
2025-01-15,googleadwords_int,GGL_CMP_03_첫구매,논타겟,VID_적립혜택_겨울_A_v1,779,76,45,2964626
2025-01-15,googleadwords_int,GGL_CMP_03_첫구매,논타겟,IMG_적립혜택_겨울_B_v1,1254,122,59,5145762
2025-01-15,googleadwords_int,GGL_CMP_03_첫구매,논타겟,CRS_할인쿠폰_겨울_v1,1785,112,54,4233247
2025-01-15,googleadwords_int,GGL_CMP_03_첫구매,유사타겟,VID_적립혜택_겨울_A_v1,1351,79,60,3253228
2025-01-15,googleadwords_int,GGL_CMP_03_첫구매,유사타겟,IMG_적립혜택_겨울_B_v1,1069,98,36,2594750
2025-01-15,googleadwords_int,GGL_CMP_03_첫구매,유사타겟,CRS_할인쿠폰_겨울_v1,1183,114,42,3407934
2025-01-15,Facebook Ads,META_CMP_01_신규유저,논타겟,VID_플러스멤버십_겨울_A_v1,847,68,20,928546
2025-01-15,Facebook Ads,META_CMP_01_신규유저,논타겟,IMG_적립혜택_겨울_B_v1,544,35,9,640764
2025-01-15,Facebook Ads,META_CMP_01_신규유저,논타겟,CRS_플러스멤버십_겨울_v1,621,48,9,444585
2025-01-15,Facebook Ads,META_CMP_02_룩얼라이크,유사타겟,VID_플러스멤버십_겨울_A_v1,493,45,16,704758
2025-01-15,Facebook Ads,META_CMP_02_룩얼라이크,유사타겟,IMG_할인쿠폰_겨울_B_v1,621,43,11,543868
2025-01-15,Facebook Ads,META_CMP_02_룩얼라이크,유사타겟,CRS_특가_겨울_v1,676,53,12,568994
2025-01-15,Facebook Ads,META_CMP_03_재구매,VIP,IMG_배송혜택_겨울_A_v1,265,15,7,384257
2025-01-15,Facebook Ads,META_CMP_03_재구매,VIP,VID_적립혜택_겨울_B_v1,233,7,4,430325
2025-01-15,Facebook Ads,META_CMP_03_재구매,VIP,CRS_신상품_겨울_v1,214,9,6,429228
2025-01-15,Facebook Ads,META_CMP_03_재구매,윈백,IMG_배송혜택_겨울_A_v1,611,34,25,2143854
2025-01-15,Facebook Ads,META_CMP_03_재구매,윈백,VID_적립혜택_겨울_B_v1,449,24,19,1168669
2025-01-15,Facebook Ads,META_CMP_03_재구매,윈백,CRS_신상품_겨울_v1,333,11,6,467243
2025-01-15,naver_search,NVR_CMP_01_브랜드KW,논타겟,TXT_플러스멤버십_겨울_A_v1,1037,191,135,13423342
2025-01-15,naver_search,NVR_CMP_02_일반KW,논타겟,TXT_할인쿠폰_겨울_A_v1,1207,160,51,3351917
2025-01-15,naver_search,NVR_CMP_02_일반KW,논타겟,TXT_플러스멤버십_겨울_B_v1,1057,191,107,6929039
2025-01-15,naver_search,NVR_CMP_03_재구매,VIP,IMG_배송혜택_겨울_A_v1,226,13,15,1294817
2025-01-15,naver_search,NVR_CMP_03_재구매,VIP,VID_적립혜택_겨울_B_v1,226,17,18,1681181
2025-01-15,naver_search,NVR_CMP_03_재구매,VIP,CRS_신상품_겨울_v1,199,16,18,1402382
2025-01-15,naver_search,NVR_CMP_03_재구매,윈백,IMG_배송혜택_겨울_A_v1,390,39,26,3631868
2025-01-15,naver_search,NVR_CMP_03_재구매,윈백,VID_적립혜택_겨울_B_v1,633,47,46,3212573
2025-01-15,naver_search,NVR_CMP_03_재구매,윈백,CRS_신상품_겨울_v1,511,60,60,4959415
2025-01-16,googleadwords_int,GGL_CMP_01_플러스가입,논타겟,VID_플러스멤버십_겨울_A_v1,1723,193,53,2975440
2025-01-16,googleadwords_int,GGL_CMP_01_플러스가입,논타겟,IMG_플러스멤버십_겨울_B_v1,1912,127,39,1945249
2025-01-16,googleadwords_int,GGL_CMP_01_플러스가입,논타겟,CRS_플러스멤버십_겨울_v1,977,125,32,2366979
2025-01-16,googleadwords_int,GGL_CMP_01_플러스가입,논타겟,IMG_적립혜택_겨울_v2,1331,162,33,1905896
2025-01-16,googleadwords_int,GGL_CMP_01_플러스가입,유사타겟,VID_플러스멤버십_겨울_A_v1,943,120,31,2249360
2025-01-16,googleadwords_int,GGL_CMP_01_플러스가입,유사타겟,IMG_플러스멤버십_겨울_B_v1,1349,95,24,1320293
2025-01-16,googleadwords_int,GGL_CMP_01_플러스가입,유사타겟,CRS_플러스멤버십_겨울_v1,1341,86,30,2126845
2025-01-16,googleadwords_int,GGL_CMP_01_플러스가입,유사타겟,IMG_적립혜택_겨울_v2,1093,72,20,1180887
2025-01-16,googleadwords_int,GGL_CMP_02_리타겟팅,리마케팅,VID_할인쿠폰_겨울_A_v1,1369,103,58,2734570
2025-01-16,googleadwords_int,GGL_CMP_02_리타겟팅,리마케팅,IMG_할인쿠폰_겨울_B_v1,725,68,21,1566508
2025-01-16,googleadwords_int,GGL_CMP_02_리타겟팅,리마케팅,CRS_특가_겨울_v1,1570,168,68,4172186
2025-01-16,googleadwords_int,GGL_CMP_03_첫구매,논타겟,VID_적립혜택_겨울_A_v1,1230,112,38,3595767
2025-01-16,googleadwords_int,GGL_CMP_03_첫구매,논타겟,IMG_적립혜택_겨울_B_v1,942,84,29,2103265
2025-01-16,googleadwords_int,GGL_CMP_03_첫구매,논타겟,CRS_할인쿠폰_겨울_v1,1330,122,37,2496392
2025-01-16,googleadwords_int,GGL_CMP_03_첫구매,유사타겟,VID_적립혜택_겨울_A_v1,1194,68,28,2347127
2025-01-16,googleadwords_int,GGL_CMP_03_첫구매,유사타겟,IMG_적립혜택_겨울_B_v1,1296,91,38,3068020
2025-01-16,googleadwords_int,GGL_CMP_03_첫구매,유사타겟,CRS_할인쿠폰_겨울_v1,757,52,15,1096657
2025-01-16,Facebook Ads,META_CMP_01_신규유저,논타겟,VID_플러스멤버십_겨울_A_v1,482,38,7,345071
2025-01-16,Facebook Ads,META_CMP_01_신규유저,논타겟,IMG_적립혜택_겨울_B_v1,971,71,13,550022
2025-01-16,Facebook Ads,META_CMP_01_신규유저,논타겟,CRS_플러스멤버십_겨울_v1,763,55,12,779461
2025-01-16,Facebook Ads,META_CMP_02_룩얼라이크,유사타겟,VID_플러스멤버십_겨울_A_v1,774,44,9,493711
2025-01-16,Facebook Ads,META_CMP_02_룩얼라이크,유사타겟,IMG_할인쿠폰_겨울_B_v1,666,35,8,392241
2025-01-16,Facebook Ads,META_CMP_02_룩얼라이크,유사타겟,CRS_특가_겨울_v1,489,34,6,267189
2025-01-16,Facebook Ads,META_CMP_03_재구매,VIP,IMG_배송혜택_겨울_A_v1,315,16,7,545103
2025-01-16,Facebook Ads,META_CMP_03_재구매,VIP,VID_적립혜택_겨울_B_v1,200,10,5,449331
2025-01-16,Facebook Ads,META_CMP_03_재구매,VIP,CRS_신상품_겨울_v1,301,14,8,728007
2025-01-16,Facebook Ads,META_CMP_03_재구매,윈백,IMG_배송혜택_겨울_A_v1,363,14,7,638384
2025-01-16,Facebook Ads,META_CMP_03_재구매,윈백,VID_적립혜택_겨울_B_v1,544,30,13,1039275
2025-01-16,Facebook Ads,META_CMP_03_재구매,윈백,CRS_신상품_겨울_v1,438,21,11,865156
2025-01-16,naver_search,NVR_CMP_01_브랜드KW,논타겟,TXT_플러스멤버십_겨울_A_v1,1233,178,67,4782753
2025-01-16,naver_search,NVR_CMP_02_일반KW,논타겟,TXT_할인쿠폰_겨울_A_v1,1110,143,46,3722947
2025-01-16,naver_search,NVR_CMP_02_일반KW,논타겟,TXT_플러스멤버십_겨울_B_v1,1132,191,67,4762615
2025-01-16,naver_search,NVR_CMP_03_재구매,VIP,IMG_배송혜택_겨울_A_v1,257,16,10,968115
2025-01-16,naver_search,NVR_CMP_03_재구매,VIP,VID_적립혜택_겨울_B_v1,292,31,17,1889298
2025-01-16,naver_search,NVR_CMP_03_재구매,VIP,CRS_신상품_겨울_v1,267,23,12,1199752
2025-01-16,naver_search,NVR_CMP_03_재구매,윈백,IMG_배송혜택_겨울_A_v1,465,45,24,2789021
2025-01-16,naver_search,NVR_CMP_03_재구매,윈백,VID_적립혜택_겨울_B_v1,374,22,21,2117348
2025-01-16,naver_search,NVR_CMP_03_재구매,윈백,CRS_신상품_겨울_v1,283,18,11,1486617
2025-01-17,googleadwords_int,GGL_CMP_01_플러스가입,논타겟,VID_플러스멤버십_겨울_A_v1,999,115,41,3243061
2025-01-17,googleadwords_int,GGL_CMP_01_플러스가입,논타겟,IMG_플러스멤버십_겨울_B_v1,1165,124,27,1289993
2025-01-17,googleadwords_int,GGL_CMP_01_플러스가입,논타겟,CRS_플러스멤버십_겨울_v1,1365,137,46,2131466
2025-01-17,googleadwords_int,GGL_CMP_01_플러스가입,논타겟,IMG_적립혜택_겨울_v2,1109,90,17,1563828
2025-01-17,googleadwords_int,GGL_CMP_01_플러스가입,유사타겟,VID_플러스멤버십_겨울_A_v1,1629,141,34,1600741
2025-01-17,googleadwords_int,GGL_CMP_01_플러스가입,유사타겟,IMG_플러스멤버십_겨울_B_v1,1244,109,17,1560301
2025-01-17,googleadwords_int,GGL_CMP_01_플러스가입,유사타겟,CRS_플러스멤버십_겨울_v1,1035,121,20,1271198
2025-01-17,googleadwords_int,GGL_CMP_01_플러스가입,유사타겟,IMG_적립혜택_겨울_v2,1244,133,36,2384867
2025-01-17,googleadwords_int,GGL_CMP_02_리타겟팅,리마케팅,VID_할인쿠폰_겨울_A_v1,1245,144,64,3796940
2025-01-17,googleadwords_int,GGL_CMP_02_리타겟팅,리마케팅,IMG_할인쿠폰_겨울_B_v1,1008,76,32,2114988
2025-01-17,googleadwords_int,GGL_CMP_02_리타겟팅,리마케팅,CRS_특가_겨울_v1,1414,140,58,3715257
2025-01-17,googleadwords_int,GGL_CMP_03_첫구매,논타겟,VID_적립혜택_겨울_A_v1,1276,96,34,1666161
2025-01-17,googleadwords_int,GGL_CMP_03_첫구매,논타겟,IMG_적립혜택_겨울_B_v1,1405,107,40,2294743
2025-01-17,googleadwords_int,GGL_CMP_03_첫구매,논타겟,CRS_할인쿠폰_겨울_v1,1441,131,49,2606632
2025-01-17,googleadwords_int,GGL_CMP_03_첫구매,유사타겟,VID_적립혜택_겨울_A_v1,1528,107,47,3245057
2025-01-17,googleadwords_int,GGL_CMP_03_첫구매,유사타겟,IMG_적립혜택_겨울_B_v1,691,44,17,975022
2025-01-17,googleadwords_int,GGL_CMP_03_첫구매,유사타겟,CRS_할인쿠폰_겨울_v1,1108,62,26,1888392
2025-01-17,Facebook Ads,META_CMP_01_신규유저,논타겟,VID_플러스멤버십_겨울_A_v1,383,30,6,422955
2025-01-17,Facebook Ads,META_CMP_01_신규유저,논타겟,IMG_적립혜택_겨울_B_v1,525,38,6,328375
2025-01-17,Facebook Ads,META_CMP_01_신규유저,논타겟,CRS_플러스멤버십_겨울_v1,639,37,8,476768
2025-01-17,Facebook Ads,META_CMP_02_룩얼라이크,유사타겟,VID_플러스멤버십_겨울_A_v1,795,62,10,781576
2025-01-17,Facebook Ads,META_CMP_02_룩얼라이크,유사타겟,IMG_할인쿠폰_겨울_B_v1,557,41,7,510596
2025-01-17,Facebook Ads,META_CMP_02_룩얼라이크,유사타겟,CRS_특가_겨울_v1,759,40,5,407764
2025-01-17,Facebook Ads,META_CMP_03_재구매,VIP,IMG_배송혜택_겨울_A_v1,300,14,7,594397
2025-01-17,Facebook Ads,META_CMP_03_재구매,VIP,VID_적립혜택_겨울_B_v1,189,11,3,260817
2025-01-17,Facebook Ads,META_CMP_03_재구매,VIP,CRS_신상품_겨울_v1,287,11,5,421637
2025-01-17,Facebook Ads,META_CMP_03_재구매,윈백,IMG_배송혜택_겨울_A_v1,432,22,8,507391
2025-01-17,Facebook Ads,META_CMP_03_재구매,윈백,VID_적립혜택_겨울_B_v1,412,21,7,676183
2025-01-17,Facebook Ads,META_CMP_03_재구매,윈백,CRS_신상품_겨울_v1,369,12,8,715277
2025-01-17,naver_search,NVR_CMP_01_브랜드KW,논타겟,TXT_플러스멤버십_겨울_A_v1,1297,323,169,13238216
2025-01-17,naver_search,NVR_CMP_02_일반KW,논타겟,TXT_할인쿠폰_겨울_A_v1,873,119,37,2007359
2025-01-17,naver_search,NVR_CMP_02_일반KW,논타겟,TXT_플러스멤버십_겨울_B_v1,1003,192,62,4141096
2025-01-17,naver_search,NVR_CMP_03_재구매,VIP,IMG_배송혜택_겨울_A_v1,313,18,16,1573439
2025-01-17,naver_search,NVR_CMP_03_재구매,VIP,VID_적립혜택_겨울_B_v1,298,18,20,1763596
2025-01-17,naver_search,NVR_CMP_03_재구매,VIP,CRS_신상품_겨울_v1,351,33,18,1729809
2025-01-17,naver_search,NVR_CMP_03_재구매,윈백,IMG_배송혜택_겨울_A_v1,682,68,45,2961602
2025-01-17,naver_search,NVR_CMP_03_재구매,윈백,VID_적립혜택_겨울_B_v1,565,56,43,5165596
2025-01-17,naver_search,NVR_CMP_03_재구매,윈백,CRS_신상품_겨울_v1,665,42,17,1955768
2025-01-18,googleadwords_int,GGL_CMP_01_플러스가입,논타겟,VID_플러스멤버십_겨울_A_v1,1039,86,23,1648506
2025-01-18,googleadwords_int,GGL_CMP_01_플러스가입,논타겟,IMG_플러스멤버십_겨울_B_v1,1138,138,26,1827625
2025-01-18,googleadwords_int,GGL_CMP_01_플러스가입,논타겟,CRS_플러스멤버십_겨울_v1,1091,135,29,2296694
2025-01-18,googleadwords_int,GGL_CMP_01_플러스가입,논타겟,IMG_적립혜택_겨울_v2,1054,79,21,1435589
2025-01-18,googleadwords_int,GGL_CMP_01_플러스가입,유사타겟,VID_플러스멤버십_겨울_A_v1,855,123,26,2084387
2025-01-18,googleadwords_int,GGL_CMP_01_플러스가입,유사타겟,IMG_플러스멤버십_겨울_B_v1,1133,80,28,1661808
2025-01-18,googleadwords_int,GGL_CMP_01_플러스가입,유사타겟,CRS_플러스멤버십_겨울_v1,757,71,18,1195068
2025-01-18,googleadwords_int,GGL_CMP_01_플러스가입,유사타겟,IMG_적립혜택_겨울_v2,747,77,21,1441208
2025-01-18,googleadwords_int,GGL_CMP_02_리타겟팅,리마케팅,VID_할인쿠폰_겨울_A_v1,607,78,35,2784159
2025-01-18,googleadwords_int,GGL_CMP_02_리타겟팅,리마케팅,IMG_할인쿠폰_겨울_B_v1,757,61,36,2500643
2025-01-18,googleadwords_int,GGL_CMP_02_리타겟팅,리마케팅,CRS_특가_겨울_v1,707,65,27,1310380
2025-01-18,googleadwords_int,GGL_CMP_03_첫구매,논타겟,VID_적립혜택_겨울_A_v1,1314,126,59,3819463
2025-01-18,googleadwords_int,GGL_CMP_03_첫구매,논타겟,IMG_적립혜택_겨울_B_v1,1326,123,51,3747350
2025-01-18,googleadwords_int,GGL_CMP_03_첫구매,논타겟,CRS_할인쿠폰_겨울_v1,888,98,44,2288995
2025-01-18,googleadwords_int,GGL_CMP_03_첫구매,유사타겟,VID_적립혜택_겨울_A_v1,1324,83,36,2394144
2025-01-18,googleadwords_int,GGL_CMP_03_첫구매,유사타겟,IMG_적립혜택_겨울_B_v1,978,90,34,2321934
2025-01-18,googleadwords_int,GGL_CMP_03_첫구매,유사타겟,CRS_할인쿠폰_겨울_v1,784,49,18,1863766
2025-01-18,Facebook Ads,META_CMP_01_신규유저,논타겟,VID_플러스멤버십_겨울_A_v1,507,36,4,307117
2025-01-18,Facebook Ads,META_CMP_01_신규유저,논타겟,IMG_적립혜택_겨울_B_v1,660,29,4,282344
2025-01-18,Facebook Ads,META_CMP_01_신규유저,논타겟,CRS_플러스멤버십_겨울_v1,427,28,8,300341
2025-01-18,Facebook Ads,META_CMP_02_룩얼라이크,유사타겟,VID_플러스멤버십_겨울_A_v1,634,45,8,595838
2025-01-18,Facebook Ads,META_CMP_02_룩얼라이크,유사타겟,IMG_할인쿠폰_겨울_B_v1,619,55,12,661047
2025-01-18,Facebook Ads,META_CMP_02_룩얼라이크,유사타겟,CRS_특가_겨울_v1,488,26,6,298487
2025-01-18,Facebook Ads,META_CMP_03_재구매,VIP,IMG_배송혜택_겨울_A_v1,169,11,5,292537
2025-01-18,Facebook Ads,META_CMP_03_재구매,VIP,VID_적립혜택_겨울_B_v1,121,4,0,52606
2025-01-18,Facebook Ads,META_CMP_03_재구매,VIP,CRS_신상품_겨울_v1,123,4,2,162178
2025-01-18,Facebook Ads,META_CMP_03_재구매,윈백,IMG_배송혜택_겨울_A_v1,331,17,7,475555
2025-01-18,Facebook Ads,META_CMP_03_재구매,윈백,VID_적립혜택_겨울_B_v1,388,14,7,420186
2025-01-18,Facebook Ads,META_CMP_03_재구매,윈백,CRS_신상품_겨울_v1,515,26,13,1111073
2025-01-18,naver_search,NVR_CMP_01_브랜드KW,논타겟,TXT_플러스멤버십_겨울_A_v1,598,85,34,3153002
2025-01-18,naver_search,NVR_CMP_02_일반KW,논타겟,TXT_할인쿠폰_겨울_A_v1,721,70,23,1587403
2025-01-18,naver_search,NVR_CMP_02_일반KW,논타겟,TXT_플러스멤버십_겨울_B_v1,1013,183,58,3385049
2025-01-18,naver_search,NVR_CMP_03_재구매,VIP,IMG_배송혜택_겨울_A_v1,265,25,20,2036940
2025-01-18,naver_search,NVR_CMP_03_재구매,VIP,VID_적립혜택_겨울_B_v1,244,23,14,1473130
2025-01-18,naver_search,NVR_CMP_03_재구매,VIP,CRS_신상품_겨울_v1,261,18,16,1413338
2025-01-18,naver_search,NVR_CMP_03_재구매,윈백,IMG_배송혜택_겨울_A_v1,287,29,15,1643391
2025-01-18,naver_search,NVR_CMP_03_재구매,윈백,VID_적립혜택_겨울_B_v1,540,53,38,3808755
2025-01-18,naver_search,NVR_CMP_03_재구매,윈백,CRS_신상품_겨울_v1,451,35,21,1635497
2025-01-19,googleadwords_int,GGL_CMP_01_플러스가입,논타겟,VID_플러스멤버십_겨울_A_v1,567,43,9,703446
2025-01-19,googleadwords_int,GGL_CMP_01_플러스가입,논타겟,IMG_플러스멤버십_겨울_B_v1,802,83,16,889257
2025-01-19,googleadwords_int,GGL_CMP_01_플러스가입,논타겟,CRS_플러스멤버십_겨울_v1,1159,147,39,2329328
2025-01-19,googleadwords_int,GGL_CMP_01_플러스가입,논타겟,IMG_적립혜택_겨울_v2,1317,175,33,1341920
2025-01-19,googleadwords_int,GGL_CMP_01_플러스가입,유사타겟,VID_플러스멤버십_겨울_A_v1,855,92,22,1304958
2025-01-19,googleadwords_int,GGL_CMP_01_플러스가입,유사타겟,IMG_플러스멤버십_겨울_B_v1,1076,135,35,1934671
2025-01-19,googleadwords_int,GGL_CMP_01_플러스가입,유사타겟,CRS_플러스멤버십_겨울_v1,891,86,18,1425068
2025-01-19,googleadwords_int,GGL_CMP_01_플러스가입,유사타겟,IMG_적립혜택_겨울_v2,1190,80,15,1287065
2025-01-19,googleadwords_int,GGL_CMP_02_리타겟팅,리마케팅,VID_할인쿠폰_겨울_A_v1,436,50,24,1713704
2025-01-19,googleadwords_int,GGL_CMP_02_리타겟팅,리마케팅,IMG_할인쿠폰_겨울_B_v1,727,82,28,1712863
2025-01-19,googleadwords_int,GGL_CMP_02_리타겟팅,리마케팅,CRS_특가_겨울_v1,1049,96,35,2245010
2025-01-19,googleadwords_int,GGL_CMP_03_첫구매,논타겟,VID_적립혜택_겨울_A_v1,1072,77,17,1358071
2025-01-19,googleadwords_int,GGL_CMP_03_첫구매,논타겟,IMG_적립혜택_겨울_B_v1,578,53,21,1107855
2025-01-19,googleadwords_int,GGL_CMP_03_첫구매,논타겟,CRS_할인쿠폰_겨울_v1,1270,73,17,1329384
2025-01-19,googleadwords_int,GGL_CMP_03_첫구매,유사타겟,VID_적립혜택_겨울_A_v1,686,50,26,1859442
2025-01-19,googleadwords_int,GGL_CMP_03_첫구매,유사타겟,IMG_적립혜택_겨울_B_v1,1042,74,30,2108300
2025-01-19,googleadwords_int,GGL_CMP_03_첫구매,유사타겟,CRS_할인쿠폰_겨울_v1,928,57,15,1458084
2025-01-19,Facebook Ads,META_CMP_01_신규유저,논타겟,VID_플러스멤버십_겨울_A_v1,438,25,6,312643
2025-01-19,Facebook Ads,META_CMP_01_신규유저,논타겟,IMG_적립혜택_겨울_B_v1,536,47,9,483270
2025-01-19,Facebook Ads,META_CMP_01_신규유저,논타겟,CRS_플러스멤버십_겨울_v1,430,29,6,373926
2025-01-19,Facebook Ads,META_CMP_02_룩얼라이크,유사타겟,VID_플러스멤버십_겨울_A_v1,405,21,5,279773
2025-01-19,Facebook Ads,META_CMP_02_룩얼라이크,유사타겟,IMG_할인쿠폰_겨울_B_v1,397,29,6,419320
2025-01-19,Facebook Ads,META_CMP_02_룩얼라이크,유사타겟,CRS_특가_겨울_v1,530,44,12,617089
2025-01-19,Facebook Ads,META_CMP_03_재구매,VIP,IMG_배송혜택_겨울_A_v1,195,11,4,388509
2025-01-19,Facebook Ads,META_CMP_03_재구매,VIP,VID_적립혜택_겨울_B_v1,271,14,7,647684
2025-01-19,Facebook Ads,META_CMP_03_재구매,VIP,CRS_신상품_겨울_v1,151,6,2,239884
2025-01-19,Facebook Ads,META_CMP_03_재구매,윈백,IMG_배송혜택_겨울_A_v1,310,12,4,326108
2025-01-19,Facebook Ads,META_CMP_03_재구매,윈백,VID_적립혜택_겨울_B_v1,420,14,8,429051
2025-01-19,Facebook Ads,META_CMP_03_재구매,윈백,CRS_신상품_겨울_v1,208,7,2,141313
2025-01-19,naver_search,NVR_CMP_01_브랜드KW,논타겟,TXT_플러스멤버십_겨울_A_v1,787,118,57,4389136
2025-01-19,naver_search,NVR_CMP_02_일반KW,논타겟,TXT_할인쿠폰_겨울_A_v1,436,57,20,1788709
2025-01-19,naver_search,NVR_CMP_02_일반KW,논타겟,TXT_플러스멤버십_겨울_B_v1,697,78,32,2132655
2025-01-19,naver_search,NVR_CMP_03_재구매,VIP,IMG_배송혜택_겨울_A_v1,238,13,10,830499
2025-01-19,naver_search,NVR_CMP_03_재구매,VIP,VID_적립혜택_겨울_B_v1,221,16,8,645263
2025-01-19,naver_search,NVR_CMP_03_재구매,VIP,CRS_신상품_겨울_v1,274,28,17,1359310
2025-01-19,naver_search,NVR_CMP_03_재구매,윈백,IMG_배송혜택_겨울_A_v1,431,31,17,1408864
2025-01-19,naver_search,NVR_CMP_03_재구매,윈백,VID_적립혜택_겨울_B_v1,407,28,19,1778531
2025-01-19,naver_search,NVR_CMP_03_재구매,윈백,CRS_신상품_겨울_v1,372,38,26,1794988
2025-01-20,googleadwords_int,GGL_CMP_01_플러스가입,논타겟,VID_플러스멤버십_겨울_A_v1,1805,177,68,4207175
2025-01-20,googleadwords_int,GGL_CMP_01_플러스가입,논타겟,IMG_플러스멤버십_겨울_B_v1,1444,180,35,2076724
2025-01-20,googleadwords_int,GGL_CMP_01_플러스가입,논타겟,CRS_플러스멤버십_겨울_v1,1653,110,28,1901840
2025-01-20,googleadwords_int,GGL_CMP_01_플러스가입,논타겟,IMG_적립혜택_겨울_v2,1353,114,26,2212760
2025-01-20,googleadwords_int,GGL_CMP_01_플러스가입,유사타겟,VID_플러스멤버십_겨울_A_v1,1599,170,44,2507878
2025-01-20,googleadwords_int,GGL_CMP_01_플러스가입,유사타겟,IMG_플러스멤버십_겨울_B_v1,826,77,19,1246578
2025-01-20,googleadwords_int,GGL_CMP_01_플러스가입,유사타겟,CRS_플러스멤버십_겨울_v1,1605,188,37,3456484
2025-01-20,googleadwords_int,GGL_CMP_01_플러스가입,유사타겟,IMG_적립혜택_겨울_v2,1785,217,46,2687067
2025-01-20,googleadwords_int,GGL_CMP_02_리타겟팅,리마케팅,VID_할인쿠폰_겨울_A_v1,908,80,27,1497848
2025-01-20,googleadwords_int,GGL_CMP_02_리타겟팅,리마케팅,IMG_할인쿠폰_겨울_B_v1,666,60,26,1311155
2025-01-20,googleadwords_int,GGL_CMP_02_리타겟팅,리마케팅,CRS_특가_겨울_v1,789,69,28,1285424
2025-01-20,googleadwords_int,GGL_CMP_03_첫구매,논타겟,VID_적립혜택_겨울_A_v1,1458,123,39,1695365
2025-01-20,googleadwords_int,GGL_CMP_03_첫구매,논타겟,IMG_적립혜택_겨울_B_v1,1253,86,32,1773967
2025-01-20,googleadwords_int,GGL_CMP_03_첫구매,논타겟,CRS_할인쿠폰_겨울_v1,1078,99,41,1987899
2025-01-20,googleadwords_int,GGL_CMP_03_첫구매,유사타겟,VID_적립혜택_겨울_A_v1,1353,113,32,2257368
2025-01-20,googleadwords_int,GGL_CMP_03_첫구매,유사타겟,IMG_적립혜택_겨울_B_v1,1063,67,28,1700277
2025-01-20,googleadwords_int,GGL_CMP_03_첫구매,유사타겟,CRS_할인쿠폰_겨울_v1,1114,88,30,2441206
2025-01-20,Facebook Ads,META_CMP_01_신규유저,논타겟,VID_플러스멤버십_겨울_A_v1,422,30,3,182808
2025-01-20,Facebook Ads,META_CMP_01_신규유저,논타겟,IMG_적립혜택_겨울_B_v1,678,35,7,440263
2025-01-20,Facebook Ads,META_CMP_01_신규유저,논타겟,CRS_플러스멤버십_겨울_v1,795,38,7,459494
2025-01-20,Facebook Ads,META_CMP_02_룩얼라이크,유사타겟,VID_플러스멤버십_겨울_A_v1,643,43,12,774231
2025-01-20,Facebook Ads,META_CMP_02_룩얼라이크,유사타겟,IMG_할인쿠폰_겨울_B_v1,477,26,4,187654
2025-01-20,Facebook Ads,META_CMP_02_룩얼라이크,유사타겟,CRS_특가_겨울_v1,433,30,7,424064
2025-01-20,Facebook Ads,META_CMP_03_재구매,VIP,IMG_배송혜택_겨울_A_v1,206,11,4,365902
2025-01-20,Facebook Ads,META_CMP_03_재구매,VIP,VID_적립혜택_겨울_B_v1,416,28,16,808283
2025-01-20,Facebook Ads,META_CMP_03_재구매,VIP,CRS_신상품_겨울_v1,234,13,5,342973
2025-01-20,Facebook Ads,META_CMP_03_재구매,윈백,IMG_배송혜택_겨울_A_v1,310,16,9,918632
2025-01-20,Facebook Ads,META_CMP_03_재구매,윈백,VID_적립혜택_겨울_B_v1,364,20,9,735655
2025-01-20,Facebook Ads,META_CMP_03_재구매,윈백,CRS_신상품_겨울_v1,573,20,9,839848
2025-01-20,naver_search,NVR_CMP_01_브랜드KW,논타겟,TXT_플러스멤버십_겨울_A_v1,1246,336,158,14286101
2025-01-20,naver_search,NVR_CMP_02_일반KW,논타겟,TXT_할인쿠폰_겨울_A_v1,817,108,47,2766627
2025-01-20,naver_search,NVR_CMP_02_일반KW,논타겟,TXT_플러스멤버십_겨울_B_v1,735,104,36,2077149
2025-01-20,naver_search,NVR_CMP_03_재구매,VIP,IMG_배송혜택_겨울_A_v1,268,15,9,740676
2025-01-20,naver_search,NVR_CMP_03_재구매,VIP,VID_적립혜택_겨울_B_v1,296,26,22,2719516
2025-01-20,naver_search,NVR_CMP_03_재구매,VIP,CRS_신상품_겨울_v1,318,30,18,1878566
2025-01-20,naver_search,NVR_CMP_03_재구매,윈백,IMG_배송혜택_겨울_A_v1,477,39,34,3215923
2025-01-20,naver_search,NVR_CMP_03_재구매,윈백,VID_적립혜택_겨울_B_v1,446,32,18,2236126
2025-01-20,naver_search,NVR_CMP_03_재구매,윈백,CRS_신상품_겨울_v1,397,33,19,1955463
2025-01-21,googleadwords_int,GGL_CMP_01_플러스가입,논타겟,VID_플러스멤버십_겨울_A_v1,1177,97,32,1915318
2025-01-21,googleadwords_int,GGL_CMP_01_플러스가입,논타겟,IMG_플러스멤버십_겨울_B_v1,1480,152,35,1424794
2025-01-21,googleadwords_int,GGL_CMP_01_플러스가입,논타겟,CRS_플러스멤버십_겨울_v1,1022,141,30,1549022
2025-01-21,googleadwords_int,GGL_CMP_01_플러스가입,논타겟,IMG_적립혜택_겨울_v2,1110,106,21,1745994
2025-01-21,googleadwords_int,GGL_CMP_01_플러스가입,유사타겟,VID_플러스멤버십_겨울_A_v1,1002,134,25,1345527
2025-01-21,googleadwords_int,GGL_CMP_01_플러스가입,유사타겟,IMG_플러스멤버십_겨울_B_v1,1746,186,46,2359439
2025-01-21,googleadwords_int,GGL_CMP_01_플러스가입,유사타겟,CRS_플러스멤버십_겨울_v1,1698,194,47,3399598
2025-01-21,googleadwords_int,GGL_CMP_01_플러스가입,유사타겟,IMG_적립혜택_겨울_v2,1447,178,34,2038934
2025-01-21,googleadwords_int,GGL_CMP_02_리타겟팅,리마케팅,VID_할인쿠폰_겨울_A_v1,862,111,37,3099490
2025-01-21,googleadwords_int,GGL_CMP_02_리타겟팅,리마케팅,IMG_할인쿠폰_겨울_B_v1,1433,112,63,4746191
2025-01-21,googleadwords_int,GGL_CMP_02_리타겟팅,리마케팅,CRS_특가_겨울_v1,943,93,35,1895849
2025-01-21,googleadwords_int,GGL_CMP_03_첫구매,논타겟,VID_적립혜택_겨울_A_v1,1482,87,36,2531687
2025-01-21,googleadwords_int,GGL_CMP_03_첫구매,논타겟,IMG_적립혜택_겨울_B_v1,1258,114,55,3298700
2025-01-21,googleadwords_int,GGL_CMP_03_첫구매,논타겟,CRS_할인쿠폰_겨울_v1,842,67,24,1314742
2025-01-21,googleadwords_int,GGL_CMP_03_첫구매,유사타겟,VID_적립혜택_겨울_A_v1,1663,138,54,4302251
2025-01-21,googleadwords_int,GGL_CMP_03_첫구매,유사타겟,IMG_적립혜택_겨울_B_v1,1679,141,37,1945148
2025-01-21,googleadwords_int,GGL_CMP_03_첫구매,유사타겟,CRS_할인쿠폰_겨울_v1,1098,105,43,2615063
2025-01-21,Facebook Ads,META_CMP_01_신규유저,논타겟,VID_플러스멤버십_겨울_A_v1,503,31,7,347181
2025-01-21,Facebook Ads,META_CMP_01_신규유저,논타겟,IMG_적립혜택_겨울_B_v1,507,20,5,281283
2025-01-21,Facebook Ads,META_CMP_01_신규유저,논타겟,CRS_플러스멤버십_겨울_v1,810,60,15,983090
2025-01-21,Facebook Ads,META_CMP_02_룩얼라이크,유사타겟,VID_플러스멤버십_겨울_A_v1,902,61,14,748997
2025-01-21,Facebook Ads,META_CMP_02_룩얼라이크,유사타겟,IMG_할인쿠폰_겨울_B_v1,671,46,9,485634
2025-01-21,Facebook Ads,META_CMP_02_룩얼라이크,유사타겟,CRS_특가_겨울_v1,744,55,13,577473
2025-01-21,Facebook Ads,META_CMP_03_재구매,VIP,IMG_배송혜택_겨울_A_v1,236,15,8,537472
2025-01-21,Facebook Ads,META_CMP_03_재구매,VIP,VID_적립혜택_겨울_B_v1,364,13,7,502050
2025-01-21,Facebook Ads,META_CMP_03_재구매,VIP,CRS_신상품_겨울_v1,252,11,6,332060
2025-01-21,Facebook Ads,META_CMP_03_재구매,윈백,IMG_배송혜택_겨울_A_v1,414,17,5,379773
2025-01-21,Facebook Ads,META_CMP_03_재구매,윈백,VID_적립혜택_겨울_B_v1,438,18,7,434493
2025-01-21,Facebook Ads,META_CMP_03_재구매,윈백,CRS_신상품_겨울_v1,392,18,6,489523
2025-01-21,naver_search,NVR_CMP_01_브랜드KW,논타겟,TXT_플러스멤버십_겨울_A_v1,943,216,149,11846700
2025-01-21,naver_search,NVR_CMP_02_일반KW,논타겟,TXT_할인쿠폰_겨울_A_v1,883,117,32,1750826
2025-01-21,naver_search,NVR_CMP_02_일반KW,논타겟,TXT_플러스멤버십_겨울_B_v1,1041,182,89,7326772
2025-01-21,naver_search,NVR_CMP_03_재구매,VIP,IMG_배송혜택_겨울_A_v1,194,14,11,882395
2025-01-21,naver_search,NVR_CMP_03_재구매,VIP,VID_적립혜택_겨울_B_v1,297,24,17,2441805
2025-01-21,naver_search,NVR_CMP_03_재구매,VIP,CRS_신상품_겨울_v1,352,29,18,1887368
2025-01-21,naver_search,NVR_CMP_03_재구매,윈백,IMG_배송혜택_겨울_A_v1,414,41,31,2634437
2025-01-21,naver_search,NVR_CMP_03_재구매,윈백,VID_적립혜택_겨울_B_v1,540,38,33,3898965
2025-01-21,naver_search,NVR_CMP_03_재구매,윈백,CRS_신상품_겨울_v1,426,45,23,1839846
2025-01-22,googleadwords_int,GGL_CMP_01_플러스가입,논타겟,VID_플러스멤버십_겨울_A_v1,2174,173,43,2800310
2025-01-22,googleadwords_int,GGL_CMP_01_플러스가입,논타겟,IMG_플러스멤버십_겨울_B_v1,1215,146,38,3094645
2025-01-22,googleadwords_int,GGL_CMP_01_플러스가입,논타겟,CRS_플러스멤버십_겨울_v1,1399,154,44,3063487
2025-01-22,googleadwords_int,GGL_CMP_01_플러스가입,논타겟,IMG_적립혜택_겨울_v2,1363,129,29,1567420
2025-01-22,googleadwords_int,GGL_CMP_01_플러스가입,유사타겟,VID_플러스멤버십_겨울_A_v1,1127,115,37,2630570
2025-01-22,googleadwords_int,GGL_CMP_01_플러스가입,유사타겟,IMG_플러스멤버십_겨울_B_v1,1547,170,61,3982652
2025-01-22,googleadwords_int,GGL_CMP_01_플러스가입,유사타겟,CRS_플러스멤버십_겨울_v1,1038,131,36,2031120
2025-01-22,googleadwords_int,GGL_CMP_01_플러스가입,유사타겟,IMG_적립혜택_겨울_v2,1448,194,49,2761205
2025-01-22,googleadwords_int,GGL_CMP_02_리타겟팅,리마케팅,VID_할인쿠폰_겨울_A_v1,697,75,30,1574639
2025-01-22,googleadwords_int,GGL_CMP_02_리타겟팅,리마케팅,IMG_할인쿠폰_겨울_B_v1,1315,148,76,5477466
2025-01-22,googleadwords_int,GGL_CMP_02_리타겟팅,리마케팅,CRS_특가_겨울_v1,1083,111,36,2740013
2025-01-22,googleadwords_int,GGL_CMP_03_첫구매,논타겟,VID_적립혜택_겨울_A_v1,1009,88,23,1511724
2025-01-22,googleadwords_int,GGL_CMP_03_첫구매,논타겟,IMG_적립혜택_겨울_B_v1,1091,111,54,2546419
2025-01-22,googleadwords_int,GGL_CMP_03_첫구매,논타겟,CRS_할인쿠폰_겨울_v1,1064,64,25,2046444
2025-01-22,googleadwords_int,GGL_CMP_03_첫구매,유사타겟,VID_적립혜택_겨울_A_v1,1383,105,36,2433749
2025-01-22,googleadwords_int,GGL_CMP_03_첫구매,유사타겟,IMG_적립혜택_겨울_B_v1,699,78,34,1702977
2025-01-22,googleadwords_int,GGL_CMP_03_첫구매,유사타겟,CRS_할인쿠폰_겨울_v1,637,65,32,1829621
2025-01-22,Facebook Ads,META_CMP_01_신규유저,논타겟,VID_플러스멤버십_겨울_A_v1,584,38,7,292035
2025-01-22,Facebook Ads,META_CMP_01_신규유저,논타겟,IMG_적립혜택_겨울_B_v1,505,42,7,512510
2025-01-22,Facebook Ads,META_CMP_01_신규유저,논타겟,CRS_플러스멤버십_겨울_v1,737,40,11,447758
2025-01-22,Facebook Ads,META_CMP_02_룩얼라이크,유사타겟,VID_플러스멤버십_겨울_A_v1,932,44,15,623091
2025-01-22,Facebook Ads,META_CMP_02_룩얼라이크,유사타겟,IMG_할인쿠폰_겨울_B_v1,1122,64,17,1066026
2025-01-22,Facebook Ads,META_CMP_02_룩얼라이크,유사타겟,CRS_특가_겨울_v1,638,42,7,441536
2025-01-22,Facebook Ads,META_CMP_03_재구매,VIP,IMG_배송혜택_겨울_A_v1,201,12,5,253938
2025-01-22,Facebook Ads,META_CMP_03_재구매,VIP,VID_적립혜택_겨울_B_v1,316,22,7,570848
2025-01-22,Facebook Ads,META_CMP_03_재구매,VIP,CRS_신상품_겨울_v1,297,18,8,589474
2025-01-22,Facebook Ads,META_CMP_03_재구매,윈백,IMG_배송혜택_겨울_A_v1,387,25,12,879425
2025-01-22,Facebook Ads,META_CMP_03_재구매,윈백,VID_적립혜택_겨울_B_v1,561,31,14,812544
2025-01-22,Facebook Ads,META_CMP_03_재구매,윈백,CRS_신상품_겨울_v1,319,13,7,587252
2025-01-22,naver_search,NVR_CMP_01_브랜드KW,논타겟,TXT_플러스멤버십_겨울_A_v1,919,202,142,8970160
2025-01-22,naver_search,NVR_CMP_02_일반KW,논타겟,TXT_할인쿠폰_겨울_A_v1,1041,170,75,5721554
2025-01-22,naver_search,NVR_CMP_02_일반KW,논타겟,TXT_플러스멤버십_겨울_B_v1,757,104,45,2820377
2025-01-22,naver_search,NVR_CMP_03_재구매,VIP,IMG_배송혜택_겨울_A_v1,248,23,10,1166145
2025-01-22,naver_search,NVR_CMP_03_재구매,VIP,VID_적립혜택_겨울_B_v1,380,34,25,2100441
2025-01-22,naver_search,NVR_CMP_03_재구매,VIP,CRS_신상품_겨울_v1,236,26,15,1116671
2025-01-22,naver_search,NVR_CMP_03_재구매,윈백,IMG_배송혜택_겨울_A_v1,358,36,16,1246801
2025-01-22,naver_search,NVR_CMP_03_재구매,윈백,VID_적립혜택_겨울_B_v1,419,34,15,1696865
2025-01-22,naver_search,NVR_CMP_03_재구매,윈백,CRS_신상품_겨울_v1,621,43,27,2816578
2025-01-23,googleadwords_int,GGL_CMP_01_플러스가입,논타겟,VID_플러스멤버십_겨울_A_v1,801,58,19,911304
2025-01-23,googleadwords_int,GGL_CMP_01_플러스가입,논타겟,IMG_플러스멤버십_겨울_B_v1,862,92,16,1363720
2025-01-23,googleadwords_int,GGL_CMP_01_플러스가입,논타겟,CRS_플러스멤버십_겨울_v1,1477,160,53,2920442
2025-01-23,googleadwords_int,GGL_CMP_01_플러스가입,논타겟,IMG_적립혜택_겨울_v2,1431,136,36,2955697
2025-01-23,googleadwords_int,GGL_CMP_01_플러스가입,유사타겟,VID_플러스멤버십_겨울_A_v1,908,106,17,1301225
2025-01-23,googleadwords_int,GGL_CMP_01_플러스가입,유사타겟,IMG_플러스멤버십_겨울_B_v1,1246,171,44,2343934
2025-01-23,googleadwords_int,GGL_CMP_01_플러스가입,유사타겟,CRS_플러스멤버십_겨울_v1,1395,154,37,1473207
2025-01-23,googleadwords_int,GGL_CMP_01_플러스가입,유사타겟,IMG_적립혜택_겨울_v2,1152,120,40,2775749
2025-01-23,googleadwords_int,GGL_CMP_02_리타겟팅,리마케팅,VID_할인쿠폰_겨울_A_v1,1465,157,64,4071373
2025-01-23,googleadwords_int,GGL_CMP_02_리타겟팅,리마케팅,IMG_할인쿠폰_겨울_B_v1,1032,128,66,5160103
2025-01-23,googleadwords_int,GGL_CMP_02_리타겟팅,리마케팅,CRS_특가_겨울_v1,1437,128,36,2521118
2025-01-23,googleadwords_int,GGL_CMP_03_첫구매,논타겟,VID_적립혜택_겨울_A_v1,843,56,21,1587559
2025-01-23,googleadwords_int,GGL_CMP_03_첫구매,논타겟,IMG_적립혜택_겨울_B_v1,1566,91,49,3632198
2025-01-23,googleadwords_int,GGL_CMP_03_첫구매,논타겟,CRS_할인쿠폰_겨울_v1,1204,74,26,1259775
2025-01-23,googleadwords_int,GGL_CMP_03_첫구매,유사타겟,VID_적립혜택_겨울_A_v1,893,61,16,1115540
2025-01-23,googleadwords_int,GGL_CMP_03_첫구매,유사타겟,IMG_적립혜택_겨울_B_v1,1109,90,27,1800715
2025-01-23,googleadwords_int,GGL_CMP_03_첫구매,유사타겟,CRS_할인쿠폰_겨울_v1,1456,100,22,1424837
2025-01-23,Facebook Ads,META_CMP_01_신규유저,논타겟,VID_플러스멤버십_겨울_A_v1,695,37,9,544798
2025-01-23,Facebook Ads,META_CMP_01_신규유저,논타겟,IMG_적립혜택_겨울_B_v1,728,40,7,308804
2025-01-23,Facebook Ads,META_CMP_01_신규유저,논타겟,CRS_플러스멤버십_겨울_v1,562,45,11,501321
2025-01-23,Facebook Ads,META_CMP_02_룩얼라이크,유사타겟,VID_플러스멤버십_겨울_A_v1,531,46,11,865051
2025-01-23,Facebook Ads,META_CMP_02_룩얼라이크,유사타겟,IMG_할인쿠폰_겨울_B_v1,936,46,14,765751
2025-01-23,Facebook Ads,META_CMP_02_룩얼라이크,유사타겟,CRS_특가_겨울_v1,1110,77,15,578628
2025-01-23,Facebook Ads,META_CMP_03_재구매,VIP,IMG_배송혜택_겨울_A_v1,232,11,4,296635
2025-01-23,Facebook Ads,META_CMP_03_재구매,VIP,VID_적립혜택_겨울_B_v1,150,6,2,191976
2025-01-23,Facebook Ads,META_CMP_03_재구매,VIP,CRS_신상품_겨울_v1,212,7,3,292356
2025-01-23,Facebook Ads,META_CMP_03_재구매,윈백,IMG_배송혜택_겨울_A_v1,399,18,6,634176
2025-01-23,Facebook Ads,META_CMP_03_재구매,윈백,VID_적립혜택_겨울_B_v1,616,32,21,1357569
2025-01-23,Facebook Ads,META_CMP_03_재구매,윈백,CRS_신상품_겨울_v1,439,17,8,575625
2025-01-23,naver_search,NVR_CMP_01_브랜드KW,논타겟,TXT_플러스멤버십_겨울_A_v1,1413,352,115,9841411
2025-01-23,naver_search,NVR_CMP_02_일반KW,논타겟,TXT_할인쿠폰_겨울_A_v1,839,112,53,4108346
2025-01-23,naver_search,NVR_CMP_02_일반KW,논타겟,TXT_플러스멤버십_겨울_B_v1,926,111,47,3182232
2025-01-23,naver_search,NVR_CMP_03_재구매,VIP,IMG_배송혜택_겨울_A_v1,385,29,25,2390046
2025-01-23,naver_search,NVR_CMP_03_재구매,VIP,VID_적립혜택_겨울_B_v1,178,9,5,552893
2025-01-23,naver_search,NVR_CMP_03_재구매,VIP,CRS_신상품_겨울_v1,287,15,10,1039298
2025-01-23,naver_search,NVR_CMP_03_재구매,윈백,IMG_배송혜택_겨울_A_v1,538,35,21,1905220
2025-01-23,naver_search,NVR_CMP_03_재구매,윈백,VID_적립혜택_겨울_B_v1,653,60,51,4144948
2025-01-23,naver_search,NVR_CMP_03_재구매,윈백,CRS_신상품_겨울_v1,559,39,19,1965063
2025-01-24,googleadwords_int,GGL_CMP_01_플러스가입,논타겟,VID_플러스멤버십_겨울_A_v1,1522,103,23,1285902
2025-01-24,googleadwords_int,GGL_CMP_01_플러스가입,논타겟,IMG_플러스멤버십_겨울_B_v1,1007,78,19,1493273
2025-01-24,googleadwords_int,GGL_CMP_01_플러스가입,논타겟,CRS_플러스멤버십_겨울_v1,1325,137,53,3307036
2025-01-24,googleadwords_int,GGL_CMP_01_플러스가입,논타겟,IMG_적립혜택_겨울_v2,1016,94,19,1000340
2025-01-24,googleadwords_int,GGL_CMP_01_플러스가입,유사타겟,VID_플러스멤버십_겨울_A_v1,1415,109,29,1745420
2025-01-24,googleadwords_int,GGL_CMP_01_플러스가입,유사타겟,IMG_플러스멤버십_겨울_B_v1,1099,90,30,1228867
2025-01-24,googleadwords_int,GGL_CMP_01_플러스가입,유사타겟,CRS_플러스멤버십_겨울_v1,1298,97,31,1613820
2025-01-24,googleadwords_int,GGL_CMP_01_플러스가입,유사타겟,IMG_적립혜택_겨울_v2,864,59,24,1376268
2025-01-24,googleadwords_int,GGL_CMP_02_리타겟팅,리마케팅,VID_할인쿠폰_겨울_A_v1,1319,140,58,4415700
2025-01-24,googleadwords_int,GGL_CMP_02_리타겟팅,리마케팅,IMG_할인쿠폰_겨울_B_v1,753,67,36,3218302
2025-01-24,googleadwords_int,GGL_CMP_02_리타겟팅,리마케팅,CRS_특가_겨울_v1,908,71,40,3022677
2025-01-24,googleadwords_int,GGL_CMP_03_첫구매,논타겟,VID_적립혜택_겨울_A_v1,813,55,17,1183980
2025-01-24,googleadwords_int,GGL_CMP_03_첫구매,논타겟,IMG_적립혜택_겨울_B_v1,1343,90,35,2082751
2025-01-24,googleadwords_int,GGL_CMP_03_첫구매,논타겟,CRS_할인쿠폰_겨울_v1,1209,96,54,3075152
2025-01-24,googleadwords_int,GGL_CMP_03_첫구매,유사타겟,VID_적립혜택_겨울_A_v1,1745,105,31,2334191
2025-01-24,googleadwords_int,GGL_CMP_03_첫구매,유사타겟,IMG_적립혜택_겨울_B_v1,1855,147,62,3002641
2025-01-24,googleadwords_int,GGL_CMP_03_첫구매,유사타겟,CRS_할인쿠폰_겨울_v1,1206,112,36,2137925
2025-01-24,Facebook Ads,META_CMP_01_신규유저,논타겟,VID_플러스멤버십_겨울_A_v1,358,26,4,159081
2025-01-24,Facebook Ads,META_CMP_01_신규유저,논타겟,IMG_적립혜택_겨울_B_v1,560,31,6,264446
2025-01-24,Facebook Ads,META_CMP_01_신규유저,논타겟,CRS_플러스멤버십_겨울_v1,558,39,9,492924
2025-01-24,Facebook Ads,META_CMP_02_룩얼라이크,유사타겟,VID_플러스멤버십_겨울_A_v1,716,56,10,533697
2025-01-24,Facebook Ads,META_CMP_02_룩얼라이크,유사타겟,IMG_할인쿠폰_겨울_B_v1,902,52,12,690695
2025-01-24,Facebook Ads,META_CMP_02_룩얼라이크,유사타겟,CRS_특가_겨울_v1,418,31,7,363353
2025-01-24,Facebook Ads,META_CMP_03_재구매,VIP,IMG_배송혜택_겨울_A_v1,294,14,4,333846
2025-01-24,Facebook Ads,META_CMP_03_재구매,VIP,VID_적립혜택_겨울_B_v1,171,5,2,165533
2025-01-24,Facebook Ads,META_CMP_03_재구매,VIP,CRS_신상품_겨울_v1,404,16,9,548842
2025-01-24,Facebook Ads,META_CMP_03_재구매,윈백,IMG_배송혜택_겨울_A_v1,539,23,11,965661
2025-01-24,Facebook Ads,META_CMP_03_재구매,윈백,VID_적립혜택_겨울_B_v1,582,39,16,1523299
2025-01-24,Facebook Ads,META_CMP_03_재구매,윈백,CRS_신상품_겨울_v1,365,15,9,704308
2025-01-24,naver_search,NVR_CMP_01_브랜드KW,논타겟,TXT_플러스멤버십_겨울_A_v1,953,267,102,7463610
2025-01-24,naver_search,NVR_CMP_02_일반KW,논타겟,TXT_할인쿠폰_겨울_A_v1,590,62,23,1319312
2025-01-24,naver_search,NVR_CMP_02_일반KW,논타겟,TXT_플러스멤버십_겨울_B_v1,791,102,37,1848082
2025-01-24,naver_search,NVR_CMP_03_재구매,VIP,IMG_배송혜택_겨울_A_v1,430,35,27,3005082
2025-01-24,naver_search,NVR_CMP_03_재구매,VIP,VID_적립혜택_겨울_B_v1,410,30,30,2188686
2025-01-24,naver_search,NVR_CMP_03_재구매,VIP,CRS_신상품_겨울_v1,213,17,12,841307
2025-01-24,naver_search,NVR_CMP_03_재구매,윈백,IMG_배송혜택_겨울_A_v1,401,41,38,2760826
2025-01-24,naver_search,NVR_CMP_03_재구매,윈백,VID_적립혜택_겨울_B_v1,542,30,15,1672485
2025-01-24,naver_search,NVR_CMP_03_재구매,윈백,CRS_신상품_겨울_v1,593,50,31,2118676
2025-01-25,googleadwords_int,GGL_CMP_01_플러스가입,논타겟,VID_플러스멤버십_겨울_A_v1,886,82,27,1625120
2025-01-25,googleadwords_int,GGL_CMP_01_플러스가입,논타겟,IMG_플러스멤버십_겨울_B_v1,918,85,36,1971981
2025-01-25,googleadwords_int,GGL_CMP_01_플러스가입,논타겟,CRS_플러스멤버십_겨울_v1,961,108,32,1751998
2025-01-25,googleadwords_int,GGL_CMP_01_플러스가입,논타겟,IMG_적립혜택_겨울_v2,966,117,53,3329753
2025-01-25,googleadwords_int,GGL_CMP_01_플러스가입,유사타겟,VID_플러스멤버십_겨울_A_v1,963,103,31,1580222
2025-01-25,googleadwords_int,GGL_CMP_01_플러스가입,유사타겟,IMG_플러스멤버십_겨울_B_v1,960,129,44,3203459
2025-01-25,googleadwords_int,GGL_CMP_01_플러스가입,유사타겟,CRS_플러스멤버십_겨울_v1,1393,187,46,3292233
2025-01-25,googleadwords_int,GGL_CMP_01_플러스가입,유사타겟,IMG_적립혜택_겨울_v2,903,92,36,2314500
2025-01-25,googleadwords_int,GGL_CMP_02_리타겟팅,리마케팅,VID_할인쿠폰_겨울_A_v1,832,102,75,4286231
2025-01-25,googleadwords_int,GGL_CMP_02_리타겟팅,리마케팅,IMG_할인쿠폰_겨울_B_v1,1215,134,92,4303046
2025-01-25,googleadwords_int,GGL_CMP_02_리타겟팅,리마케팅,CRS_특가_겨울_v1,797,64,35,2010776
2025-01-25,googleadwords_int,GGL_CMP_03_첫구매,논타겟,VID_적립혜택_겨울_A_v1,967,61,42,2993471
2025-01-25,googleadwords_int,GGL_CMP_03_첫구매,논타겟,IMG_적립혜택_겨울_B_v1,970,106,58,3350025
2025-01-25,googleadwords_int,GGL_CMP_03_첫구매,논타겟,CRS_할인쿠폰_겨울_v1,735,73,33,2489199
2025-01-25,googleadwords_int,GGL_CMP_03_첫구매,유사타겟,VID_적립혜택_겨울_A_v1,851,88,39,2617174
2025-01-25,googleadwords_int,GGL_CMP_03_첫구매,유사타겟,IMG_적립혜택_겨울_B_v1,953,93,47,3032796
2025-01-25,googleadwords_int,GGL_CMP_03_첫구매,유사타겟,CRS_할인쿠폰_겨울_v1,1251,64,39,2894262
2025-01-25,Facebook Ads,META_CMP_01_신규유저,논타겟,VID_플러스멤버십_겨울_A_v1,317,14,4,199023
2025-01-25,Facebook Ads,META_CMP_01_신규유저,논타겟,IMG_적립혜택_겨울_B_v1,390,32,10,571916
2025-01-25,Facebook Ads,META_CMP_01_신규유저,논타겟,CRS_플러스멤버십_겨울_v1,393,21,5,239119
2025-01-25,Facebook Ads,META_CMP_02_룩얼라이크,유사타겟,VID_플러스멤버십_겨울_A_v1,547,28,6,386143
2025-01-25,Facebook Ads,META_CMP_02_룩얼라이크,유사타겟,IMG_할인쿠폰_겨울_B_v1,776,31,10,579666
2025-01-25,Facebook Ads,META_CMP_02_룩얼라이크,유사타겟,CRS_특가_겨울_v1,524,25,9,702461
2025-01-25,Facebook Ads,META_CMP_03_재구매,VIP,IMG_배송혜택_겨울_A_v1,201,8,3,251035
2025-01-25,Facebook Ads,META_CMP_03_재구매,VIP,VID_적립혜택_겨울_B_v1,233,9,6,479333
2025-01-25,Facebook Ads,META_CMP_03_재구매,VIP,CRS_신상품_겨울_v1,269,13,9,719342
2025-01-25,Facebook Ads,META_CMP_03_재구매,윈백,IMG_배송혜택_겨울_A_v1,391,23,16,1328311
2025-01-25,Facebook Ads,META_CMP_03_재구매,윈백,VID_적립혜택_겨울_B_v1,207,10,7,404104
2025-01-25,Facebook Ads,META_CMP_03_재구매,윈백,CRS_신상품_겨울_v1,199,10,6,335263
2025-01-25,naver_search,NVR_CMP_01_브랜드KW,논타겟,TXT_플러스멤버십_겨울_A_v1,528,105,93,8140129
2025-01-25,naver_search,NVR_CMP_02_일반KW,논타겟,TXT_할인쿠폰_겨울_A_v1,487,76,52,2532507
2025-01-25,naver_search,NVR_CMP_02_일반KW,논타겟,TXT_플러스멤버십_겨울_B_v1,483,63,44,2958952
2025-01-25,naver_search,NVR_CMP_03_재구매,VIP,IMG_배송혜택_겨울_A_v1,190,22,23,3068700
2025-01-25,naver_search,NVR_CMP_03_재구매,VIP,VID_적립혜택_겨울_B_v1,202,11,9,922237
2025-01-25,naver_search,NVR_CMP_03_재구매,VIP,CRS_신상품_겨울_v1,208,17,14,1424061
2025-01-25,naver_search,NVR_CMP_03_재구매,윈백,IMG_배송혜택_겨울_A_v1,284,15,10,888097
2025-01-25,naver_search,NVR_CMP_03_재구매,윈백,VID_적립혜택_겨울_B_v1,398,48,48,6791332
2025-01-25,naver_search,NVR_CMP_03_재구매,윈백,CRS_신상품_겨울_v1,229,24,17,1730652
2025-01-26,googleadwords_int,GGL_CMP_01_플러스가입,논타겟,VID_플러스멤버십_겨울_A_v1,1478,147,37,2015464
2025-01-26,googleadwords_int,GGL_CMP_01_플러스가입,논타겟,IMG_플러스멤버십_겨울_B_v1,1063,102,22,1092547
2025-01-26,googleadwords_int,GGL_CMP_01_플러스가입,논타겟,CRS_플러스멤버십_겨울_v1,666,44,7,419626
2025-01-26,googleadwords_int,GGL_CMP_01_플러스가입,논타겟,IMG_적립혜택_겨울_v2,1057,133,34,1687328
2025-01-26,googleadwords_int,GGL_CMP_01_플러스가입,유사타겟,VID_플러스멤버십_겨울_A_v1,1185,115,36,2174760
2025-01-26,googleadwords_int,GGL_CMP_01_플러스가입,유사타겟,IMG_플러스멤버십_겨울_B_v1,850,91,23,1621178
2025-01-26,googleadwords_int,GGL_CMP_01_플러스가입,유사타겟,CRS_플러스멤버십_겨울_v1,1121,97,21,1241513
2025-01-26,googleadwords_int,GGL_CMP_01_플러스가입,유사타겟,IMG_적립혜택_겨울_v2,1292,116,27,1874624
2025-01-26,googleadwords_int,GGL_CMP_02_리타겟팅,리마케팅,VID_할인쿠폰_겨울_A_v1,1031,67,21,1309036
2025-01-26,googleadwords_int,GGL_CMP_02_리타겟팅,리마케팅,IMG_할인쿠폰_겨울_B_v1,801,97,46,2446032
2025-01-26,googleadwords_int,GGL_CMP_02_리타겟팅,리마케팅,CRS_특가_겨울_v1,928,100,41,2514345
2025-01-26,googleadwords_int,GGL_CMP_03_첫구매,논타겟,VID_적립혜택_겨울_A_v1,554,31,8,508191
2025-01-26,googleadwords_int,GGL_CMP_03_첫구매,논타겟,IMG_적립혜택_겨울_B_v1,1220,115,55,3445563
2025-01-26,googleadwords_int,GGL_CMP_03_첫구매,논타겟,CRS_할인쿠폰_겨울_v1,1426,99,27,1568013
2025-01-26,googleadwords_int,GGL_CMP_03_첫구매,유사타겟,VID_적립혜택_겨울_A_v1,1074,84,21,1328947
2025-01-26,googleadwords_int,GGL_CMP_03_첫구매,유사타겟,IMG_적립혜택_겨울_B_v1,1322,119,48,2168701
2025-01-26,googleadwords_int,GGL_CMP_03_첫구매,유사타겟,CRS_할인쿠폰_겨울_v1,762,91,28,2290342
2025-01-26,Facebook Ads,META_CMP_01_신규유저,논타겟,VID_플러스멤버십_겨울_A_v1,612,39,11,505665
2025-01-26,Facebook Ads,META_CMP_01_신규유저,논타겟,IMG_적립혜택_겨울_B_v1,583,24,5,286361
2025-01-26,Facebook Ads,META_CMP_01_신규유저,논타겟,CRS_플러스멤버십_겨울_v1,454,32,7,364437
2025-01-26,Facebook Ads,META_CMP_02_룩얼라이크,유사타겟,VID_플러스멤버십_겨울_A_v1,404,16,2,146489
2025-01-26,Facebook Ads,META_CMP_02_룩얼라이크,유사타겟,IMG_할인쿠폰_겨울_B_v1,407,26,4,261345
2025-01-26,Facebook Ads,META_CMP_02_룩얼라이크,유사타겟,CRS_특가_겨울_v1,577,39,7,335426
2025-01-26,Facebook Ads,META_CMP_03_재구매,VIP,IMG_배송혜택_겨울_A_v1,248,10,3,270096
2025-01-26,Facebook Ads,META_CMP_03_재구매,VIP,VID_적립혜택_겨울_B_v1,185,9,3,180997
2025-01-26,Facebook Ads,META_CMP_03_재구매,VIP,CRS_신상품_겨울_v1,245,11,4,413069
2025-01-26,Facebook Ads,META_CMP_03_재구매,윈백,IMG_배송혜택_겨울_A_v1,231,13,5,524057
2025-01-26,Facebook Ads,META_CMP_03_재구매,윈백,VID_적립혜택_겨울_B_v1,264,9,6,484061
2025-01-26,Facebook Ads,META_CMP_03_재구매,윈백,CRS_신상품_겨울_v1,226,12,7,461652
2025-01-26,naver_search,NVR_CMP_01_브랜드KW,논타겟,TXT_플러스멤버십_겨울_A_v1,666,181,63,3776597
2025-01-26,naver_search,NVR_CMP_02_일반KW,논타겟,TXT_할인쿠폰_겨울_A_v1,934,120,49,2509944
2025-01-26,naver_search,NVR_CMP_02_일반KW,논타겟,TXT_플러스멤버십_겨울_B_v1,570,56,21,1821162
2025-01-26,naver_search,NVR_CMP_03_재구매,VIP,IMG_배송혜택_겨울_A_v1,350,29,22,2450919
2025-01-26,naver_search,NVR_CMP_03_재구매,VIP,VID_적립혜택_겨울_B_v1,207,12,10,1115971
2025-01-26,naver_search,NVR_CMP_03_재구매,VIP,CRS_신상품_겨울_v1,234,19,10,1027533
2025-01-26,naver_search,NVR_CMP_03_재구매,윈백,IMG_배송혜택_겨울_A_v1,237,26,16,1305231
2025-01-26,naver_search,NVR_CMP_03_재구매,윈백,VID_적립혜택_겨울_B_v1,414,40,24,2539157
2025-01-26,naver_search,NVR_CMP_03_재구매,윈백,CRS_신상품_겨울_v1,386,33,27,2677617
2025-01-27,googleadwords_int,GGL_CMP_01_플러스가입,논타겟,VID_플러스멤버십_겨울_A_v1,1447,159,38,3012510
2025-01-27,googleadwords_int,GGL_CMP_01_플러스가입,논타겟,IMG_플러스멤버십_겨울_B_v1,1523,138,26,2285837
2025-01-27,googleadwords_int,GGL_CMP_01_플러스가입,논타겟,CRS_플러스멤버십_겨울_v1,1666,175,63,3239851
2025-01-27,googleadwords_int,GGL_CMP_01_플러스가입,논타겟,IMG_적립혜택_겨울_v2,1009,79,25,1261361
2025-01-27,googleadwords_int,GGL_CMP_01_플러스가입,유사타겟,VID_플러스멤버십_겨울_A_v1,1333,181,47,2414452
2025-01-27,googleadwords_int,GGL_CMP_01_플러스가입,유사타겟,IMG_플러스멤버십_겨울_B_v1,1341,101,32,2114165
2025-01-27,googleadwords_int,GGL_CMP_01_플러스가입,유사타겟,CRS_플러스멤버십_겨울_v1,1266,95,18,1376016
2025-01-27,googleadwords_int,GGL_CMP_01_플러스가입,유사타겟,IMG_적립혜택_겨울_v2,1331,154,41,1896541
2025-01-27,googleadwords_int,GGL_CMP_02_리타겟팅,리마케팅,VID_할인쿠폰_겨울_A_v1,900,62,27,1714761
2025-01-27,googleadwords_int,GGL_CMP_02_리타겟팅,리마케팅,IMG_할인쿠폰_겨울_B_v1,1019,128,73,3153747
2025-01-27,googleadwords_int,GGL_CMP_02_리타겟팅,리마케팅,CRS_특가_겨울_v1,703,45,21,1501836
2025-01-27,googleadwords_int,GGL_CMP_03_첫구매,논타겟,VID_적립혜택_겨울_A_v1,1343,117,42,3256446
2025-01-27,googleadwords_int,GGL_CMP_03_첫구매,논타겟,IMG_적립혜택_겨울_B_v1,2109,187,51,3624819
2025-01-27,googleadwords_int,GGL_CMP_03_첫구매,논타겟,CRS_할인쿠폰_겨울_v1,1679,93,23,1833012
2025-01-27,googleadwords_int,GGL_CMP_03_첫구매,유사타겟,VID_적립혜택_겨울_A_v1,1209,111,50,3238378
2025-01-27,googleadwords_int,GGL_CMP_03_첫구매,유사타겟,IMG_적립혜택_겨울_B_v1,1056,89,33,1550589
2025-01-27,googleadwords_int,GGL_CMP_03_첫구매,유사타겟,CRS_할인쿠폰_겨울_v1,1021,72,28,1530804
2025-01-27,Facebook Ads,META_CMP_01_신규유저,논타겟,VID_플러스멤버십_겨울_A_v1,545,36,6,270100
2025-01-27,Facebook Ads,META_CMP_01_신규유저,논타겟,IMG_적립혜택_겨울_B_v1,444,27,3,167145
2025-01-27,Facebook Ads,META_CMP_01_신규유저,논타겟,CRS_플러스멤버십_겨울_v1,689,51,13,716081
2025-01-27,Facebook Ads,META_CMP_02_룩얼라이크,유사타겟,VID_플러스멤버십_겨울_A_v1,750,59,15,1085099
2025-01-27,Facebook Ads,META_CMP_02_룩얼라이크,유사타겟,IMG_할인쿠폰_겨울_B_v1,708,43,12,511273
2025-01-27,Facebook Ads,META_CMP_02_룩얼라이크,유사타겟,CRS_특가_겨울_v1,499,28,6,384010
2025-01-27,Facebook Ads,META_CMP_03_재구매,VIP,IMG_배송혜택_겨울_A_v1,286,11,4,324722
2025-01-27,Facebook Ads,META_CMP_03_재구매,VIP,VID_적립혜택_겨울_B_v1,207,12,6,651700
2025-01-27,Facebook Ads,META_CMP_03_재구매,VIP,CRS_신상품_겨울_v1,243,14,4,310217
2025-01-27,Facebook Ads,META_CMP_03_재구매,윈백,IMG_배송혜택_겨울_A_v1,545,30,15,752752
2025-01-27,Facebook Ads,META_CMP_03_재구매,윈백,VID_적립혜택_겨울_B_v1,367,13,5,401151
2025-01-27,Facebook Ads,META_CMP_03_재구매,윈백,CRS_신상품_겨울_v1,560,28,10,833543
2025-01-27,naver_search,NVR_CMP_01_브랜드KW,논타겟,TXT_플러스멤버십_겨울_A_v1,983,246,127,9043185
2025-01-27,naver_search,NVR_CMP_02_일반KW,논타겟,TXT_할인쿠폰_겨울_A_v1,579,101,28,2601677
2025-01-27,naver_search,NVR_CMP_02_일반KW,논타겟,TXT_플러스멤버십_겨울_B_v1,489,84,31,2704588
2025-01-27,naver_search,NVR_CMP_03_재구매,VIP,IMG_배송혜택_겨울_A_v1,213,20,11,1309122
2025-01-27,naver_search,NVR_CMP_03_재구매,VIP,VID_적립혜택_겨울_B_v1,249,20,13,1310899
2025-01-27,naver_search,NVR_CMP_03_재구매,VIP,CRS_신상품_겨울_v1,309,24,15,2351451
2025-01-27,naver_search,NVR_CMP_03_재구매,윈백,IMG_배송혜택_겨울_A_v1,429,43,27,2925221
2025-01-27,naver_search,NVR_CMP_03_재구매,윈백,VID_적립혜택_겨울_B_v1,389,36,26,2165406
2025-01-27,naver_search,NVR_CMP_03_재구매,윈백,CRS_신상품_겨울_v1,484,49,40,3827065
2025-01-28,googleadwords_int,GGL_CMP_01_플러스가입,논타겟,VID_플러스멤버십_겨울_A_v1,1403,123,29,1696010
2025-01-28,googleadwords_int,GGL_CMP_01_플러스가입,논타겟,IMG_플러스멤버십_겨울_B_v1,1409,131,30,1791746
2025-01-28,googleadwords_int,GGL_CMP_01_플러스가입,논타겟,CRS_플러스멤버십_겨울_v1,1352,111,26,1873152
2025-01-28,googleadwords_int,GGL_CMP_01_플러스가입,논타겟,IMG_적립혜택_겨울_v2,1091,113,39,2434425
2025-01-28,googleadwords_int,GGL_CMP_01_플러스가입,유사타겟,VID_플러스멤버십_겨울_A_v1,717,70,25,1838918
2025-01-28,googleadwords_int,GGL_CMP_01_플러스가입,유사타겟,IMG_플러스멤버십_겨울_B_v1,1376,183,61,2962952
2025-01-28,googleadwords_int,GGL_CMP_01_플러스가입,유사타겟,CRS_플러스멤버십_겨울_v1,2194,225,78,3682512
2025-01-28,googleadwords_int,GGL_CMP_01_플러스가입,유사타겟,IMG_적립혜택_겨울_v2,1672,183,37,1519362
2025-01-28,googleadwords_int,GGL_CMP_02_리타겟팅,리마케팅,VID_할인쿠폰_겨울_A_v1,1382,146,64,3029849
2025-01-28,googleadwords_int,GGL_CMP_02_리타겟팅,리마케팅,IMG_할인쿠폰_겨울_B_v1,830,94,42,2901911
2025-01-28,googleadwords_int,GGL_CMP_02_리타겟팅,리마케팅,CRS_특가_겨울_v1,996,125,38,2499427
2025-01-28,googleadwords_int,GGL_CMP_03_첫구매,논타겟,VID_적립혜택_겨울_A_v1,896,87,30,2226797
2025-01-28,googleadwords_int,GGL_CMP_03_첫구매,논타겟,IMG_적립혜택_겨울_B_v1,866,75,21,1365282
2025-01-28,googleadwords_int,GGL_CMP_03_첫구매,논타겟,CRS_할인쿠폰_겨울_v1,1082,118,40,2830507
2025-01-28,googleadwords_int,GGL_CMP_03_첫구매,유사타겟,VID_적립혜택_겨울_A_v1,1825,137,37,3138375
2025-01-28,googleadwords_int,GGL_CMP_03_첫구매,유사타겟,IMG_적립혜택_겨울_B_v1,1125,78,31,1823558
2025-01-28,googleadwords_int,GGL_CMP_03_첫구매,유사타겟,CRS_할인쿠폰_겨울_v1,1470,146,68,3333628
2025-01-28,Facebook Ads,META_CMP_01_신규유저,논타겟,VID_플러스멤버십_겨울_A_v1,458,24,7,407734
2025-01-28,Facebook Ads,META_CMP_01_신규유저,논타겟,IMG_적립혜택_겨울_B_v1,411,30,8,450059
2025-01-28,Facebook Ads,META_CMP_01_신규유저,논타겟,CRS_플러스멤버십_겨울_v1,476,27,5,279647
2025-01-28,Facebook Ads,META_CMP_02_룩얼라이크,유사타겟,VID_플러스멤버십_겨울_A_v1,506,36,7,467590
2025-01-28,Facebook Ads,META_CMP_02_룩얼라이크,유사타겟,IMG_할인쿠폰_겨울_B_v1,691,40,9,499471
2025-01-28,Facebook Ads,META_CMP_02_룩얼라이크,유사타겟,CRS_특가_겨울_v1,869,67,17,963391
2025-01-28,Facebook Ads,META_CMP_03_재구매,VIP,IMG_배송혜택_겨울_A_v1,229,9,4,259727
2025-01-28,Facebook Ads,META_CMP_03_재구매,VIP,VID_적립혜택_겨울_B_v1,263,10,4,402524
2025-01-28,Facebook Ads,META_CMP_03_재구매,VIP,CRS_신상품_겨울_v1,243,9,5,426709
2025-01-28,Facebook Ads,META_CMP_03_재구매,윈백,IMG_배송혜택_겨울_A_v1,509,24,8,576828
2025-01-28,Facebook Ads,META_CMP_03_재구매,윈백,VID_적립혜택_겨울_B_v1,468,31,15,971822
2025-01-28,Facebook Ads,META_CMP_03_재구매,윈백,CRS_신상품_겨울_v1,341,13,8,532312
2025-01-28,naver_search,NVR_CMP_01_브랜드KW,논타겟,TXT_플러스멤버십_겨울_A_v1,1026,154,51,5382203
2025-01-28,naver_search,NVR_CMP_02_일반KW,논타겟,TXT_할인쿠폰_겨울_A_v1,764,121,38,2428806
2025-01-28,naver_search,NVR_CMP_02_일반KW,논타겟,TXT_플러스멤버십_겨울_B_v1,624,112,36,2215517
2025-01-28,naver_search,NVR_CMP_03_재구매,VIP,IMG_배송혜택_겨울_A_v1,359,22,12,1194634
2025-01-28,naver_search,NVR_CMP_03_재구매,VIP,VID_적립혜택_겨울_B_v1,339,28,20,1656768
2025-01-28,naver_search,NVR_CMP_03_재구매,VIP,CRS_신상품_겨울_v1,280,21,10,961429
2025-01-28,naver_search,NVR_CMP_03_재구매,윈백,IMG_배송혜택_겨울_A_v1,480,35,16,1731156
2025-01-28,naver_search,NVR_CMP_03_재구매,윈백,VID_적립혜택_겨울_B_v1,672,48,39,3484904
2025-01-28,naver_search,NVR_CMP_03_재구매,윈백,CRS_신상품_겨울_v1,284,19,16,1484081
2025-01-29,googleadwords_int,GGL_CMP_01_플러스가입,논타겟,VID_플러스멤버십_겨울_A_v1,961,113,28,1991866
2025-01-29,googleadwords_int,GGL_CMP_01_플러스가입,논타겟,IMG_플러스멤버십_겨울_B_v1,1552,143,44,2316514
2025-01-29,googleadwords_int,GGL_CMP_01_플러스가입,논타겟,CRS_플러스멤버십_겨울_v1,1769,155,40,2453355
2025-01-29,googleadwords_int,GGL_CMP_01_플러스가입,논타겟,IMG_적립혜택_겨울_v2,1794,156,31,1706638
2025-01-29,googleadwords_int,GGL_CMP_01_플러스가입,유사타겟,VID_플러스멤버십_겨울_A_v1,1281,119,27,1668395
2025-01-29,googleadwords_int,GGL_CMP_01_플러스가입,유사타겟,IMG_플러스멤버십_겨울_B_v1,1406,144,35,2363204
2025-01-29,googleadwords_int,GGL_CMP_01_플러스가입,유사타겟,CRS_플러스멤버십_겨울_v1,851,74,16,739034
2025-01-29,googleadwords_int,GGL_CMP_01_플러스가입,유사타겟,IMG_적립혜택_겨울_v2,1691,189,71,4861402
2025-01-29,googleadwords_int,GGL_CMP_02_리타겟팅,리마케팅,VID_할인쿠폰_겨울_A_v1,995,62,38,2062359
2025-01-29,googleadwords_int,GGL_CMP_02_리타겟팅,리마케팅,IMG_할인쿠폰_겨울_B_v1,1023,75,32,1939783
2025-01-29,googleadwords_int,GGL_CMP_02_리타겟팅,리마케팅,CRS_특가_겨울_v1,1362,175,89,6168196
2025-01-29,googleadwords_int,GGL_CMP_03_첫구매,논타겟,VID_적립혜택_겨울_A_v1,1608,124,44,2317700
2025-01-29,googleadwords_int,GGL_CMP_03_첫구매,논타겟,IMG_적립혜택_겨울_B_v1,1116,94,37,2145175
2025-01-29,googleadwords_int,GGL_CMP_03_첫구매,논타겟,CRS_할인쿠폰_겨울_v1,796,50,17,1439527
2025-01-29,googleadwords_int,GGL_CMP_03_첫구매,유사타겟,VID_적립혜택_겨울_A_v1,1072,96,47,3313180
2025-01-29,googleadwords_int,GGL_CMP_03_첫구매,유사타겟,IMG_적립혜택_겨울_B_v1,1148,124,45,2773834
2025-01-29,googleadwords_int,GGL_CMP_03_첫구매,유사타겟,CRS_할인쿠폰_겨울_v1,1123,102,31,2508397
2025-01-29,Facebook Ads,META_CMP_01_신규유저,논타겟,VID_플러스멤버십_겨울_A_v1,558,44,10,521636
2025-01-29,Facebook Ads,META_CMP_01_신규유저,논타겟,IMG_적립혜택_겨울_B_v1,830,59,15,504022
2025-01-29,Facebook Ads,META_CMP_01_신규유저,논타겟,CRS_플러스멤버십_겨울_v1,544,27,5,297261
2025-01-29,Facebook Ads,META_CMP_02_룩얼라이크,유사타겟,VID_플러스멤버십_겨울_A_v1,613,49,9,452014
2025-01-29,Facebook Ads,META_CMP_02_룩얼라이크,유사타겟,IMG_할인쿠폰_겨울_B_v1,1059,53,13,551922
2025-01-29,Facebook Ads,META_CMP_02_룩얼라이크,유사타겟,CRS_특가_겨울_v1,667,32,5,339777
2025-01-29,Facebook Ads,META_CMP_03_재구매,VIP,IMG_배송혜택_겨울_A_v1,268,11,5,374857
2025-01-29,Facebook Ads,META_CMP_03_재구매,VIP,VID_적립혜택_겨울_B_v1,283,8,5,370287
2025-01-29,Facebook Ads,META_CMP_03_재구매,VIP,CRS_신상품_겨울_v1,392,17,10,758522
2025-01-29,Facebook Ads,META_CMP_03_재구매,윈백,IMG_배송혜택_겨울_A_v1,320,16,6,394501
2025-01-29,Facebook Ads,META_CMP_03_재구매,윈백,VID_적립혜택_겨울_B_v1,353,22,6,557335
2025-01-29,Facebook Ads,META_CMP_03_재구매,윈백,CRS_신상품_겨울_v1,393,12,6,556672
2025-01-29,naver_search,NVR_CMP_01_브랜드KW,논타겟,TXT_플러스멤버십_겨울_A_v1,920,219,101,8404223
2025-01-29,naver_search,NVR_CMP_02_일반KW,논타겟,TXT_할인쿠폰_겨울_A_v1,1097,148,40,2704903
2025-01-29,naver_search,NVR_CMP_02_일반KW,논타겟,TXT_플러스멤버십_겨울_B_v1,1046,99,38,3172235
2025-01-29,naver_search,NVR_CMP_03_재구매,VIP,IMG_배송혜택_겨울_A_v1,211,13,10,914605
2025-01-29,naver_search,NVR_CMP_03_재구매,VIP,VID_적립혜택_겨울_B_v1,270,22,14,1308107
2025-01-29,naver_search,NVR_CMP_03_재구매,VIP,CRS_신상품_겨울_v1,394,33,20,1635822
2025-01-29,naver_search,NVR_CMP_03_재구매,윈백,IMG_배송혜택_겨울_A_v1,675,53,24,2535633
2025-01-29,naver_search,NVR_CMP_03_재구매,윈백,VID_적립혜택_겨울_B_v1,545,53,33,3643169
2025-01-29,naver_search,NVR_CMP_03_재구매,윈백,CRS_신상품_겨울_v1,376,37,19,2110308
2025-01-30,googleadwords_int,GGL_CMP_01_플러스가입,논타겟,VID_플러스멤버십_겨울_A_v1,1080,116,36,1727231
2025-01-30,googleadwords_int,GGL_CMP_01_플러스가입,논타겟,IMG_플러스멤버십_겨울_B_v1,928,81,22,1213795
2025-01-30,googleadwords_int,GGL_CMP_01_플러스가입,논타겟,CRS_플러스멤버십_겨울_v1,1273,149,39,2160941
2025-01-30,googleadwords_int,GGL_CMP_01_플러스가입,논타겟,IMG_적립혜택_겨울_v2,2039,224,59,2675831
2025-01-30,googleadwords_int,GGL_CMP_01_플러스가입,유사타겟,VID_플러스멤버십_겨울_A_v1,1864,135,35,1636429
2025-01-30,googleadwords_int,GGL_CMP_01_플러스가입,유사타겟,IMG_플러스멤버십_겨울_B_v1,1041,113,33,1837076
2025-01-30,googleadwords_int,GGL_CMP_01_플러스가입,유사타겟,CRS_플러스멤버십_겨울_v1,1260,167,36,1651616
2025-01-30,googleadwords_int,GGL_CMP_01_플러스가입,유사타겟,IMG_적립혜택_겨울_v2,1586,135,41,2612242
2025-01-30,googleadwords_int,GGL_CMP_02_리타겟팅,리마케팅,VID_할인쿠폰_겨울_A_v1,821,70,47,2582152
2025-01-30,googleadwords_int,GGL_CMP_02_리타겟팅,리마케팅,IMG_할인쿠폰_겨울_B_v1,752,57,24,1816845
2025-01-30,googleadwords_int,GGL_CMP_02_리타겟팅,리마케팅,CRS_특가_겨울_v1,783,91,36,2302766
2025-01-30,googleadwords_int,GGL_CMP_03_첫구매,논타겟,VID_적립혜택_겨울_A_v1,1728,138,57,4122053
2025-01-30,googleadwords_int,GGL_CMP_03_첫구매,논타겟,IMG_적립혜택_겨울_B_v1,891,67,36,2042590
2025-01-30,googleadwords_int,GGL_CMP_03_첫구매,논타겟,CRS_할인쿠폰_겨울_v1,1217,115,36,2447610
2025-01-30,googleadwords_int,GGL_CMP_03_첫구매,유사타겟,VID_적립혜택_겨울_A_v1,1130,93,26,2436905
2025-01-30,googleadwords_int,GGL_CMP_03_첫구매,유사타겟,IMG_적립혜택_겨울_B_v1,1705,118,36,3301325
2025-01-30,googleadwords_int,GGL_CMP_03_첫구매,유사타겟,CRS_할인쿠폰_겨울_v1,904,78,25,2068148
2025-01-30,Facebook Ads,META_CMP_01_신규유저,논타겟,VID_플러스멤버십_겨울_A_v1,628,48,11,410324
2025-01-30,Facebook Ads,META_CMP_01_신규유저,논타겟,IMG_적립혜택_겨울_B_v1,570,34,6,341497
2025-01-30,Facebook Ads,META_CMP_01_신규유저,논타겟,CRS_플러스멤버십_겨울_v1,575,45,7,398020
2025-01-30,Facebook Ads,META_CMP_02_룩얼라이크,유사타겟,VID_플러스멤버십_겨울_A_v1,782,43,7,512648
2025-01-30,Facebook Ads,META_CMP_02_룩얼라이크,유사타겟,IMG_할인쿠폰_겨울_B_v1,665,46,12,630660
2025-01-30,Facebook Ads,META_CMP_02_룩얼라이크,유사타겟,CRS_특가_겨울_v1,940,55,15,810515
2025-01-30,Facebook Ads,META_CMP_03_재구매,VIP,IMG_배송혜택_겨울_A_v1,319,16,7,483496
2025-01-30,Facebook Ads,META_CMP_03_재구매,VIP,VID_적립혜택_겨울_B_v1,213,9,3,229199
2025-01-30,Facebook Ads,META_CMP_03_재구매,VIP,CRS_신상품_겨울_v1,205,10,4,257768
2025-01-30,Facebook Ads,META_CMP_03_재구매,윈백,IMG_배송혜택_겨울_A_v1,585,38,11,957606
2025-01-30,Facebook Ads,META_CMP_03_재구매,윈백,VID_적립혜택_겨울_B_v1,491,26,14,861016
2025-01-30,Facebook Ads,META_CMP_03_재구매,윈백,CRS_신상품_겨울_v1,494,25,9,479775
2025-01-30,naver_search,NVR_CMP_01_브랜드KW,논타겟,TXT_플러스멤버십_겨울_A_v1,795,232,118,9536420
2025-01-30,naver_search,NVR_CMP_02_일반KW,논타겟,TXT_할인쿠폰_겨울_A_v1,808,96,34,2800095
2025-01-30,naver_search,NVR_CMP_02_일반KW,논타겟,TXT_플러스멤버십_겨울_B_v1,682,74,28,1682225
2025-01-30,naver_search,NVR_CMP_03_재구매,VIP,IMG_배송혜택_겨울_A_v1,240,23,10,941730
2025-01-30,naver_search,NVR_CMP_03_재구매,VIP,VID_적립혜택_겨울_B_v1,263,25,17,2142430
2025-01-30,naver_search,NVR_CMP_03_재구매,VIP,CRS_신상품_겨울_v1,264,21,15,1808613
2025-01-30,naver_search,NVR_CMP_03_재구매,윈백,IMG_배송혜택_겨울_A_v1,449,34,18,1490319
2025-01-30,naver_search,NVR_CMP_03_재구매,윈백,VID_적립혜택_겨울_B_v1,587,54,44,5422517
2025-01-30,naver_search,NVR_CMP_03_재구매,윈백,CRS_신상품_겨울_v1,354,23,16,1220324
2025-01-31,googleadwords_int,GGL_CMP_01_플러스가입,논타겟,VID_플러스멤버십_겨울_A_v1,1177,151,41,2389713
2025-01-31,googleadwords_int,GGL_CMP_01_플러스가입,논타겟,IMG_플러스멤버십_겨울_B_v1,1606,128,35,1791487
2025-01-31,googleadwords_int,GGL_CMP_01_플러스가입,논타겟,CRS_플러스멤버십_겨울_v1,1554,147,43,2412880
2025-01-31,googleadwords_int,GGL_CMP_01_플러스가입,논타겟,IMG_적립혜택_겨울_v2,1220,106,35,2172698
2025-01-31,googleadwords_int,GGL_CMP_01_플러스가입,유사타겟,VID_플러스멤버십_겨울_A_v1,1356,134,22,1659065
2025-01-31,googleadwords_int,GGL_CMP_01_플러스가입,유사타겟,IMG_플러스멤버십_겨울_B_v1,1788,211,48,3005975
2025-01-31,googleadwords_int,GGL_CMP_01_플러스가입,유사타겟,CRS_플러스멤버십_겨울_v1,1632,226,56,3324856
2025-01-31,googleadwords_int,GGL_CMP_01_플러스가입,유사타겟,IMG_적립혜택_겨울_v2,1387,120,34,2485013
2025-01-31,googleadwords_int,GGL_CMP_02_리타겟팅,리마케팅,VID_할인쿠폰_겨울_A_v1,735,75,26,1269915
2025-01-31,googleadwords_int,GGL_CMP_02_리타겟팅,리마케팅,IMG_할인쿠폰_겨울_B_v1,1033,124,56,4239826
2025-01-31,googleadwords_int,GGL_CMP_02_리타겟팅,리마케팅,CRS_특가_겨울_v1,725,61,30,1984267
2025-01-31,googleadwords_int,GGL_CMP_03_첫구매,논타겟,VID_적립혜택_겨울_A_v1,1415,150,63,5485100
2025-01-31,googleadwords_int,GGL_CMP_03_첫구매,논타겟,IMG_적립혜택_겨울_B_v1,975,87,31,2351803
2025-01-31,googleadwords_int,GGL_CMP_03_첫구매,논타겟,CRS_할인쿠폰_겨울_v1,866,55,28,1840270
2025-01-31,googleadwords_int,GGL_CMP_03_첫구매,유사타겟,VID_적립혜택_겨울_A_v1,1585,123,44,2728323
2025-01-31,googleadwords_int,GGL_CMP_03_첫구매,유사타겟,IMG_적립혜택_겨울_B_v1,714,48,21,1346136
2025-01-31,googleadwords_int,GGL_CMP_03_첫구매,유사타겟,CRS_할인쿠폰_겨울_v1,777,64,25,1420030
2025-01-31,Facebook Ads,META_CMP_01_신규유저,논타겟,VID_플러스멤버십_겨울_A_v1,866,56,16,800064
2025-01-31,Facebook Ads,META_CMP_01_신규유저,논타겟,IMG_적립혜택_겨울_B_v1,585,31,7,304251
2025-01-31,Facebook Ads,META_CMP_01_신규유저,논타겟,CRS_플러스멤버십_겨울_v1,430,28,4,205749
2025-01-31,Facebook Ads,META_CMP_02_룩얼라이크,유사타겟,VID_플러스멤버십_겨울_A_v1,747,56,14,942863
2025-01-31,Facebook Ads,META_CMP_02_룩얼라이크,유사타겟,IMG_할인쿠폰_겨울_B_v1,645,54,15,1028176
2025-01-31,Facebook Ads,META_CMP_02_룩얼라이크,유사타겟,CRS_특가_겨울_v1,885,68,13,628953
2025-01-31,Facebook Ads,META_CMP_03_재구매,VIP,IMG_배송혜택_겨울_A_v1,190,5,2,161137
2025-01-31,Facebook Ads,META_CMP_03_재구매,VIP,VID_적립혜택_겨울_B_v1,303,13,6,508890
2025-01-31,Facebook Ads,META_CMP_03_재구매,VIP,CRS_신상품_겨울_v1,165,8,4,331483
2025-01-31,Facebook Ads,META_CMP_03_재구매,윈백,IMG_배송혜택_겨울_A_v1,319,12,8,495998
2025-01-31,Facebook Ads,META_CMP_03_재구매,윈백,VID_적립혜택_겨울_B_v1,494,26,13,1011318
2025-01-31,Facebook Ads,META_CMP_03_재구매,윈백,CRS_신상품_겨울_v1,418,21,13,832989
2025-01-31,naver_search,NVR_CMP_01_브랜드KW,논타겟,TXT_플러스멤버십_겨울_A_v1,1097,278,185,11476424
2025-01-31,naver_search,NVR_CMP_02_일반KW,논타겟,TXT_할인쿠폰_겨울_A_v1,1027,142,58,5478769
2025-01-31,naver_search,NVR_CMP_02_일반KW,논타겟,TXT_플러스멤버십_겨울_B_v1,777,97,44,2782716
2025-01-31,naver_search,NVR_CMP_03_재구매,VIP,IMG_배송혜택_겨울_A_v1,242,24,17,1208259
2025-01-31,naver_search,NVR_CMP_03_재구매,VIP,VID_적립혜택_겨울_B_v1,227,20,21,1887916
2025-01-31,naver_search,NVR_CMP_03_재구매,VIP,CRS_신상품_겨울_v1,223,21,15,1541241
2025-01-31,naver_search,NVR_CMP_03_재구매,윈백,IMG_배송혜택_겨울_A_v1,425,23,13,1733521
2025-01-31,naver_search,NVR_CMP_03_재구매,윈백,VID_적립혜택_겨울_B_v1,472,35,34,3913242
2025-01-31,naver_search,NVR_CMP_03_재구매,윈백,CRS_신상품_겨울_v1,425,29,20,1945665
2025-02-01,googleadwords_int,GGL_CMP_01_플러스가입,논타겟,VID_플러스멤버십_겨울_A_v1,1208,91,33,1956341
2025-02-01,googleadwords_int,GGL_CMP_01_플러스가입,논타겟,IMG_플러스멤버십_겨울_B_v1,846,93,21,1730657
2025-02-01,googleadwords_int,GGL_CMP_01_플러스가입,논타겟,CRS_플러스멤버십_겨울_v1,1090,146,35,2340867
2025-02-01,googleadwords_int,GGL_CMP_01_플러스가입,논타겟,IMG_적립혜택_겨울_v2,837,65,19,959612
2025-02-01,googleadwords_int,GGL_CMP_01_플러스가입,유사타겟,VID_플러스멤버십_겨울_A_v1,1673,149,34,2476663
2025-02-01,googleadwords_int,GGL_CMP_01_플러스가입,유사타겟,IMG_플러스멤버십_겨울_B_v1,1477,135,42,2318295
2025-02-01,googleadwords_int,GGL_CMP_01_플러스가입,유사타겟,CRS_플러스멤버십_겨울_v1,930,107,32,1824676
2025-02-01,googleadwords_int,GGL_CMP_01_플러스가입,유사타겟,IMG_적립혜택_겨울_v2,1465,138,45,2505781
2025-02-01,googleadwords_int,GGL_CMP_02_리타겟팅,리마케팅,VID_할인쿠폰_겨울_A_v1,1029,85,22,1849262
2025-02-01,googleadwords_int,GGL_CMP_02_리타겟팅,리마케팅,IMG_할인쿠폰_겨울_B_v1,1165,84,47,3299797
2025-02-01,googleadwords_int,GGL_CMP_02_리타겟팅,리마케팅,CRS_특가_겨울_v1,1344,90,59,3742626
2025-02-01,googleadwords_int,GGL_CMP_03_첫구매,논타겟,VID_적립혜택_겨울_A_v1,1363,109,43,2592575
2025-02-01,googleadwords_int,GGL_CMP_03_첫구매,논타겟,IMG_적립혜택_겨울_B_v1,1244,144,39,2542321
2025-02-01,googleadwords_int,GGL_CMP_03_첫구매,논타겟,CRS_할인쿠폰_겨울_v1,1326,96,43,2068113
2025-02-01,googleadwords_int,GGL_CMP_03_첫구매,유사타겟,VID_적립혜택_겨울_A_v1,1154,121,29,1979176
2025-02-01,googleadwords_int,GGL_CMP_03_첫구매,유사타겟,IMG_적립혜택_겨울_B_v1,753,65,24,1350577
2025-02-01,googleadwords_int,GGL_CMP_03_첫구매,유사타겟,CRS_할인쿠폰_겨울_v1,1997,115,62,4041641
2025-02-01,Facebook Ads,META_CMP_01_신규유저,논타겟,VID_플러스멤버십_겨울_A_v1,853,58,10,401876
2025-02-01,Facebook Ads,META_CMP_01_신규유저,논타겟,IMG_적립혜택_겨울_B_v1,823,57,13,635137
2025-02-01,Facebook Ads,META_CMP_01_신규유저,논타겟,CRS_플러스멤버십_겨울_v1,470,39,9,411039
2025-02-01,Facebook Ads,META_CMP_02_룩얼라이크,유사타겟,VID_플러스멤버십_겨울_A_v1,787,57,15,948240
2025-02-01,Facebook Ads,META_CMP_02_룩얼라이크,유사타겟,IMG_할인쿠폰_겨울_B_v1,604,54,15,899401
2025-02-01,Facebook Ads,META_CMP_02_룩얼라이크,유사타겟,CRS_특가_겨울_v1,806,61,12,841334
2025-02-01,Facebook Ads,META_CMP_03_재구매,VIP,IMG_배송혜택_겨울_A_v1,301,19,4,465494
2025-02-01,Facebook Ads,META_CMP_03_재구매,VIP,VID_적립혜택_겨울_B_v1,362,12,7,476860
2025-02-01,Facebook Ads,META_CMP_03_재구매,VIP,CRS_신상품_겨울_v1,320,16,6,568665
2025-02-01,Facebook Ads,META_CMP_03_재구매,윈백,IMG_배송혜택_겨울_A_v1,633,24,14,990730
2025-02-01,Facebook Ads,META_CMP_03_재구매,윈백,VID_적립혜택_겨울_B_v1,499,26,9,710877
2025-02-01,Facebook Ads,META_CMP_03_재구매,윈백,CRS_신상품_겨울_v1,636,27,9,773205
2025-02-01,naver_search,NVR_CMP_01_브랜드KW,논타겟,TXT_플러스멤버십_겨울_A_v1,1053,168,61,5479519
2025-02-01,naver_search,NVR_CMP_02_일반KW,논타겟,TXT_할인쿠폰_겨울_A_v1,883,82,41,2869647
2025-02-01,naver_search,NVR_CMP_02_일반KW,논타겟,TXT_플러스멤버십_겨울_B_v1,1097,169,72,3630083
2025-02-01,naver_search,NVR_CMP_03_재구매,VIP,IMG_배송혜택_겨울_A_v1,250,15,7,587884
2025-02-01,naver_search,NVR_CMP_03_재구매,VIP,VID_적립혜택_겨울_B_v1,285,25,17,2100731
2025-02-01,naver_search,NVR_CMP_03_재구매,VIP,CRS_신상품_겨울_v1,268,31,21,2251507
2025-02-01,naver_search,NVR_CMP_03_재구매,윈백,IMG_배송혜택_겨울_A_v1,494,32,26,3313565
2025-02-01,naver_search,NVR_CMP_03_재구매,윈백,VID_적립혜택_겨울_B_v1,539,50,30,4195743
2025-02-01,naver_search,NVR_CMP_03_재구매,윈백,CRS_신상품_겨울_v1,405,27,22,1829728
2025-02-02,googleadwords_int,GGL_CMP_01_플러스가입,논타겟,VID_플러스멤버십_겨울_A_v1,1095,113,40,2820615
2025-02-02,googleadwords_int,GGL_CMP_01_플러스가입,논타겟,IMG_플러스멤버십_겨울_B_v1,1402,161,47,2111127
2025-02-02,googleadwords_int,GGL_CMP_01_플러스가입,논타겟,CRS_플러스멤버십_겨울_v1,1442,95,33,1997121
2025-02-02,googleadwords_int,GGL_CMP_01_플러스가입,논타겟,IMG_적립혜택_겨울_v2,1433,120,37,2458575
2025-02-02,googleadwords_int,GGL_CMP_01_플러스가입,유사타겟,VID_플러스멤버십_겨울_A_v1,744,85,24,1471917
2025-02-02,googleadwords_int,GGL_CMP_01_플러스가입,유사타겟,IMG_플러스멤버십_겨울_B_v1,884,104,33,1548749
2025-02-02,googleadwords_int,GGL_CMP_01_플러스가입,유사타겟,CRS_플러스멤버십_겨울_v1,1265,95,25,2292224
2025-02-02,googleadwords_int,GGL_CMP_01_플러스가입,유사타겟,IMG_적립혜택_겨울_v2,974,76,20,1416559
2025-02-02,googleadwords_int,GGL_CMP_02_리타겟팅,리마케팅,VID_할인쿠폰_겨울_A_v1,673,86,44,2900648
2025-02-02,googleadwords_int,GGL_CMP_02_리타겟팅,리마케팅,IMG_할인쿠폰_겨울_B_v1,671,48,14,784917
2025-02-02,googleadwords_int,GGL_CMP_02_리타겟팅,리마케팅,CRS_특가_겨울_v1,799,86,45,2750496
2025-02-02,googleadwords_int,GGL_CMP_03_첫구매,논타겟,VID_적립혜택_겨울_A_v1,1490,113,31,2498894
2025-02-02,googleadwords_int,GGL_CMP_03_첫구매,논타겟,IMG_적립혜택_겨울_B_v1,955,94,46,2917210
2025-02-02,googleadwords_int,GGL_CMP_03_첫구매,논타겟,CRS_할인쿠폰_겨울_v1,1290,106,37,2640112
2025-02-02,googleadwords_int,GGL_CMP_03_첫구매,유사타겟,VID_적립혜택_겨울_A_v1,871,62,25,1381059
2025-02-02,googleadwords_int,GGL_CMP_03_첫구매,유사타겟,IMG_적립혜택_겨울_B_v1,1261,139,50,3636615
2025-02-02,googleadwords_int,GGL_CMP_03_첫구매,유사타겟,CRS_할인쿠폰_겨울_v1,1457,124,58,2404039
2025-02-02,Facebook Ads,META_CMP_01_신규유저,논타겟,VID_플러스멤버십_겨울_A_v1,877,59,7,454488
2025-02-02,Facebook Ads,META_CMP_01_신규유저,논타겟,IMG_적립혜택_겨울_B_v1,756,46,6,397564
2025-02-02,Facebook Ads,META_CMP_01_신규유저,논타겟,CRS_플러스멤버십_겨울_v1,549,40,9,633508
2025-02-02,Facebook Ads,META_CMP_02_룩얼라이크,유사타겟,VID_플러스멤버십_겨울_A_v1,373,30,8,370433
2025-02-02,Facebook Ads,META_CMP_02_룩얼라이크,유사타겟,IMG_할인쿠폰_겨울_B_v1,879,76,17,795009
2025-02-02,Facebook Ads,META_CMP_02_룩얼라이크,유사타겟,CRS_특가_겨울_v1,710,57,11,790304
2025-02-02,Facebook Ads,META_CMP_03_재구매,VIP,IMG_배송혜택_겨울_A_v1,215,11,4,358569
2025-02-02,Facebook Ads,META_CMP_03_재구매,VIP,VID_적립혜택_겨울_B_v1,202,11,5,636871
2025-02-02,Facebook Ads,META_CMP_03_재구매,VIP,CRS_신상품_겨울_v1,197,9,4,322288
2025-02-02,Facebook Ads,META_CMP_03_재구매,윈백,IMG_배송혜택_겨울_A_v1,335,20,12,828790
2025-02-02,Facebook Ads,META_CMP_03_재구매,윈백,VID_적립혜택_겨울_B_v1,476,19,7,552979
2025-02-02,Facebook Ads,META_CMP_03_재구매,윈백,CRS_신상품_겨울_v1,268,13,7,378669
2025-02-02,naver_search,NVR_CMP_01_브랜드KW,논타겟,TXT_플러스멤버십_겨울_A_v1,931,219,98,7320793
2025-02-02,naver_search,NVR_CMP_02_일반KW,논타겟,TXT_할인쿠폰_겨울_A_v1,529,74,36,2770231
2025-02-02,naver_search,NVR_CMP_02_일반KW,논타겟,TXT_플러스멤버십_겨울_B_v1,720,121,53,3174274
2025-02-02,naver_search,NVR_CMP_03_재구매,VIP,IMG_배송혜택_겨울_A_v1,263,20,15,1429154
2025-02-02,naver_search,NVR_CMP_03_재구매,VIP,VID_적립혜택_겨울_B_v1,291,25,17,1345302
2025-02-02,naver_search,NVR_CMP_03_재구매,VIP,CRS_신상품_겨울_v1,228,22,15,1614819
2025-02-02,naver_search,NVR_CMP_03_재구매,윈백,IMG_배송혜택_겨울_A_v1,370,28,21,2124300
2025-02-02,naver_search,NVR_CMP_03_재구매,윈백,VID_적립혜택_겨울_B_v1,540,42,32,2978089
2025-02-02,naver_search,NVR_CMP_03_재구매,윈백,CRS_신상품_겨울_v1,416,43,27,2237390
2025-02-03,googleadwords_int,GGL_CMP_01_플러스가입,논타겟,VID_플러스멤버십_겨울_A_v1,1367,173,40,2346345
2025-02-03,googleadwords_int,GGL_CMP_01_플러스가입,논타겟,IMG_플러스멤버십_겨울_B_v1,1803,208,44,3729912
2025-02-03,googleadwords_int,GGL_CMP_01_플러스가입,논타겟,CRS_플러스멤버십_겨울_v1,1959,264,64,3876062
2025-02-03,googleadwords_int,GGL_CMP_01_플러스가입,논타겟,IMG_적립혜택_겨울_v2,1868,172,33,2519983
2025-02-03,googleadwords_int,GGL_CMP_01_플러스가입,유사타겟,VID_플러스멤버십_겨울_A_v1,1816,146,40,2980726
2025-02-03,googleadwords_int,GGL_CMP_01_플러스가입,유사타겟,IMG_플러스멤버십_겨울_B_v1,1514,197,49,3920348
2025-02-03,googleadwords_int,GGL_CMP_01_플러스가입,유사타겟,CRS_플러스멤버십_겨울_v1,1599,161,34,1464327
2025-02-03,googleadwords_int,GGL_CMP_01_플러스가입,유사타겟,IMG_적립혜택_겨울_v2,1850,250,54,3989854
2025-02-03,googleadwords_int,GGL_CMP_02_리타겟팅,리마케팅,VID_할인쿠폰_겨울_A_v1,1159,127,72,4989958
2025-02-03,googleadwords_int,GGL_CMP_02_리타겟팅,리마케팅,IMG_할인쿠폰_겨울_B_v1,1001,78,34,2074405
2025-02-03,googleadwords_int,GGL_CMP_02_리타겟팅,리마케팅,CRS_특가_겨울_v1,1624,195,62,2947033
2025-02-03,googleadwords_int,GGL_CMP_03_첫구매,논타겟,VID_적립혜택_겨울_A_v1,2231,128,51,2312190
2025-02-03,googleadwords_int,GGL_CMP_03_첫구매,논타겟,IMG_적립혜택_겨울_B_v1,1771,112,47,3380654
2025-02-03,googleadwords_int,GGL_CMP_03_첫구매,논타겟,CRS_할인쿠폰_겨울_v1,1299,134,52,2750574
2025-02-03,googleadwords_int,GGL_CMP_03_첫구매,유사타겟,VID_적립혜택_겨울_A_v1,1454,83,40,2902368
2025-02-03,googleadwords_int,GGL_CMP_03_첫구매,유사타겟,IMG_적립혜택_겨울_B_v1,2281,125,29,2541912
2025-02-03,googleadwords_int,GGL_CMP_03_첫구매,유사타겟,CRS_할인쿠폰_겨울_v1,1932,160,54,2457116
2025-02-03,Facebook Ads,META_CMP_01_신규유저,논타겟,VID_플러스멤버십_겨울_A_v1,702,51,9,370166
2025-02-03,Facebook Ads,META_CMP_01_신규유저,논타겟,IMG_적립혜택_겨울_B_v1,865,36,7,374342
2025-02-03,Facebook Ads,META_CMP_01_신규유저,논타겟,CRS_플러스멤버십_겨울_v1,527,28,7,454251
2025-02-03,Facebook Ads,META_CMP_02_룩얼라이크,유사타겟,VID_플러스멤버십_겨울_A_v1,865,62,17,884231
2025-02-03,Facebook Ads,META_CMP_02_룩얼라이크,유사타겟,IMG_할인쿠폰_겨울_B_v1,901,52,15,645346
2025-02-03,Facebook Ads,META_CMP_02_룩얼라이크,유사타겟,CRS_특가_겨울_v1,724,60,10,537358
2025-02-03,Facebook Ads,META_CMP_03_재구매,VIP,IMG_배송혜택_겨울_A_v1,427,16,9,727913
2025-02-03,Facebook Ads,META_CMP_03_재구매,VIP,VID_적립혜택_겨울_B_v1,386,20,7,530177
2025-02-03,Facebook Ads,META_CMP_03_재구매,VIP,CRS_신상품_겨울_v1,417,17,6,559057
2025-02-03,Facebook Ads,META_CMP_03_재구매,윈백,IMG_배송혜택_겨울_A_v1,747,27,13,1068378
2025-02-03,Facebook Ads,META_CMP_03_재구매,윈백,VID_적립혜택_겨울_B_v1,441,14,5,420677
2025-02-03,Facebook Ads,META_CMP_03_재구매,윈백,CRS_신상품_겨울_v1,651,20,13,823242
2025-02-03,naver_search,NVR_CMP_01_브랜드KW,논타겟,TXT_플러스멤버십_겨울_A_v1,992,232,128,7457932
2025-02-03,naver_search,NVR_CMP_02_일반KW,논타겟,TXT_할인쿠폰_겨울_A_v1,908,99,49,3009390
2025-02-03,naver_search,NVR_CMP_02_일반KW,논타겟,TXT_플러스멤버십_겨울_B_v1,1044,146,46,3527337
2025-02-03,naver_search,NVR_CMP_03_재구매,VIP,IMG_배송혜택_겨울_A_v1,397,30,12,1197433
2025-02-03,naver_search,NVR_CMP_03_재구매,VIP,VID_적립혜택_겨울_B_v1,341,32,14,1215496
2025-02-03,naver_search,NVR_CMP_03_재구매,VIP,CRS_신상품_겨울_v1,395,43,22,2001448
2025-02-03,naver_search,NVR_CMP_03_재구매,윈백,IMG_배송혜택_겨울_A_v1,533,43,27,3065230
2025-02-03,naver_search,NVR_CMP_03_재구매,윈백,VID_적립혜택_겨울_B_v1,837,74,65,7571383
2025-02-03,naver_search,NVR_CMP_03_재구매,윈백,CRS_신상품_겨울_v1,539,53,33,3578265
2025-02-04,googleadwords_int,GGL_CMP_01_플러스가입,논타겟,VID_플러스멤버십_겨울_A_v1,1777,179,59,3084798
2025-02-04,googleadwords_int,GGL_CMP_01_플러스가입,논타겟,IMG_플러스멤버십_겨울_B_v1,865,119,24,1487148
2025-02-04,googleadwords_int,GGL_CMP_01_플러스가입,논타겟,CRS_플러스멤버십_겨울_v1,1342,149,39,2854479
2025-02-04,googleadwords_int,GGL_CMP_01_플러스가입,논타겟,IMG_적립혜택_겨울_v2,894,83,26,1270539
2025-02-04,googleadwords_int,GGL_CMP_01_플러스가입,유사타겟,VID_플러스멤버십_겨울_A_v1,1083,94,31,2155154
2025-02-04,googleadwords_int,GGL_CMP_01_플러스가입,유사타겟,IMG_플러스멤버십_겨울_B_v1,1506,137,25,2186097
2025-02-04,googleadwords_int,GGL_CMP_01_플러스가입,유사타겟,CRS_플러스멤버십_겨울_v1,960,93,18,1342942
2025-02-04,googleadwords_int,GGL_CMP_01_플러스가입,유사타겟,IMG_적립혜택_겨울_v2,1247,131,37,2525343
2025-02-04,googleadwords_int,GGL_CMP_02_리타겟팅,리마케팅,VID_할인쿠폰_겨울_A_v1,1131,129,45,2680074
2025-02-04,googleadwords_int,GGL_CMP_02_리타겟팅,리마케팅,IMG_할인쿠폰_겨울_B_v1,1012,103,55,3400632
2025-02-04,googleadwords_int,GGL_CMP_02_리타겟팅,리마케팅,CRS_특가_겨울_v1,895,68,30,1498752
2025-02-04,googleadwords_int,GGL_CMP_03_첫구매,논타겟,VID_적립혜택_겨울_A_v1,1258,63,31,2423769
2025-02-04,googleadwords_int,GGL_CMP_03_첫구매,논타겟,IMG_적립혜택_겨울_B_v1,1697,160,60,2669194
2025-02-04,googleadwords_int,GGL_CMP_03_첫구매,논타겟,CRS_할인쿠폰_겨울_v1,1156,76,24,1579167
2025-02-04,googleadwords_int,GGL_CMP_03_첫구매,유사타겟,VID_적립혜택_겨울_A_v1,1928,134,60,4246652
2025-02-04,googleadwords_int,GGL_CMP_03_첫구매,유사타겟,IMG_적립혜택_겨울_B_v1,681,51,10,739842
2025-02-04,googleadwords_int,GGL_CMP_03_첫구매,유사타겟,CRS_할인쿠폰_겨울_v1,1703,112,37,2709070
2025-02-04,Facebook Ads,META_CMP_01_신규유저,논타겟,VID_플러스멤버십_겨울_A_v1,812,62,10,560392
2025-02-04,Facebook Ads,META_CMP_01_신규유저,논타겟,IMG_적립혜택_겨울_B_v1,371,19,5,268581
2025-02-04,Facebook Ads,META_CMP_01_신규유저,논타겟,CRS_플러스멤버십_겨울_v1,572,29,4,252590
2025-02-04,Facebook Ads,META_CMP_02_룩얼라이크,유사타겟,VID_플러스멤버십_겨울_A_v1,933,77,22,821483
2025-02-04,Facebook Ads,META_CMP_02_룩얼라이크,유사타겟,IMG_할인쿠폰_겨울_B_v1,920,47,11,718451
2025-02-04,Facebook Ads,META_CMP_02_룩얼라이크,유사타겟,CRS_특가_겨울_v1,678,47,12,643552
2025-02-04,Facebook Ads,META_CMP_03_재구매,VIP,IMG_배송혜택_겨울_A_v1,270,11,5,550997
2025-02-04,Facebook Ads,META_CMP_03_재구매,VIP,VID_적립혜택_겨울_B_v1,297,10,3,243240
2025-02-04,Facebook Ads,META_CMP_03_재구매,VIP,CRS_신상품_겨울_v1,360,23,15,948525
2025-02-04,Facebook Ads,META_CMP_03_재구매,윈백,IMG_배송혜택_겨울_A_v1,636,40,15,1350248
2025-02-04,Facebook Ads,META_CMP_03_재구매,윈백,VID_적립혜택_겨울_B_v1,417,25,12,1168499
2025-02-04,Facebook Ads,META_CMP_03_재구매,윈백,CRS_신상품_겨울_v1,517,32,10,840289
2025-02-04,naver_search,NVR_CMP_01_브랜드KW,논타겟,TXT_플러스멤버십_겨울_A_v1,1298,199,71,6060523
2025-02-04,naver_search,NVR_CMP_02_일반KW,논타겟,TXT_할인쿠폰_겨울_A_v1,1046,143,54,3136406
2025-02-04,naver_search,NVR_CMP_02_일반KW,논타겟,TXT_플러스멤버십_겨울_B_v1,865,100,51,3043011
2025-02-04,naver_search,NVR_CMP_03_재구매,VIP,IMG_배송혜택_겨울_A_v1,207,19,10,1210562
2025-02-04,naver_search,NVR_CMP_03_재구매,VIP,VID_적립혜택_겨울_B_v1,238,18,11,1021376
2025-02-04,naver_search,NVR_CMP_03_재구매,VIP,CRS_신상품_겨울_v1,206,15,15,1410623
2025-02-04,naver_search,NVR_CMP_03_재구매,윈백,IMG_배송혜택_겨울_A_v1,570,44,39,2497597
2025-02-04,naver_search,NVR_CMP_03_재구매,윈백,VID_적립혜택_겨울_B_v1,318,33,25,3146233
2025-02-04,naver_search,NVR_CMP_03_재구매,윈백,CRS_신상품_겨울_v1,562,38,23,2331929
2025-02-05,googleadwords_int,GGL_CMP_01_플러스가입,논타겟,VID_플러스멤버십_겨울_A_v1,1084,77,29,1540183
2025-02-05,googleadwords_int,GGL_CMP_01_플러스가입,논타겟,IMG_플러스멤버십_겨울_B_v1,2099,155,38,2722174
2025-02-05,googleadwords_int,GGL_CMP_01_플러스가입,논타겟,CRS_플러스멤버십_겨울_v1,1301,149,54,2800158
2025-02-05,googleadwords_int,GGL_CMP_01_플러스가입,논타겟,IMG_적립혜택_겨울_v2,1580,121,27,1602141
2025-02-05,googleadwords_int,GGL_CMP_01_플러스가입,유사타겟,VID_플러스멤버십_겨울_A_v1,1519,188,68,4973978
2025-02-05,googleadwords_int,GGL_CMP_01_플러스가입,유사타겟,IMG_플러스멤버십_겨울_B_v1,1659,150,29,1869517
2025-02-05,googleadwords_int,GGL_CMP_01_플러스가입,유사타겟,CRS_플러스멤버십_겨울_v1,804,64,12,711093
2025-02-05,googleadwords_int,GGL_CMP_01_플러스가입,유사타겟,IMG_적립혜택_겨울_v2,1324,165,45,2562429
2025-02-05,googleadwords_int,GGL_CMP_02_리타겟팅,리마케팅,VID_할인쿠폰_겨울_A_v1,1229,77,29,1990817
2025-02-05,googleadwords_int,GGL_CMP_02_리타겟팅,리마케팅,IMG_할인쿠폰_겨울_B_v1,900,94,41,2447268
2025-02-05,googleadwords_int,GGL_CMP_02_리타겟팅,리마케팅,CRS_특가_겨울_v1,930,113,38,2833740
2025-02-05,googleadwords_int,GGL_CMP_03_첫구매,논타겟,VID_적립혜택_겨울_A_v1,1766,179,48,3044511
2025-02-05,googleadwords_int,GGL_CMP_03_첫구매,논타겟,IMG_적립혜택_겨울_B_v1,687,43,18,1196150
2025-02-05,googleadwords_int,GGL_CMP_03_첫구매,논타겟,CRS_할인쿠폰_겨울_v1,1114,87,39,2654998
2025-02-05,googleadwords_int,GGL_CMP_03_첫구매,유사타겟,VID_적립혜택_겨울_A_v1,1674,133,51,2834769
2025-02-05,googleadwords_int,GGL_CMP_03_첫구매,유사타겟,IMG_적립혜택_겨울_B_v1,974,71,24,1422950
2025-02-05,googleadwords_int,GGL_CMP_03_첫구매,유사타겟,CRS_할인쿠폰_겨울_v1,1358,106,35,1880670
2025-02-05,Facebook Ads,META_CMP_01_신규유저,논타겟,VID_플러스멤버십_겨울_A_v1,660,36,7,382025
2025-02-05,Facebook Ads,META_CMP_01_신규유저,논타겟,IMG_적립혜택_겨울_B_v1,843,59,13,634714
2025-02-05,Facebook Ads,META_CMP_01_신규유저,논타겟,CRS_플러스멤버십_겨울_v1,595,29,6,213080
2025-02-05,Facebook Ads,META_CMP_02_룩얼라이크,유사타겟,VID_플러스멤버십_겨울_A_v1,686,47,13,689283
2025-02-05,Facebook Ads,META_CMP_02_룩얼라이크,유사타겟,IMG_할인쿠폰_겨울_B_v1,814,54,13,482948
2025-02-05,Facebook Ads,META_CMP_02_룩얼라이크,유사타겟,CRS_특가_겨울_v1,742,38,13,762857
2025-02-05,Facebook Ads,META_CMP_03_재구매,VIP,IMG_배송혜택_겨울_A_v1,173,7,2,205682
2025-02-05,Facebook Ads,META_CMP_03_재구매,VIP,VID_적립혜택_겨울_B_v1,268,9,4,372003
2025-02-05,Facebook Ads,META_CMP_03_재구매,VIP,CRS_신상품_겨울_v1,243,8,3,215018
2025-02-05,Facebook Ads,META_CMP_03_재구매,윈백,IMG_배송혜택_겨울_A_v1,304,11,4,325639
2025-02-05,Facebook Ads,META_CMP_03_재구매,윈백,VID_적립혜택_겨울_B_v1,373,21,8,808423
2025-02-05,Facebook Ads,META_CMP_03_재구매,윈백,CRS_신상품_겨울_v1,549,23,9,839776
2025-02-05,naver_search,NVR_CMP_01_브랜드KW,논타겟,TXT_플러스멤버십_겨울_A_v1,1301,305,130,8778483
2025-02-05,naver_search,NVR_CMP_02_일반KW,논타겟,TXT_할인쿠폰_겨울_A_v1,965,182,51,3781815
2025-02-05,naver_search,NVR_CMP_02_일반KW,논타겟,TXT_플러스멤버십_겨울_B_v1,828,142,47,2500564
2025-02-05,naver_search,NVR_CMP_03_재구매,VIP,IMG_배송혜택_겨울_A_v1,299,24,21,1960880
2025-02-05,naver_search,NVR_CMP_03_재구매,VIP,VID_적립혜택_겨울_B_v1,270,15,8,855474
2025-02-05,naver_search,NVR_CMP_03_재구매,VIP,CRS_신상품_겨울_v1,282,27,15,1216646
2025-02-05,naver_search,NVR_CMP_03_재구매,윈백,IMG_배송혜택_겨울_A_v1,511,48,46,3276373
2025-02-05,naver_search,NVR_CMP_03_재구매,윈백,VID_적립혜택_겨울_B_v1,449,25,20,1818326
2025-02-05,naver_search,NVR_CMP_03_재구매,윈백,CRS_신상품_겨울_v1,385,31,14,1443794
2025-02-06,googleadwords_int,GGL_CMP_01_플러스가입,논타겟,VID_플러스멤버십_겨울_A_v1,1251,126,29,1734803
2025-02-06,googleadwords_int,GGL_CMP_01_플러스가입,논타겟,IMG_플러스멤버십_겨울_B_v1,1210,82,21,1433492
2025-02-06,googleadwords_int,GGL_CMP_01_플러스가입,논타겟,CRS_플러스멤버십_겨울_v1,1856,180,47,3081698
2025-02-06,googleadwords_int,GGL_CMP_01_플러스가입,논타겟,IMG_적립혜택_겨울_v2,1346,121,31,1772352
2025-02-06,googleadwords_int,GGL_CMP_01_플러스가입,유사타겟,VID_플러스멤버십_겨울_A_v1,1079,91,22,1404173
2025-02-06,googleadwords_int,GGL_CMP_01_플러스가입,유사타겟,IMG_플러스멤버십_겨울_B_v1,1325,96,21,1370603
2025-02-06,googleadwords_int,GGL_CMP_01_플러스가입,유사타겟,CRS_플러스멤버십_겨울_v1,1247,148,53,3835162
2025-02-06,googleadwords_int,GGL_CMP_01_플러스가입,유사타겟,IMG_적립혜택_겨울_v2,1539,150,35,2040969
2025-02-06,googleadwords_int,GGL_CMP_02_리타겟팅,리마케팅,VID_할인쿠폰_겨울_A_v1,1045,116,42,3057451
2025-02-06,googleadwords_int,GGL_CMP_02_리타겟팅,리마케팅,IMG_할인쿠폰_겨울_B_v1,665,65,27,1641654
2025-02-06,googleadwords_int,GGL_CMP_02_리타겟팅,리마케팅,CRS_특가_겨울_v1,1139,152,75,4047855
2025-02-06,googleadwords_int,GGL_CMP_03_첫구매,논타겟,VID_적립혜택_겨울_A_v1,1252,87,26,1885159
2025-02-06,googleadwords_int,GGL_CMP_03_첫구매,논타겟,IMG_적립혜택_겨울_B_v1,1341,118,39,3548553
2025-02-06,googleadwords_int,GGL_CMP_03_첫구매,논타겟,CRS_할인쿠폰_겨울_v1,648,50,18,871717
2025-02-06,googleadwords_int,GGL_CMP_03_첫구매,유사타겟,VID_적립혜택_겨울_A_v1,977,72,38,3226367
2025-02-06,googleadwords_int,GGL_CMP_03_첫구매,유사타겟,IMG_적립혜택_겨울_B_v1,1360,113,48,3709721
2025-02-06,googleadwords_int,GGL_CMP_03_첫구매,유사타겟,CRS_할인쿠폰_겨울_v1,1351,98,35,2523981
2025-02-06,Facebook Ads,META_CMP_01_신규유저,논타겟,VID_플러스멤버십_겨울_A_v1,668,39,9,399341
2025-02-06,Facebook Ads,META_CMP_01_신규유저,논타겟,IMG_적립혜택_겨울_B_v1,557,33,7,225049
2025-02-06,Facebook Ads,META_CMP_01_신규유저,논타겟,CRS_플러스멤버십_겨울_v1,636,56,7,400099
2025-02-06,Facebook Ads,META_CMP_02_룩얼라이크,유사타겟,VID_플러스멤버십_겨울_A_v1,818,61,12,752959
2025-02-06,Facebook Ads,META_CMP_02_룩얼라이크,유사타겟,IMG_할인쿠폰_겨울_B_v1,576,29,7,356587
2025-02-06,Facebook Ads,META_CMP_02_룩얼라이크,유사타겟,CRS_특가_겨울_v1,953,40,8,371776
2025-02-06,Facebook Ads,META_CMP_03_재구매,VIP,IMG_배송혜택_겨울_A_v1,260,17,6,393188
2025-02-06,Facebook Ads,META_CMP_03_재구매,VIP,VID_적립혜택_겨울_B_v1,178,10,3,229856
2025-02-06,Facebook Ads,META_CMP_03_재구매,VIP,CRS_신상품_겨울_v1,214,11,4,358616
2025-02-06,Facebook Ads,META_CMP_03_재구매,윈백,IMG_배송혜택_겨울_A_v1,567,23,12,734293
2025-02-06,Facebook Ads,META_CMP_03_재구매,윈백,VID_적립혜택_겨울_B_v1,482,21,7,437957
2025-02-06,Facebook Ads,META_CMP_03_재구매,윈백,CRS_신상품_겨울_v1,354,19,9,814169
2025-02-06,naver_search,NVR_CMP_01_브랜드KW,논타겟,TXT_플러스멤버십_겨울_A_v1,1354,352,150,10791577
2025-02-06,naver_search,NVR_CMP_02_일반KW,논타겟,TXT_할인쿠폰_겨울_A_v1,801,95,32,2251472
2025-02-06,naver_search,NVR_CMP_02_일반KW,논타겟,TXT_플러스멤버십_겨울_B_v1,1100,113,65,4759943
2025-02-06,naver_search,NVR_CMP_03_재구매,VIP,IMG_배송혜택_겨울_A_v1,275,20,15,1252522
2025-02-06,naver_search,NVR_CMP_03_재구매,VIP,VID_적립혜택_겨울_B_v1,296,29,25,2119904
2025-02-06,naver_search,NVR_CMP_03_재구매,VIP,CRS_신상품_겨울_v1,225,22,13,1334079
2025-02-06,naver_search,NVR_CMP_03_재구매,윈백,IMG_배송혜택_겨울_A_v1,590,51,31,3385692
2025-02-06,naver_search,NVR_CMP_03_재구매,윈백,VID_적립혜택_겨울_B_v1,518,41,30,3624285
2025-02-06,naver_search,NVR_CMP_03_재구매,윈백,CRS_신상품_겨울_v1,520,42,20,1848472
2025-02-07,googleadwords_int,GGL_CMP_01_플러스가입,논타겟,VID_플러스멤버십_겨울_A_v1,1328,115,33,2290736
2025-02-07,googleadwords_int,GGL_CMP_01_플러스가입,논타겟,IMG_플러스멤버십_겨울_B_v1,1334,140,51,2285253
2025-02-07,googleadwords_int,GGL_CMP_01_플러스가입,논타겟,CRS_플러스멤버십_겨울_v1,1291,116,35,2515250
2025-02-07,googleadwords_int,GGL_CMP_01_플러스가입,논타겟,IMG_적립혜택_겨울_v2,1086,86,17,1095292
2025-02-07,googleadwords_int,GGL_CMP_01_플러스가입,유사타겟,VID_플러스멤버십_겨울_A_v1,1423,112,31,2237703
2025-02-07,googleadwords_int,GGL_CMP_01_플러스가입,유사타겟,IMG_플러스멤버십_겨울_B_v1,2181,201,48,3701851
2025-02-07,googleadwords_int,GGL_CMP_01_플러스가입,유사타겟,CRS_플러스멤버십_겨울_v1,1200,111,27,1585055
2025-02-07,googleadwords_int,GGL_CMP_01_플러스가입,유사타겟,IMG_적립혜택_겨울_v2,1119,132,45,2348231
2025-02-07,googleadwords_int,GGL_CMP_02_리타겟팅,리마케팅,VID_할인쿠폰_겨울_A_v1,948,72,41,3076752
2025-02-07,googleadwords_int,GGL_CMP_02_리타겟팅,리마케팅,IMG_할인쿠폰_겨울_B_v1,842,68,19,1599740
2025-02-07,googleadwords_int,GGL_CMP_02_리타겟팅,리마케팅,CRS_특가_겨울_v1,985,84,40,2628206
2025-02-07,googleadwords_int,GGL_CMP_03_첫구매,논타겟,VID_적립혜택_겨울_A_v1,844,90,36,1889559
2025-02-07,googleadwords_int,GGL_CMP_03_첫구매,논타겟,IMG_적립혜택_겨울_B_v1,1716,104,27,1941456
2025-02-07,googleadwords_int,GGL_CMP_03_첫구매,논타겟,CRS_할인쿠폰_겨울_v1,1142,66,32,2271923
2025-02-07,googleadwords_int,GGL_CMP_03_첫구매,유사타겟,VID_적립혜택_겨울_A_v1,790,53,15,1050798
2025-02-07,googleadwords_int,GGL_CMP_03_첫구매,유사타겟,IMG_적립혜택_겨울_B_v1,838,57,26,1784190
2025-02-07,googleadwords_int,GGL_CMP_03_첫구매,유사타겟,CRS_할인쿠폰_겨울_v1,851,74,22,1523950
2025-02-07,Facebook Ads,META_CMP_01_신규유저,논타겟,VID_플러스멤버십_겨울_A_v1,674,45,10,504992
2025-02-07,Facebook Ads,META_CMP_01_신규유저,논타겟,IMG_적립혜택_겨울_B_v1,857,59,11,804523
2025-02-07,Facebook Ads,META_CMP_01_신규유저,논타겟,CRS_플러스멤버십_겨울_v1,483,30,5,303145
2025-02-07,Facebook Ads,META_CMP_02_룩얼라이크,유사타겟,VID_플러스멤버십_겨울_A_v1,386,26,8,404531
2025-02-07,Facebook Ads,META_CMP_02_룩얼라이크,유사타겟,IMG_할인쿠폰_겨울_B_v1,1038,101,17,773835
2025-02-07,Facebook Ads,META_CMP_02_룩얼라이크,유사타겟,CRS_특가_겨울_v1,510,37,7,418813
2025-02-07,Facebook Ads,META_CMP_03_재구매,VIP,IMG_배송혜택_겨울_A_v1,199,8,3,229697
2025-02-07,Facebook Ads,META_CMP_03_재구매,VIP,VID_적립혜택_겨울_B_v1,169,7,3,267506
2025-02-07,Facebook Ads,META_CMP_03_재구매,VIP,CRS_신상품_겨울_v1,347,14,8,528184
2025-02-07,Facebook Ads,META_CMP_03_재구매,윈백,IMG_배송혜택_겨울_A_v1,275,15,9,787337
2025-02-07,Facebook Ads,META_CMP_03_재구매,윈백,VID_적립혜택_겨울_B_v1,374,14,5,534062
2025-02-07,Facebook Ads,META_CMP_03_재구매,윈백,CRS_신상품_겨울_v1,380,13,6,546946
2025-02-07,naver_search,NVR_CMP_01_브랜드KW,논타겟,TXT_플러스멤버십_겨울_A_v1,791,205,98,8157933
2025-02-07,naver_search,NVR_CMP_02_일반KW,논타겟,TXT_할인쿠폰_겨울_A_v1,925,148,57,3696502
2025-02-07,naver_search,NVR_CMP_02_일반KW,논타겟,TXT_플러스멤버십_겨울_B_v1,1102,156,43,3234368
2025-02-07,naver_search,NVR_CMP_03_재구매,VIP,IMG_배송혜택_겨울_A_v1,272,14,11,1091908
2025-02-07,naver_search,NVR_CMP_03_재구매,VIP,VID_적립혜택_겨울_B_v1,470,40,44,3812589
2025-02-07,naver_search,NVR_CMP_03_재구매,VIP,CRS_신상품_겨울_v1,323,20,9,856887
2025-02-07,naver_search,NVR_CMP_03_재구매,윈백,IMG_배송혜택_겨울_A_v1,536,61,46,3547826
2025-02-07,naver_search,NVR_CMP_03_재구매,윈백,VID_적립혜택_겨울_B_v1,539,48,27,3121628
2025-02-07,naver_search,NVR_CMP_03_재구매,윈백,CRS_신상품_겨울_v1,504,43,33,2336382
2025-02-08,googleadwords_int,GGL_CMP_01_플러스가입,논타겟,VID_플러스멤버십_겨울_A_v1,1054,90,31,1805161
2025-02-08,googleadwords_int,GGL_CMP_01_플러스가입,논타겟,IMG_플러스멤버십_겨울_B_v1,1018,86,15,1040967
2025-02-08,googleadwords_int,GGL_CMP_01_플러스가입,논타겟,CRS_플러스멤버십_겨울_v1,769,91,30,1490332
2025-02-08,googleadwords_int,GGL_CMP_01_플러스가입,논타겟,IMG_적립혜택_겨울_v2,902,63,16,1403044
2025-02-08,googleadwords_int,GGL_CMP_01_플러스가입,유사타겟,VID_플러스멤버십_겨울_A_v1,1304,107,39,1766911
2025-02-08,googleadwords_int,GGL_CMP_01_플러스가입,유사타겟,IMG_플러스멤버십_겨울_B_v1,691,71,14,956625
2025-02-08,googleadwords_int,GGL_CMP_01_플러스가입,유사타겟,CRS_플러스멤버십_겨울_v1,1139,129,28,1903005
2025-02-08,googleadwords_int,GGL_CMP_01_플러스가입,유사타겟,IMG_적립혜택_겨울_v2,763,51,14,827417
2025-02-08,googleadwords_int,GGL_CMP_02_리타겟팅,리마케팅,VID_할인쿠폰_겨울_A_v1,968,98,60,3554328
2025-02-08,googleadwords_int,GGL_CMP_02_리타겟팅,리마케팅,IMG_할인쿠폰_겨울_B_v1,701,56,31,1797145
2025-02-08,googleadwords_int,GGL_CMP_02_리타겟팅,리마케팅,CRS_특가_겨울_v1,787,92,32,1564349
2025-02-08,googleadwords_int,GGL_CMP_03_첫구매,논타겟,VID_적립혜택_겨울_A_v1,1132,97,27,2062675
2025-02-08,googleadwords_int,GGL_CMP_03_첫구매,논타겟,IMG_적립혜택_겨울_B_v1,1280,79,31,2422774
2025-02-08,googleadwords_int,GGL_CMP_03_첫구매,논타겟,CRS_할인쿠폰_겨울_v1,639,51,17,1096219
2025-02-08,googleadwords_int,GGL_CMP_03_첫구매,유사타겟,VID_적립혜택_겨울_A_v1,580,41,17,990982
2025-02-08,googleadwords_int,GGL_CMP_03_첫구매,유사타겟,IMG_적립혜택_겨울_B_v1,640,30,13,777447
2025-02-08,googleadwords_int,GGL_CMP_03_첫구매,유사타겟,CRS_할인쿠폰_겨울_v1,1222,76,35,2092238
2025-02-08,Facebook Ads,META_CMP_01_신규유저,논타겟,VID_플러스멤버십_겨울_A_v1,593,45,8,445261
2025-02-08,Facebook Ads,META_CMP_01_신규유저,논타겟,IMG_적립혜택_겨울_B_v1,382,27,4,269000
2025-02-08,Facebook Ads,META_CMP_01_신규유저,논타겟,CRS_플러스멤버십_겨울_v1,407,25,3,179734
2025-02-08,Facebook Ads,META_CMP_02_룩얼라이크,유사타겟,VID_플러스멤버십_겨울_A_v1,392,24,5,268865
2025-02-08,Facebook Ads,META_CMP_02_룩얼라이크,유사타겟,IMG_할인쿠폰_겨울_B_v1,388,26,4,353937
2025-02-08,Facebook Ads,META_CMP_02_룩얼라이크,유사타겟,CRS_특가_겨울_v1,414,27,6,396780
2025-02-08,Facebook Ads,META_CMP_03_재구매,VIP,IMG_배송혜택_겨울_A_v1,258,9,3,224757
2025-02-08,Facebook Ads,META_CMP_03_재구매,VIP,VID_적립혜택_겨울_B_v1,169,4,2,154505
2025-02-08,Facebook Ads,META_CMP_03_재구매,VIP,CRS_신상품_겨울_v1,247,13,6,435957
2025-02-08,Facebook Ads,META_CMP_03_재구매,윈백,IMG_배송혜택_겨울_A_v1,312,14,8,696123
2025-02-08,Facebook Ads,META_CMP_03_재구매,윈백,VID_적립혜택_겨울_B_v1,364,15,6,458182
2025-02-08,Facebook Ads,META_CMP_03_재구매,윈백,CRS_신상품_겨울_v1,399,14,9,730167
2025-02-08,naver_search,NVR_CMP_01_브랜드KW,논타겟,TXT_플러스멤버십_겨울_A_v1,776,137,96,8770076
2025-02-08,naver_search,NVR_CMP_02_일반KW,논타겟,TXT_할인쿠폰_겨울_A_v1,551,92,31,2678063
2025-02-08,naver_search,NVR_CMP_02_일반KW,논타겟,TXT_플러스멤버십_겨울_B_v1,592,61,34,1957656
2025-02-08,naver_search,NVR_CMP_03_재구매,VIP,IMG_배송혜택_겨울_A_v1,183,11,11,790069
2025-02-08,naver_search,NVR_CMP_03_재구매,VIP,VID_적립혜택_겨울_B_v1,203,14,7,579408
2025-02-08,naver_search,NVR_CMP_03_재구매,VIP,CRS_신상품_겨울_v1,249,16,12,1220448
2025-02-08,naver_search,NVR_CMP_03_재구매,윈백,IMG_배송혜택_겨울_A_v1,376,35,33,3361853
2025-02-08,naver_search,NVR_CMP_03_재구매,윈백,VID_적립혜택_겨울_B_v1,347,22,16,2194617
2025-02-08,naver_search,NVR_CMP_03_재구매,윈백,CRS_신상품_겨울_v1,340,37,16,1318575
2025-02-09,googleadwords_int,GGL_CMP_01_플러스가입,논타겟,VID_플러스멤버십_겨울_A_v1,1181,100,29,1769590
2025-02-09,googleadwords_int,GGL_CMP_01_플러스가입,논타겟,IMG_플러스멤버십_겨울_B_v1,743,56,11,695424
2025-02-09,googleadwords_int,GGL_CMP_01_플러스가입,논타겟,CRS_플러스멤버십_겨울_v1,937,96,22,1469595
2025-02-09,googleadwords_int,GGL_CMP_01_플러스가입,논타겟,IMG_적립혜택_겨울_v2,1452,150,26,1963737
2025-02-09,googleadwords_int,GGL_CMP_01_플러스가입,유사타겟,VID_플러스멤버십_겨울_A_v1,1474,152,39,2348211
2025-02-09,googleadwords_int,GGL_CMP_01_플러스가입,유사타겟,IMG_플러스멤버십_겨울_B_v1,915,105,23,1278283
2025-02-09,googleadwords_int,GGL_CMP_01_플러스가입,유사타겟,CRS_플러스멤버십_겨울_v1,647,56,14,675361
2025-02-09,googleadwords_int,GGL_CMP_01_플러스가입,유사타겟,IMG_적립혜택_겨울_v2,767,105,18,1044870
2025-02-09,googleadwords_int,GGL_CMP_02_리타겟팅,리마케팅,VID_할인쿠폰_겨울_A_v1,650,67,32,2063515
2025-02-09,googleadwords_int,GGL_CMP_02_리타겟팅,리마케팅,IMG_할인쿠폰_겨울_B_v1,864,68,24,1360755
2025-02-09,googleadwords_int,GGL_CMP_02_리타겟팅,리마케팅,CRS_특가_겨울_v1,779,91,39,2018151
2025-02-09,googleadwords_int,GGL_CMP_03_첫구매,논타겟,VID_적립혜택_겨울_A_v1,708,38,14,1045227
2025-02-09,googleadwords_int,GGL_CMP_03_첫구매,논타겟,IMG_적립혜택_겨울_B_v1,1225,98,31,2606998
2025-02-09,googleadwords_int,GGL_CMP_03_첫구매,논타겟,CRS_할인쿠폰_겨울_v1,984,100,41,3104956
2025-02-09,googleadwords_int,GGL_CMP_03_첫구매,유사타겟,VID_적립혜택_겨울_A_v1,1337,110,32,2165521
2025-02-09,googleadwords_int,GGL_CMP_03_첫구매,유사타겟,IMG_적립혜택_겨울_B_v1,902,94,36,2257539
2025-02-09,googleadwords_int,GGL_CMP_03_첫구매,유사타겟,CRS_할인쿠폰_겨울_v1,1356,140,48,3656381
2025-02-09,Facebook Ads,META_CMP_01_신규유저,논타겟,VID_플러스멤버십_겨울_A_v1,363,23,4,211250
2025-02-09,Facebook Ads,META_CMP_01_신규유저,논타겟,IMG_적립혜택_겨울_B_v1,664,42,8,427772
2025-02-09,Facebook Ads,META_CMP_01_신규유저,논타겟,CRS_플러스멤버십_겨울_v1,517,37,7,304652
2025-02-09,Facebook Ads,META_CMP_02_룩얼라이크,유사타겟,VID_플러스멤버십_겨울_A_v1,659,34,8,472543
2025-02-09,Facebook Ads,META_CMP_02_룩얼라이크,유사타겟,IMG_할인쿠폰_겨울_B_v1,455,27,6,381051
2025-02-09,Facebook Ads,META_CMP_02_룩얼라이크,유사타겟,CRS_특가_겨울_v1,460,40,9,535630
2025-02-09,Facebook Ads,META_CMP_03_재구매,VIP,IMG_배송혜택_겨울_A_v1,214,12,6,589242
2025-02-09,Facebook Ads,META_CMP_03_재구매,VIP,VID_적립혜택_겨울_B_v1,196,9,5,330270
2025-02-09,Facebook Ads,META_CMP_03_재구매,VIP,CRS_신상품_겨울_v1,253,9,2,273055
2025-02-09,Facebook Ads,META_CMP_03_재구매,윈백,IMG_배송혜택_겨울_A_v1,236,7,3,212844
2025-02-09,Facebook Ads,META_CMP_03_재구매,윈백,VID_적립혜택_겨울_B_v1,306,12,5,339113
2025-02-09,Facebook Ads,META_CMP_03_재구매,윈백,CRS_신상품_겨울_v1,307,11,6,474214
2025-02-09,naver_search,NVR_CMP_01_브랜드KW,논타겟,TXT_플러스멤버십_겨울_A_v1,835,142,89,7416668
2025-02-09,naver_search,NVR_CMP_02_일반KW,논타겟,TXT_할인쿠폰_겨울_A_v1,938,137,44,2994659
2025-02-09,naver_search,NVR_CMP_02_일반KW,논타겟,TXT_플러스멤버십_겨울_B_v1,490,98,29,2438835
2025-02-09,naver_search,NVR_CMP_03_재구매,VIP,IMG_배송혜택_겨울_A_v1,250,26,23,2347572
2025-02-09,naver_search,NVR_CMP_03_재구매,VIP,VID_적립혜택_겨울_B_v1,262,18,10,1137216
2025-02-09,naver_search,NVR_CMP_03_재구매,VIP,CRS_신상품_겨울_v1,277,21,20,1380175
2025-02-09,naver_search,NVR_CMP_03_재구매,윈백,IMG_배송혜택_겨울_A_v1,320,24,10,1037423
2025-02-09,naver_search,NVR_CMP_03_재구매,윈백,VID_적립혜택_겨울_B_v1,529,52,33,4047717
2025-02-09,naver_search,NVR_CMP_03_재구매,윈백,CRS_신상품_겨울_v1,501,27,16,1688748
2025-02-10,googleadwords_int,GGL_CMP_01_플러스가입,논타겟,VID_플러스멤버십_겨울_A_v1,1650,137,52,3595482
2025-02-10,googleadwords_int,GGL_CMP_01_플러스가입,논타겟,IMG_플러스멤버십_겨울_B_v1,1317,79,29,1908357
2025-02-10,googleadwords_int,GGL_CMP_01_플러스가입,논타겟,CRS_플러스멤버십_겨울_v1,1478,224,66,4633993
2025-02-10,googleadwords_int,GGL_CMP_01_플러스가입,논타겟,IMG_적립혜택_겨울_v2,1197,131,28,1956325
2025-02-10,googleadwords_int,GGL_CMP_01_플러스가입,유사타겟,VID_플러스멤버십_겨울_A_v1,963,127,50,2187548
2025-02-10,googleadwords_int,GGL_CMP_01_플러스가입,유사타겟,IMG_플러스멤버십_겨울_B_v1,1040,110,52,2552213
2025-02-10,googleadwords_int,GGL_CMP_01_플러스가입,유사타겟,CRS_플러스멤버십_겨울_v1,1074,119,40,2059519
2025-02-10,googleadwords_int,GGL_CMP_01_플러스가입,유사타겟,IMG_적립혜택_겨울_v2,1403,131,33,2355312
2025-02-10,googleadwords_int,GGL_CMP_02_리타겟팅,리마케팅,VID_할인쿠폰_겨울_A_v1,1218,110,49,3607054
2025-02-10,googleadwords_int,GGL_CMP_02_리타겟팅,리마케팅,IMG_할인쿠폰_겨울_B_v1,1058,103,57,3899166
2025-02-10,googleadwords_int,GGL_CMP_02_리타겟팅,리마케팅,CRS_특가_겨울_v1,1078,81,48,2989493
2025-02-10,googleadwords_int,GGL_CMP_03_첫구매,논타겟,VID_적립혜택_겨울_A_v1,1886,155,98,7441815
2025-02-10,googleadwords_int,GGL_CMP_03_첫구매,논타겟,IMG_적립혜택_겨울_B_v1,1593,98,66,4065546
2025-02-10,googleadwords_int,GGL_CMP_03_첫구매,논타겟,CRS_할인쿠폰_겨울_v1,1395,128,79,5659413
2025-02-10,googleadwords_int,GGL_CMP_03_첫구매,유사타겟,VID_적립혜택_겨울_A_v1,1654,167,68,5428681
2025-02-10,googleadwords_int,GGL_CMP_03_첫구매,유사타겟,IMG_적립혜택_겨울_B_v1,1156,77,30,2468234
2025-02-10,googleadwords_int,GGL_CMP_03_첫구매,유사타겟,CRS_할인쿠폰_겨울_v1,1142,118,70,4448769
2025-02-10,Facebook Ads,META_CMP_01_신규유저,논타겟,VID_플러스멤버십_겨울_A_v1,781,54,13,520555
2025-02-10,Facebook Ads,META_CMP_01_신규유저,논타겟,IMG_적립혜택_겨울_B_v1,870,36,16,660508
2025-02-10,Facebook Ads,META_CMP_01_신규유저,논타겟,CRS_플러스멤버십_겨울_v1,668,38,10,536886
2025-02-10,Facebook Ads,META_CMP_02_룩얼라이크,유사타겟,VID_플러스멤버십_겨울_A_v1,500,43,19,1117535
2025-02-10,Facebook Ads,META_CMP_02_룩얼라이크,유사타겟,IMG_할인쿠폰_겨울_B_v1,690,51,14,649879
2025-02-10,Facebook Ads,META_CMP_02_룩얼라이크,유사타겟,CRS_특가_겨울_v1,654,40,19,880351
2025-02-10,Facebook Ads,META_CMP_03_재구매,VIP,IMG_배송혜택_겨울_A_v1,220,8,5,306895
2025-02-10,Facebook Ads,META_CMP_03_재구매,VIP,VID_적립혜택_겨울_B_v1,299,14,7,739527
2025-02-10,Facebook Ads,META_CMP_03_재구매,VIP,CRS_신상품_겨울_v1,320,20,16,1009924
2025-02-10,Facebook Ads,META_CMP_03_재구매,윈백,IMG_배송혜택_겨울_A_v1,364,12,8,626550
2025-02-10,Facebook Ads,META_CMP_03_재구매,윈백,VID_적립혜택_겨울_B_v1,578,23,10,665103
2025-02-10,Facebook Ads,META_CMP_03_재구매,윈백,CRS_신상품_겨울_v1,454,24,17,1194024
2025-02-10,naver_search,NVR_CMP_01_브랜드KW,논타겟,TXT_플러스멤버십_겨울_A_v1,1223,269,152,13238722
2025-02-10,naver_search,NVR_CMP_02_일반KW,논타겟,TXT_할인쿠폰_겨울_A_v1,839,138,87,6911856
2025-02-10,naver_search,NVR_CMP_02_일반KW,논타겟,TXT_플러스멤버십_겨울_B_v1,1418,209,122,5850906
2025-02-10,naver_search,NVR_CMP_03_재구매,VIP,IMG_배송혜택_겨울_A_v1,404,41,43,3481722
2025-02-10,naver_search,NVR_CMP_03_재구매,VIP,VID_적립혜택_겨울_B_v1,323,19,16,2075276
2025-02-10,naver_search,NVR_CMP_03_재구매,VIP,CRS_신상품_겨울_v1,292,31,27,2357171
2025-02-10,naver_search,NVR_CMP_03_재구매,윈백,IMG_배송혜택_겨울_A_v1,262,20,27,1974976
2025-02-10,naver_search,NVR_CMP_03_재구매,윈백,VID_적립혜택_겨울_B_v1,429,42,44,4389414
2025-02-10,naver_search,NVR_CMP_03_재구매,윈백,CRS_신상품_겨울_v1,288,21,14,1277111
2025-02-11,googleadwords_int,GGL_CMP_01_플러스가입,논타겟,VID_플러스멤버십_겨울_A_v1,960,105,28,1256699
2025-02-11,googleadwords_int,GGL_CMP_01_플러스가입,논타겟,IMG_플러스멤버십_겨울_B_v1,1490,176,39,2405104
2025-02-11,googleadwords_int,GGL_CMP_01_플러스가입,논타겟,CRS_플러스멤버십_겨울_v1,1676,158,53,3008612
2025-02-11,googleadwords_int,GGL_CMP_01_플러스가입,논타겟,IMG_적립혜택_겨울_v2,1072,83,25,1229984
2025-02-11,googleadwords_int,GGL_CMP_01_플러스가입,유사타겟,VID_플러스멤버십_겨울_A_v1,2277,215,46,2979842
2025-02-11,googleadwords_int,GGL_CMP_01_플러스가입,유사타겟,IMG_플러스멤버십_겨울_B_v1,1932,229,57,3674612
2025-02-11,googleadwords_int,GGL_CMP_01_플러스가입,유사타겟,CRS_플러스멤버십_겨울_v1,1708,173,57,3059723
2025-02-11,googleadwords_int,GGL_CMP_01_플러스가입,유사타겟,IMG_적립혜택_겨울_v2,1825,150,42,2331012
2025-02-11,googleadwords_int,GGL_CMP_02_리타겟팅,리마케팅,VID_할인쿠폰_겨울_A_v1,1527,173,54,2991461
2025-02-11,googleadwords_int,GGL_CMP_02_리타겟팅,리마케팅,IMG_할인쿠폰_겨울_B_v1,632,50,24,1638482
2025-02-11,googleadwords_int,GGL_CMP_02_리타겟팅,리마케팅,CRS_특가_겨울_v1,1112,125,67,3003273
2025-02-11,googleadwords_int,GGL_CMP_03_첫구매,논타겟,VID_적립혜택_겨울_A_v1,1463,125,52,3000007
2025-02-11,googleadwords_int,GGL_CMP_03_첫구매,논타겟,IMG_적립혜택_겨울_B_v1,1875,166,65,3671061
2025-02-11,googleadwords_int,GGL_CMP_03_첫구매,논타겟,CRS_할인쿠폰_겨울_v1,1065,86,22,1518065
2025-02-11,googleadwords_int,GGL_CMP_03_첫구매,유사타겟,VID_적립혜택_겨울_A_v1,970,73,32,3125497
2025-02-11,googleadwords_int,GGL_CMP_03_첫구매,유사타겟,IMG_적립혜택_겨울_B_v1,787,83,40,2057697
2025-02-11,googleadwords_int,GGL_CMP_03_첫구매,유사타겟,CRS_할인쿠폰_겨울_v1,1242,77,32,2075906
2025-02-11,Facebook Ads,META_CMP_01_신규유저,논타겟,VID_플러스멤버십_겨울_A_v1,442,19,4,174086
2025-02-11,Facebook Ads,META_CMP_01_신규유저,논타겟,IMG_적립혜택_겨울_B_v1,403,28,5,318392
2025-02-11,Facebook Ads,META_CMP_01_신규유저,논타겟,CRS_플러스멤버십_겨울_v1,509,32,4,212377
2025-02-11,Facebook Ads,META_CMP_02_룩얼라이크,유사타겟,VID_플러스멤버십_겨울_A_v1,983,70,16,864936
2025-02-11,Facebook Ads,META_CMP_02_룩얼라이크,유사타겟,IMG_할인쿠폰_겨울_B_v1,661,37,12,676412
2025-02-11,Facebook Ads,META_CMP_02_룩얼라이크,유사타겟,CRS_특가_겨울_v1,446,29,9,425615
2025-02-11,Facebook Ads,META_CMP_03_재구매,VIP,IMG_배송혜택_겨울_A_v1,182,11,5,415721
2025-02-11,Facebook Ads,META_CMP_03_재구매,VIP,VID_적립혜택_겨울_B_v1,230,11,4,376708
2025-02-11,Facebook Ads,META_CMP_03_재구매,VIP,CRS_신상품_겨울_v1,141,4,1,106688
2025-02-11,Facebook Ads,META_CMP_03_재구매,윈백,IMG_배송혜택_겨울_A_v1,434,33,19,1421887
2025-02-11,Facebook Ads,META_CMP_03_재구매,윈백,VID_적립혜택_겨울_B_v1,308,17,6,419236
2025-02-11,Facebook Ads,META_CMP_03_재구매,윈백,CRS_신상품_겨울_v1,412,13,5,477068
2025-02-11,naver_search,NVR_CMP_01_브랜드KW,논타겟,TXT_플러스멤버십_겨울_A_v1,1424,234,154,11124696
2025-02-11,naver_search,NVR_CMP_02_일반KW,논타겟,TXT_할인쿠폰_겨울_A_v1,854,115,44,3798099
2025-02-11,naver_search,NVR_CMP_02_일반KW,논타겟,TXT_플러스멤버십_겨울_B_v1,1056,135,36,2562407
2025-02-11,naver_search,NVR_CMP_03_재구매,VIP,IMG_배송혜택_겨울_A_v1,213,25,16,1130099
2025-02-11,naver_search,NVR_CMP_03_재구매,VIP,VID_적립혜택_겨울_B_v1,207,13,6,632448
2025-02-11,naver_search,NVR_CMP_03_재구매,VIP,CRS_신상품_겨울_v1,219,19,15,1874908
2025-02-11,naver_search,NVR_CMP_03_재구매,윈백,IMG_배송혜택_겨울_A_v1,391,25,11,1259237
2025-02-11,naver_search,NVR_CMP_03_재구매,윈백,VID_적립혜택_겨울_B_v1,459,27,18,1502196
2025-02-11,naver_search,NVR_CMP_03_재구매,윈백,CRS_신상품_겨울_v1,402,27,10,942219
2025-02-12,googleadwords_int,GGL_CMP_01_플러스가입,논타겟,VID_플러스멤버십_겨울_A_v1,2161,161,46,2639797
2025-02-12,googleadwords_int,GGL_CMP_01_플러스가입,논타겟,IMG_플러스멤버십_겨울_B_v1,1836,130,44,2742073
2025-02-12,googleadwords_int,GGL_CMP_01_플러스가입,논타겟,CRS_플러스멤버십_겨울_v1,1811,177,60,2957975
2025-02-12,googleadwords_int,GGL_CMP_01_플러스가입,논타겟,IMG_적립혜택_겨울_v2,1829,196,54,4176429
2025-02-12,googleadwords_int,GGL_CMP_01_플러스가입,유사타겟,VID_플러스멤버십_겨울_A_v1,1386,94,30,1805662
2025-02-12,googleadwords_int,GGL_CMP_01_플러스가입,유사타겟,IMG_플러스멤버십_겨울_B_v1,1560,223,64,4295788
2025-02-12,googleadwords_int,GGL_CMP_01_플러스가입,유사타겟,CRS_플러스멤버십_겨울_v1,1275,122,27,1534471
2025-02-12,googleadwords_int,GGL_CMP_01_플러스가입,유사타겟,IMG_적립혜택_겨울_v2,1065,96,19,1299318
2025-02-12,googleadwords_int,GGL_CMP_02_리타겟팅,리마케팅,VID_할인쿠폰_겨울_A_v1,1627,112,64,4269227
2025-02-12,googleadwords_int,GGL_CMP_02_리타겟팅,리마케팅,IMG_할인쿠폰_겨울_B_v1,697,74,33,1968512
2025-02-12,googleadwords_int,GGL_CMP_02_리타겟팅,리마케팅,CRS_특가_겨울_v1,951,69,32,2650889
2025-02-12,googleadwords_int,GGL_CMP_03_첫구매,논타겟,VID_적립혜택_겨울_A_v1,1433,131,73,4685801
2025-02-12,googleadwords_int,GGL_CMP_03_첫구매,논타겟,IMG_적립혜택_겨울_B_v1,1529,163,80,5251156
2025-02-12,googleadwords_int,GGL_CMP_03_첫구매,논타겟,CRS_할인쿠폰_겨울_v1,1344,125,51,3654924
2025-02-12,googleadwords_int,GGL_CMP_03_첫구매,유사타겟,VID_적립혜택_겨울_A_v1,1176,59,20,1554325
2025-02-12,googleadwords_int,GGL_CMP_03_첫구매,유사타겟,IMG_적립혜택_겨울_B_v1,1079,87,20,1500699
2025-02-12,googleadwords_int,GGL_CMP_03_첫구매,유사타겟,CRS_할인쿠폰_겨울_v1,1814,145,68,3978025
2025-02-12,Facebook Ads,META_CMP_01_신규유저,논타겟,VID_플러스멤버십_겨울_A_v1,850,61,8,365118
2025-02-12,Facebook Ads,META_CMP_01_신규유저,논타겟,IMG_적립혜택_겨울_B_v1,665,28,8,442280
2025-02-12,Facebook Ads,META_CMP_01_신규유저,논타겟,CRS_플러스멤버십_겨울_v1,608,27,7,339314
2025-02-12,Facebook Ads,META_CMP_02_룩얼라이크,유사타겟,VID_플러스멤버십_겨울_A_v1,907,65,13,809995
2025-02-12,Facebook Ads,META_CMP_02_룩얼라이크,유사타겟,IMG_할인쿠폰_겨울_B_v1,453,21,4,206057
2025-02-12,Facebook Ads,META_CMP_02_룩얼라이크,유사타겟,CRS_특가_겨울_v1,965,71,10,629954
2025-02-12,Facebook Ads,META_CMP_03_재구매,VIP,IMG_배송혜택_겨울_A_v1,273,18,5,355596
2025-02-12,Facebook Ads,META_CMP_03_재구매,VIP,VID_적립혜택_겨울_B_v1,281,9,4,265870
2025-02-12,Facebook Ads,META_CMP_03_재구매,VIP,CRS_신상품_겨울_v1,292,14,8,868672
2025-02-12,Facebook Ads,META_CMP_03_재구매,윈백,IMG_배송혜택_겨울_A_v1,473,17,7,472488
2025-02-12,Facebook Ads,META_CMP_03_재구매,윈백,VID_적립혜택_겨울_B_v1,420,18,6,396650
2025-02-12,Facebook Ads,META_CMP_03_재구매,윈백,CRS_신상품_겨울_v1,280,14,4,349124
2025-02-12,naver_search,NVR_CMP_01_브랜드KW,논타겟,TXT_플러스멤버십_겨울_A_v1,785,191,108,7475471
2025-02-12,naver_search,NVR_CMP_02_일반KW,논타겟,TXT_할인쿠폰_겨울_A_v1,759,94,33,3011666
2025-02-12,naver_search,NVR_CMP_02_일반KW,논타겟,TXT_플러스멤버십_겨울_B_v1,1228,212,69,5765552
2025-02-12,naver_search,NVR_CMP_03_재구매,VIP,IMG_배송혜택_겨울_A_v1,342,24,20,1700579
2025-02-12,naver_search,NVR_CMP_03_재구매,VIP,VID_적립혜택_겨울_B_v1,235,21,10,1032609
2025-02-12,naver_search,NVR_CMP_03_재구매,VIP,CRS_신상품_겨울_v1,307,18,14,1090731
2025-02-12,naver_search,NVR_CMP_03_재구매,윈백,IMG_배송혜택_겨울_A_v1,340,32,15,1659599
2025-02-12,naver_search,NVR_CMP_03_재구매,윈백,VID_적립혜택_겨울_B_v1,374,25,13,1329771
2025-02-12,naver_search,NVR_CMP_03_재구매,윈백,CRS_신상품_겨울_v1,542,46,40,3217070
2025-02-13,googleadwords_int,GGL_CMP_01_플러스가입,논타겟,VID_플러스멤버십_겨울_A_v1,1124,125,27,1948271
2025-02-13,googleadwords_int,GGL_CMP_01_플러스가입,논타겟,IMG_플러스멤버십_겨울_B_v1,1034,144,39,2067907
2025-02-13,googleadwords_int,GGL_CMP_01_플러스가입,논타겟,CRS_플러스멤버십_겨울_v1,1858,161,39,2788910
2025-02-13,googleadwords_int,GGL_CMP_01_플러스가입,논타겟,IMG_적립혜택_겨울_v2,809,90,22,1090336
2025-02-13,googleadwords_int,GGL_CMP_01_플러스가입,유사타겟,VID_플러스멤버십_겨울_A_v1,1653,160,35,2510115
2025-02-13,googleadwords_int,GGL_CMP_01_플러스가입,유사타겟,IMG_플러스멤버십_겨울_B_v1,1188,157,39,2678258
2025-02-13,googleadwords_int,GGL_CMP_01_플러스가입,유사타겟,CRS_플러스멤버십_겨울_v1,2121,237,49,3472311
2025-02-13,googleadwords_int,GGL_CMP_01_플러스가입,유사타겟,IMG_적립혜택_겨울_v2,1226,115,40,1609055
2025-02-13,googleadwords_int,GGL_CMP_02_리타겟팅,리마케팅,VID_할인쿠폰_겨울_A_v1,677,51,23,1950101
2025-02-13,googleadwords_int,GGL_CMP_02_리타겟팅,리마케팅,IMG_할인쿠폰_겨울_B_v1,816,88,40,2484691
2025-02-13,googleadwords_int,GGL_CMP_02_리타겟팅,리마케팅,CRS_특가_겨울_v1,865,70,26,1416870
2025-02-13,googleadwords_int,GGL_CMP_03_첫구매,논타겟,VID_적립혜택_겨울_A_v1,1804,167,55,3201595
2025-02-13,googleadwords_int,GGL_CMP_03_첫구매,논타겟,IMG_적립혜택_겨울_B_v1,1254,136,39,2937431
2025-02-13,googleadwords_int,GGL_CMP_03_첫구매,논타겟,CRS_할인쿠폰_겨울_v1,1864,181,44,2939968
2025-02-13,googleadwords_int,GGL_CMP_03_첫구매,유사타겟,VID_적립혜택_겨울_A_v1,1536,81,36,2778724
2025-02-13,googleadwords_int,GGL_CMP_03_첫구매,유사타겟,IMG_적립혜택_겨울_B_v1,1496,130,57,3898575
2025-02-13,googleadwords_int,GGL_CMP_03_첫구매,유사타겟,CRS_할인쿠폰_겨울_v1,915,66,24,1942422
2025-02-13,Facebook Ads,META_CMP_01_신규유저,논타겟,VID_플러스멤버십_겨울_A_v1,541,42,9,568511
2025-02-13,Facebook Ads,META_CMP_01_신규유저,논타겟,IMG_적립혜택_겨울_B_v1,714,41,5,273856
2025-02-13,Facebook Ads,META_CMP_01_신규유저,논타겟,CRS_플러스멤버십_겨울_v1,590,36,5,254273
2025-02-13,Facebook Ads,META_CMP_02_룩얼라이크,유사타겟,VID_플러스멤버십_겨울_A_v1,842,65,13,769393
2025-02-13,Facebook Ads,META_CMP_02_룩얼라이크,유사타겟,IMG_할인쿠폰_겨울_B_v1,968,61,17,907789
2025-02-13,Facebook Ads,META_CMP_02_룩얼라이크,유사타겟,CRS_특가_겨울_v1,638,46,7,438682
2025-02-13,Facebook Ads,META_CMP_03_재구매,VIP,IMG_배송혜택_겨울_A_v1,141,6,4,297795
2025-02-13,Facebook Ads,META_CMP_03_재구매,VIP,VID_적립혜택_겨울_B_v1,330,13,5,330486
2025-02-13,Facebook Ads,META_CMP_03_재구매,VIP,CRS_신상품_겨울_v1,300,13,9,780252
2025-02-13,Facebook Ads,META_CMP_03_재구매,윈백,IMG_배송혜택_겨울_A_v1,259,10,3,339171
2025-02-13,Facebook Ads,META_CMP_03_재구매,윈백,VID_적립혜택_겨울_B_v1,448,22,11,785693
2025-02-13,Facebook Ads,META_CMP_03_재구매,윈백,CRS_신상품_겨울_v1,284,17,7,651966
2025-02-13,naver_search,NVR_CMP_01_브랜드KW,논타겟,TXT_플러스멤버십_겨울_A_v1,937,152,73,4667619
2025-02-13,naver_search,NVR_CMP_02_일반KW,논타겟,TXT_할인쿠폰_겨울_A_v1,965,179,63,4220375
2025-02-13,naver_search,NVR_CMP_02_일반KW,논타겟,TXT_플러스멤버십_겨울_B_v1,720,114,48,4010755
2025-02-13,naver_search,NVR_CMP_03_재구매,VIP,IMG_배송혜택_겨울_A_v1,287,29,20,1322149
2025-02-13,naver_search,NVR_CMP_03_재구매,VIP,VID_적립혜택_겨울_B_v1,170,18,8,832193
2025-02-13,naver_search,NVR_CMP_03_재구매,VIP,CRS_신상품_겨울_v1,396,33,20,1580489
2025-02-13,naver_search,NVR_CMP_03_재구매,윈백,IMG_배송혜택_겨울_A_v1,336,31,21,1718071
2025-02-13,naver_search,NVR_CMP_03_재구매,윈백,VID_적립혜택_겨울_B_v1,514,34,19,2014575
2025-02-13,naver_search,NVR_CMP_03_재구매,윈백,CRS_신상품_겨울_v1,507,56,34,4874742
2025-02-14,googleadwords_int,GGL_CMP_01_플러스가입,논타겟,VID_플러스멤버십_겨울_A_v1,1339,136,36,2218214
2025-02-14,googleadwords_int,GGL_CMP_01_플러스가입,논타겟,IMG_플러스멤버십_겨울_B_v1,1743,212,77,4236461
2025-02-14,googleadwords_int,GGL_CMP_01_플러스가입,논타겟,CRS_플러스멤버십_겨울_v1,1485,149,47,3259624
2025-02-14,googleadwords_int,GGL_CMP_01_플러스가입,논타겟,IMG_적립혜택_겨울_v2,1172,137,27,1609550
2025-02-14,googleadwords_int,GGL_CMP_01_플러스가입,유사타겟,VID_플러스멤버십_겨울_A_v1,1448,165,35,2780424
2025-02-14,googleadwords_int,GGL_CMP_01_플러스가입,유사타겟,IMG_플러스멤버십_겨울_B_v1,971,82,21,1070697
2025-02-14,googleadwords_int,GGL_CMP_01_플러스가입,유사타겟,CRS_플러스멤버십_겨울_v1,1220,132,34,2502504
2025-02-14,googleadwords_int,GGL_CMP_01_플러스가입,유사타겟,IMG_적립혜택_겨울_v2,2040,309,71,3432625
2025-02-14,googleadwords_int,GGL_CMP_02_리타겟팅,리마케팅,VID_할인쿠폰_겨울_A_v1,821,94,54,2400438
2025-02-14,googleadwords_int,GGL_CMP_02_리타겟팅,리마케팅,IMG_할인쿠폰_겨울_B_v1,937,85,29,1625597
2025-02-14,googleadwords_int,GGL_CMP_02_리타겟팅,리마케팅,CRS_특가_겨울_v1,1026,74,38,2804941
2025-02-14,googleadwords_int,GGL_CMP_03_첫구매,논타겟,VID_적립혜택_겨울_A_v1,1545,86,48,2502793
2025-02-14,googleadwords_int,GGL_CMP_03_첫구매,논타겟,IMG_적립혜택_겨울_B_v1,1168,64,27,1540227
2025-02-14,googleadwords_int,GGL_CMP_03_첫구매,논타겟,CRS_할인쿠폰_겨울_v1,1136,109,50,2535163
2025-02-14,googleadwords_int,GGL_CMP_03_첫구매,유사타겟,VID_적립혜택_겨울_A_v1,1320,118,38,2479887
2025-02-14,googleadwords_int,GGL_CMP_03_첫구매,유사타겟,IMG_적립혜택_겨울_B_v1,1425,103,39,3553250
2025-02-14,googleadwords_int,GGL_CMP_03_첫구매,유사타겟,CRS_할인쿠폰_겨울_v1,1704,152,71,4023011
2025-02-14,Facebook Ads,META_CMP_01_신규유저,논타겟,VID_플러스멤버십_겨울_A_v1,574,35,6,389221
2025-02-14,Facebook Ads,META_CMP_01_신규유저,논타겟,IMG_적립혜택_겨울_B_v1,625,31,5,296373
2025-02-14,Facebook Ads,META_CMP_01_신규유저,논타겟,CRS_플러스멤버십_겨울_v1,522,41,12,635608
2025-02-14,Facebook Ads,META_CMP_02_룩얼라이크,유사타겟,VID_플러스멤버십_겨울_A_v1,687,46,14,744150
2025-02-14,Facebook Ads,META_CMP_02_룩얼라이크,유사타겟,IMG_할인쿠폰_겨울_B_v1,567,34,7,390902
2025-02-14,Facebook Ads,META_CMP_02_룩얼라이크,유사타겟,CRS_특가_겨울_v1,872,56,15,669375
2025-02-14,Facebook Ads,META_CMP_03_재구매,VIP,IMG_배송혜택_겨울_A_v1,374,11,5,347226
2025-02-14,Facebook Ads,META_CMP_03_재구매,VIP,VID_적립혜택_겨울_B_v1,201,9,4,308669
2025-02-14,Facebook Ads,META_CMP_03_재구매,VIP,CRS_신상품_겨울_v1,249,12,4,290886
2025-02-14,Facebook Ads,META_CMP_03_재구매,윈백,IMG_배송혜택_겨울_A_v1,463,30,10,522077
2025-02-14,Facebook Ads,META_CMP_03_재구매,윈백,VID_적립혜택_겨울_B_v1,291,11,5,588544
2025-02-14,Facebook Ads,META_CMP_03_재구매,윈백,CRS_신상품_겨울_v1,355,23,9,796849
2025-02-14,naver_search,NVR_CMP_01_브랜드KW,논타겟,TXT_플러스멤버십_겨울_A_v1,1629,270,96,7113115
2025-02-14,naver_search,NVR_CMP_02_일반KW,논타겟,TXT_할인쿠폰_겨울_A_v1,1290,177,51,4426295
2025-02-14,naver_search,NVR_CMP_02_일반KW,논타겟,TXT_플러스멤버십_겨울_B_v1,1102,175,81,4417666
2025-02-14,naver_search,NVR_CMP_03_재구매,VIP,IMG_배송혜택_겨울_A_v1,349,32,28,2711149
2025-02-14,naver_search,NVR_CMP_03_재구매,VIP,VID_적립혜택_겨울_B_v1,210,13,10,1067653
2025-02-14,naver_search,NVR_CMP_03_재구매,VIP,CRS_신상품_겨울_v1,403,39,26,2663530
2025-02-14,naver_search,NVR_CMP_03_재구매,윈백,IMG_배송혜택_겨울_A_v1,444,50,41,3460746
2025-02-14,naver_search,NVR_CMP_03_재구매,윈백,VID_적립혜택_겨울_B_v1,274,20,18,1499863
2025-02-14,naver_search,NVR_CMP_03_재구매,윈백,CRS_신상품_겨울_v1,279,21,15,1248046
2025-02-15,googleadwords_int,GGL_CMP_01_플러스가입,논타겟,VID_플러스멤버십_겨울_A_v1,1122,76,39,1791861
2025-02-15,googleadwords_int,GGL_CMP_01_플러스가입,논타겟,IMG_플러스멤버십_겨울_B_v1,963,107,39,1643591
2025-02-15,googleadwords_int,GGL_CMP_01_플러스가입,논타겟,CRS_플러스멤버십_겨울_v1,657,59,17,992779
2025-02-15,googleadwords_int,GGL_CMP_01_플러스가입,논타겟,IMG_적립혜택_겨울_v2,1772,195,103,6356660
2025-02-15,googleadwords_int,GGL_CMP_01_플러스가입,유사타겟,VID_플러스멤버십_겨울_A_v1,877,75,24,1229648
2025-02-15,googleadwords_int,GGL_CMP_01_플러스가입,유사타겟,IMG_플러스멤버십_겨울_B_v1,1497,141,45,2612479
2025-02-15,googleadwords_int,GGL_CMP_01_플러스가입,유사타겟,CRS_플러스멤버십_겨울_v1,707,59,18,1406495
2025-02-15,googleadwords_int,GGL_CMP_01_플러스가입,유사타겟,IMG_적립혜택_겨울_v2,965,77,28,1925895
2025-02-15,googleadwords_int,GGL_CMP_02_리타겟팅,리마케팅,VID_할인쿠폰_겨울_A_v1,898,102,54,3277808
2025-02-15,googleadwords_int,GGL_CMP_02_리타겟팅,리마케팅,IMG_할인쿠폰_겨울_B_v1,815,66,44,2811566
2025-02-15,googleadwords_int,GGL_CMP_02_리타겟팅,리마케팅,CRS_특가_겨울_v1,607,65,49,2312164
2025-02-15,googleadwords_int,GGL_CMP_03_첫구매,논타겟,VID_적립혜택_겨울_A_v1,1149,74,57,3143687
2025-02-15,googleadwords_int,GGL_CMP_03_첫구매,논타겟,IMG_적립혜택_겨울_B_v1,881,76,36,2776415
2025-02-15,googleadwords_int,GGL_CMP_03_첫구매,논타겟,CRS_할인쿠폰_겨울_v1,603,53,23,1180739
2025-02-15,googleadwords_int,GGL_CMP_03_첫구매,유사타겟,VID_적립혜택_겨울_A_v1,1083,99,36,1878306
2025-02-15,googleadwords_int,GGL_CMP_03_첫구매,유사타겟,IMG_적립혜택_겨울_B_v1,585,50,24,1094920
2025-02-15,googleadwords_int,GGL_CMP_03_첫구매,유사타겟,CRS_할인쿠폰_겨울_v1,921,53,29,1740638
2025-02-15,Facebook Ads,META_CMP_01_신규유저,논타겟,VID_플러스멤버십_겨울_A_v1,443,23,7,379709
2025-02-15,Facebook Ads,META_CMP_01_신규유저,논타겟,IMG_적립혜택_겨울_B_v1,366,15,3,138834
2025-02-15,Facebook Ads,META_CMP_01_신규유저,논타겟,CRS_플러스멤버십_겨울_v1,542,34,11,567853
2025-02-15,Facebook Ads,META_CMP_02_룩얼라이크,유사타겟,VID_플러스멤버십_겨울_A_v1,510,43,11,472814
2025-02-15,Facebook Ads,META_CMP_02_룩얼라이크,유사타겟,IMG_할인쿠폰_겨울_B_v1,415,26,8,385858
2025-02-15,Facebook Ads,META_CMP_02_룩얼라이크,유사타겟,CRS_특가_겨울_v1,738,54,22,950249
2025-02-15,Facebook Ads,META_CMP_03_재구매,VIP,IMG_배송혜택_겨울_A_v1,217,11,6,414788
2025-02-15,Facebook Ads,META_CMP_03_재구매,VIP,VID_적립혜택_겨울_B_v1,151,7,4,374773
2025-02-15,Facebook Ads,META_CMP_03_재구매,VIP,CRS_신상품_겨울_v1,142,4,2,151672
2025-02-15,Facebook Ads,META_CMP_03_재구매,윈백,IMG_배송혜택_겨울_A_v1,229,12,10,947311
2025-02-15,Facebook Ads,META_CMP_03_재구매,윈백,VID_적립혜택_겨울_B_v1,431,13,8,609843
2025-02-15,Facebook Ads,META_CMP_03_재구매,윈백,CRS_신상품_겨울_v1,253,10,5,392690
2025-02-15,naver_search,NVR_CMP_01_브랜드KW,논타겟,TXT_플러스멤버십_겨울_A_v1,587,107,56,3485464
2025-02-15,naver_search,NVR_CMP_02_일반KW,논타겟,TXT_할인쿠폰_겨울_A_v1,997,130,68,5312316
2025-02-15,naver_search,NVR_CMP_02_일반KW,논타겟,TXT_플러스멤버십_겨울_B_v1,652,78,49,4079044
2025-02-15,naver_search,NVR_CMP_03_재구매,VIP,IMG_배송혜택_겨울_A_v1,311,20,20,1747590
2025-02-15,naver_search,NVR_CMP_03_재구매,VIP,VID_적립혜택_겨울_B_v1,271,18,15,1327340
2025-02-15,naver_search,NVR_CMP_03_재구매,VIP,CRS_신상품_겨울_v1,277,32,25,1846447
2025-02-15,naver_search,NVR_CMP_03_재구매,윈백,IMG_배송혜택_겨울_A_v1,459,47,42,3746946
2025-02-15,naver_search,NVR_CMP_03_재구매,윈백,VID_적립혜택_겨울_B_v1,364,30,26,2825307
2025-02-15,naver_search,NVR_CMP_03_재구매,윈백,CRS_신상품_겨울_v1,312,32,40,2897748
2025-02-16,googleadwords_int,GGL_CMP_01_플러스가입,논타겟,VID_플러스멤버십_겨울_A_v1,836,77,26,1496443
2025-02-16,googleadwords_int,GGL_CMP_01_플러스가입,논타겟,IMG_플러스멤버십_겨울_B_v1,1575,113,28,1349313
2025-02-16,googleadwords_int,GGL_CMP_01_플러스가입,논타겟,CRS_플러스멤버십_겨울_v1,799,72,19,1354394
2025-02-16,googleadwords_int,GGL_CMP_01_플러스가입,논타겟,IMG_적립혜택_겨울_v2,1278,139,31,1854140
2025-02-16,googleadwords_int,GGL_CMP_01_플러스가입,유사타겟,VID_플러스멤버십_겨울_A_v1,1514,125,30,1758128
2025-02-16,googleadwords_int,GGL_CMP_01_플러스가입,유사타겟,IMG_플러스멤버십_겨울_B_v1,802,94,18,1249845
2025-02-16,googleadwords_int,GGL_CMP_01_플러스가입,유사타겟,CRS_플러스멤버십_겨울_v1,896,97,33,1336795
2025-02-16,googleadwords_int,GGL_CMP_01_플러스가입,유사타겟,IMG_적립혜택_겨울_v2,665,76,30,1391639
2025-02-16,googleadwords_int,GGL_CMP_02_리타겟팅,리마케팅,VID_할인쿠폰_겨울_A_v1,820,82,31,1554496
2025-02-16,googleadwords_int,GGL_CMP_02_리타겟팅,리마케팅,IMG_할인쿠폰_겨울_B_v1,785,78,31,2182144
2025-02-16,googleadwords_int,GGL_CMP_02_리타겟팅,리마케팅,CRS_특가_겨울_v1,858,94,37,2641767
2025-02-16,googleadwords_int,GGL_CMP_03_첫구매,논타겟,VID_적립혜택_겨울_A_v1,1206,91,31,2156913
2025-02-16,googleadwords_int,GGL_CMP_03_첫구매,논타겟,IMG_적립혜택_겨울_B_v1,1288,120,42,2171164
2025-02-16,googleadwords_int,GGL_CMP_03_첫구매,논타겟,CRS_할인쿠폰_겨울_v1,540,26,8,553213
2025-02-16,googleadwords_int,GGL_CMP_03_첫구매,유사타겟,VID_적립혜택_겨울_A_v1,1083,93,27,1222052
2025-02-16,googleadwords_int,GGL_CMP_03_첫구매,유사타겟,IMG_적립혜택_겨울_B_v1,1365,93,24,2002871
2025-02-16,googleadwords_int,GGL_CMP_03_첫구매,유사타겟,CRS_할인쿠폰_겨울_v1,931,70,29,1798655
2025-02-16,Facebook Ads,META_CMP_01_신규유저,논타겟,VID_플러스멤버십_겨울_A_v1,426,29,7,323109
2025-02-16,Facebook Ads,META_CMP_01_신규유저,논타겟,IMG_적립혜택_겨울_B_v1,771,46,13,629217
2025-02-16,Facebook Ads,META_CMP_01_신규유저,논타겟,CRS_플러스멤버십_겨울_v1,544,38,7,410161
2025-02-16,Facebook Ads,META_CMP_02_룩얼라이크,유사타겟,VID_플러스멤버십_겨울_A_v1,619,44,9,483973
2025-02-16,Facebook Ads,META_CMP_02_룩얼라이크,유사타겟,IMG_할인쿠폰_겨울_B_v1,445,33,10,538600
2025-02-16,Facebook Ads,META_CMP_02_룩얼라이크,유사타겟,CRS_특가_겨울_v1,475,35,9,386308
2025-02-16,Facebook Ads,META_CMP_03_재구매,VIP,IMG_배송혜택_겨울_A_v1,286,11,5,457038
2025-02-16,Facebook Ads,META_CMP_03_재구매,VIP,VID_적립혜택_겨울_B_v1,158,11,3,296923
2025-02-16,Facebook Ads,META_CMP_03_재구매,VIP,CRS_신상품_겨울_v1,175,7,3,231866
2025-02-16,Facebook Ads,META_CMP_03_재구매,윈백,IMG_배송혜택_겨울_A_v1,265,11,5,418328
2025-02-16,Facebook Ads,META_CMP_03_재구매,윈백,VID_적립혜택_겨울_B_v1,412,24,11,832268
2025-02-16,Facebook Ads,META_CMP_03_재구매,윈백,CRS_신상품_겨울_v1,231,9,3,255024
2025-02-16,naver_search,NVR_CMP_01_브랜드KW,논타겟,TXT_플러스멤버십_겨울_A_v1,767,198,117,8820668
2025-02-16,naver_search,NVR_CMP_02_일반KW,논타겟,TXT_할인쿠폰_겨울_A_v1,926,162,47,2544489
2025-02-16,naver_search,NVR_CMP_02_일반KW,논타겟,TXT_플러스멤버십_겨울_B_v1,919,131,38,2685236
2025-02-16,naver_search,NVR_CMP_03_재구매,VIP,IMG_배송혜택_겨울_A_v1,264,26,19,1478236
2025-02-16,naver_search,NVR_CMP_03_재구매,VIP,VID_적립혜택_겨울_B_v1,210,15,11,1130155
2025-02-16,naver_search,NVR_CMP_03_재구매,VIP,CRS_신상품_겨울_v1,187,16,8,960818
2025-02-16,naver_search,NVR_CMP_03_재구매,윈백,IMG_배송혜택_겨울_A_v1,372,22,18,1907302
2025-02-16,naver_search,NVR_CMP_03_재구매,윈백,VID_적립혜택_겨울_B_v1,285,20,14,1240228
2025-02-16,naver_search,NVR_CMP_03_재구매,윈백,CRS_신상품_겨울_v1,257,20,12,931772
2025-02-17,googleadwords_int,GGL_CMP_01_플러스가입,논타겟,VID_플러스멤버십_겨울_A_v1,1966,195,46,2574454
2025-02-17,googleadwords_int,GGL_CMP_01_플러스가입,논타겟,IMG_플러스멤버십_겨울_B_v1,1028,121,45,2314389
2025-02-17,googleadwords_int,GGL_CMP_01_플러스가입,논타겟,CRS_플러스멤버십_겨울_v1,1712,182,42,2628039
2025-02-17,googleadwords_int,GGL_CMP_01_플러스가입,논타겟,IMG_적립혜택_겨울_v2,2102,197,55,3917964
2025-02-17,googleadwords_int,GGL_CMP_01_플러스가입,유사타겟,VID_플러스멤버십_겨울_A_v1,1407,195,62,4381331
2025-02-17,googleadwords_int,GGL_CMP_01_플러스가입,유사타겟,IMG_플러스멤버십_겨울_B_v1,959,77,21,1469643
2025-02-17,googleadwords_int,GGL_CMP_01_플러스가입,유사타겟,CRS_플러스멤버십_겨울_v1,935,90,19,1292561
2025-02-17,googleadwords_int,GGL_CMP_01_플러스가입,유사타겟,IMG_적립혜택_겨울_v2,1267,109,19,1327825
2025-02-17,googleadwords_int,GGL_CMP_02_리타겟팅,리마케팅,VID_할인쿠폰_겨울_A_v1,1239,151,56,3095153
2025-02-17,googleadwords_int,GGL_CMP_02_리타겟팅,리마케팅,IMG_할인쿠폰_겨울_B_v1,1372,114,47,2929368
2025-02-17,googleadwords_int,GGL_CMP_02_리타겟팅,리마케팅,CRS_특가_겨울_v1,1522,177,67,3888847
2025-02-17,googleadwords_int,GGL_CMP_03_첫구매,논타겟,VID_적립혜택_겨울_A_v1,751,62,24,1679254
2025-02-17,googleadwords_int,GGL_CMP_03_첫구매,논타겟,IMG_적립혜택_겨울_B_v1,1220,80,26,1780164
2025-02-17,googleadwords_int,GGL_CMP_03_첫구매,논타겟,CRS_할인쿠폰_겨울_v1,1383,108,46,3737175
2025-02-17,googleadwords_int,GGL_CMP_03_첫구매,유사타겟,VID_적립혜택_겨울_A_v1,1646,115,45,2787511
2025-02-17,googleadwords_int,GGL_CMP_03_첫구매,유사타겟,IMG_적립혜택_겨울_B_v1,1331,87,22,1988254
2025-02-17,googleadwords_int,GGL_CMP_03_첫구매,유사타겟,CRS_할인쿠폰_겨울_v1,1721,109,46,3755032
2025-02-17,Facebook Ads,META_CMP_01_신규유저,논타겟,VID_플러스멤버십_겨울_A_v1,830,38,5,354024
2025-02-17,Facebook Ads,META_CMP_01_신규유저,논타겟,IMG_적립혜택_겨울_B_v1,731,57,9,466685
2025-02-17,Facebook Ads,META_CMP_01_신규유저,논타겟,CRS_플러스멤버십_겨울_v1,622,50,8,491458
2025-02-17,Facebook Ads,META_CMP_02_룩얼라이크,유사타겟,VID_플러스멤버십_겨울_A_v1,809,40,8,401662
2025-02-17,Facebook Ads,META_CMP_02_룩얼라이크,유사타겟,IMG_할인쿠폰_겨울_B_v1,994,40,9,591925
2025-02-17,Facebook Ads,META_CMP_02_룩얼라이크,유사타겟,CRS_특가_겨울_v1,1027,75,22,1067159
2025-02-17,Facebook Ads,META_CMP_03_재구매,VIP,IMG_배송혜택_겨울_A_v1,280,18,8,821208
2025-02-17,Facebook Ads,META_CMP_03_재구매,VIP,VID_적립혜택_겨울_B_v1,241,14,5,394290
2025-02-17,Facebook Ads,META_CMP_03_재구매,VIP,CRS_신상품_겨울_v1,234,12,5,469093
2025-02-17,Facebook Ads,META_CMP_03_재구매,윈백,IMG_배송혜택_겨울_A_v1,416,20,12,858023
2025-02-17,Facebook Ads,META_CMP_03_재구매,윈백,VID_적립혜택_겨울_B_v1,381,25,9,795315
2025-02-17,Facebook Ads,META_CMP_03_재구매,윈백,CRS_신상품_겨울_v1,269,14,8,490759
2025-02-17,naver_search,NVR_CMP_01_브랜드KW,논타겟,TXT_플러스멤버십_겨울_A_v1,977,252,101,9065192
2025-02-17,naver_search,NVR_CMP_02_일반KW,논타겟,TXT_할인쿠폰_겨울_A_v1,1219,185,77,4797897
2025-02-17,naver_search,NVR_CMP_02_일반KW,논타겟,TXT_플러스멤버십_겨울_B_v1,524,94,40,2953735
2025-02-17,naver_search,NVR_CMP_03_재구매,VIP,IMG_배송혜택_겨울_A_v1,266,20,12,1553100
2025-02-17,naver_search,NVR_CMP_03_재구매,VIP,VID_적립혜택_겨울_B_v1,399,35,21,2023369
2025-02-17,naver_search,NVR_CMP_03_재구매,VIP,CRS_신상품_겨울_v1,272,23,17,1378623
2025-02-17,naver_search,NVR_CMP_03_재구매,윈백,IMG_배송혜택_겨울_A_v1,458,40,34,2967596
2025-02-17,naver_search,NVR_CMP_03_재구매,윈백,VID_적립혜택_겨울_B_v1,469,47,41,3203997
2025-02-17,naver_search,NVR_CMP_03_재구매,윈백,CRS_신상품_겨울_v1,441,26,20,1937010
2025-02-18,googleadwords_int,GGL_CMP_01_플러스가입,논타겟,VID_플러스멤버십_겨울_A_v1,1672,144,31,1302404
2025-02-18,googleadwords_int,GGL_CMP_01_플러스가입,논타겟,IMG_플러스멤버십_겨울_B_v1,969,119,24,1579015
2025-02-18,googleadwords_int,GGL_CMP_01_플러스가입,논타겟,CRS_플러스멤버십_겨울_v1,1831,230,46,2744868
2025-02-18,googleadwords_int,GGL_CMP_01_플러스가입,논타겟,IMG_적립혜택_겨울_v2,1010,79,23,1749994
2025-02-18,googleadwords_int,GGL_CMP_01_플러스가입,유사타겟,VID_플러스멤버십_겨울_A_v1,1291,102,28,1384924
2025-02-18,googleadwords_int,GGL_CMP_01_플러스가입,유사타겟,IMG_플러스멤버십_겨울_B_v1,1877,224,59,3403562
2025-02-18,googleadwords_int,GGL_CMP_01_플러스가입,유사타겟,CRS_플러스멤버십_겨울_v1,1193,118,27,1210073
2025-02-18,googleadwords_int,GGL_CMP_01_플러스가입,유사타겟,IMG_적립혜택_겨울_v2,1309,184,44,3043476
2025-02-18,googleadwords_int,GGL_CMP_02_리타겟팅,리마케팅,VID_할인쿠폰_겨울_A_v1,1380,167,76,5517613
2025-02-18,googleadwords_int,GGL_CMP_02_리타겟팅,리마케팅,IMG_할인쿠폰_겨울_B_v1,869,79,24,1293029
2025-02-18,googleadwords_int,GGL_CMP_02_리타겟팅,리마케팅,CRS_특가_겨울_v1,1217,85,46,3335532
2025-02-18,googleadwords_int,GGL_CMP_03_첫구매,논타겟,VID_적립혜택_겨울_A_v1,1232,102,40,2424316
2025-02-18,googleadwords_int,GGL_CMP_03_첫구매,논타겟,IMG_적립혜택_겨울_B_v1,1108,79,26,1809679
2025-02-18,googleadwords_int,GGL_CMP_03_첫구매,논타겟,CRS_할인쿠폰_겨울_v1,611,62,18,1248964
2025-02-18,googleadwords_int,GGL_CMP_03_첫구매,유사타겟,VID_적립혜택_겨울_A_v1,966,74,20,1636740
2025-02-18,googleadwords_int,GGL_CMP_03_첫구매,유사타겟,IMG_적립혜택_겨울_B_v1,1202,108,33,2126557
2025-02-18,googleadwords_int,GGL_CMP_03_첫구매,유사타겟,CRS_할인쿠폰_겨울_v1,1925,174,77,6321842
2025-02-18,Facebook Ads,META_CMP_01_신규유저,논타겟,VID_플러스멤버십_겨울_A_v1,641,48,9,491876
2025-02-18,Facebook Ads,META_CMP_01_신규유저,논타겟,IMG_적립혜택_겨울_B_v1,549,33,5,402097
2025-02-18,Facebook Ads,META_CMP_01_신규유저,논타겟,CRS_플러스멤버십_겨울_v1,600,43,6,296434
2025-02-18,Facebook Ads,META_CMP_02_룩얼라이크,유사타겟,VID_플러스멤버십_겨울_A_v1,953,52,17,932020
2025-02-18,Facebook Ads,META_CMP_02_룩얼라이크,유사타겟,IMG_할인쿠폰_겨울_B_v1,652,56,11,543335
2025-02-18,Facebook Ads,META_CMP_02_룩얼라이크,유사타겟,CRS_특가_겨울_v1,641,46,11,510593
2025-02-18,Facebook Ads,META_CMP_03_재구매,VIP,IMG_배송혜택_겨울_A_v1,335,15,8,592121
2025-02-18,Facebook Ads,META_CMP_03_재구매,VIP,VID_적립혜택_겨울_B_v1,250,10,6,451789
2025-02-18,Facebook Ads,META_CMP_03_재구매,VIP,CRS_신상품_겨울_v1,173,8,4,360310
2025-02-18,Facebook Ads,META_CMP_03_재구매,윈백,IMG_배송혜택_겨울_A_v1,318,13,5,509858
2025-02-18,Facebook Ads,META_CMP_03_재구매,윈백,VID_적립혜택_겨울_B_v1,447,16,7,566955
2025-02-18,Facebook Ads,META_CMP_03_재구매,윈백,CRS_신상품_겨울_v1,434,17,9,777801
2025-02-18,naver_search,NVR_CMP_01_브랜드KW,논타겟,TXT_플러스멤버십_겨울_A_v1,1685,314,142,10994047
2025-02-18,naver_search,NVR_CMP_02_일반KW,논타겟,TXT_할인쿠폰_겨울_A_v1,823,146,46,3211201
2025-02-18,naver_search,NVR_CMP_02_일반KW,논타겟,TXT_플러스멤버십_겨울_B_v1,1289,135,66,5475071
2025-02-18,naver_search,NVR_CMP_03_재구매,VIP,IMG_배송혜택_겨울_A_v1,257,26,15,1200849
2025-02-18,naver_search,NVR_CMP_03_재구매,VIP,VID_적립혜택_겨울_B_v1,378,34,15,1603683
2025-02-18,naver_search,NVR_CMP_03_재구매,VIP,CRS_신상품_겨울_v1,328,19,15,1688428
2025-02-18,naver_search,NVR_CMP_03_재구매,윈백,IMG_배송혜택_겨울_A_v1,432,41,33,3376065
2025-02-18,naver_search,NVR_CMP_03_재구매,윈백,VID_적립혜택_겨울_B_v1,385,25,16,1639662
2025-02-18,naver_search,NVR_CMP_03_재구매,윈백,CRS_신상품_겨울_v1,775,57,40,4214597
2025-02-19,googleadwords_int,GGL_CMP_01_플러스가입,논타겟,VID_플러스멤버십_겨울_A_v1,1503,101,31,2189121
2025-02-19,googleadwords_int,GGL_CMP_01_플러스가입,논타겟,IMG_플러스멤버십_겨울_B_v1,1599,192,32,2150204
2025-02-19,googleadwords_int,GGL_CMP_01_플러스가입,논타겟,CRS_플러스멤버십_겨울_v1,1440,126,23,1539238
2025-02-19,googleadwords_int,GGL_CMP_01_플러스가입,논타겟,IMG_적립혜택_겨울_v2,1232,96,30,1755278
2025-02-19,googleadwords_int,GGL_CMP_01_플러스가입,유사타겟,VID_플러스멤버십_겨울_A_v1,1469,158,36,2265672
2025-02-19,googleadwords_int,GGL_CMP_01_플러스가입,유사타겟,IMG_플러스멤버십_겨울_B_v1,1221,176,40,1762629
2025-02-19,googleadwords_int,GGL_CMP_01_플러스가입,유사타겟,CRS_플러스멤버십_겨울_v1,1352,157,54,2762074
2025-02-19,googleadwords_int,GGL_CMP_01_플러스가입,유사타겟,IMG_적립혜택_겨울_v2,1313,129,38,2934684
2025-02-19,googleadwords_int,GGL_CMP_02_리타겟팅,리마케팅,VID_할인쿠폰_겨울_A_v1,1117,87,38,2305726
2025-02-19,googleadwords_int,GGL_CMP_02_리타겟팅,리마케팅,IMG_할인쿠폰_겨울_B_v1,1037,86,32,2445184
2025-02-19,googleadwords_int,GGL_CMP_02_리타겟팅,리마케팅,CRS_특가_겨울_v1,691,45,18,942806
2025-02-19,googleadwords_int,GGL_CMP_03_첫구매,논타겟,VID_적립혜택_겨울_A_v1,1286,84,39,2663597
2025-02-19,googleadwords_int,GGL_CMP_03_첫구매,논타겟,IMG_적립혜택_겨울_B_v1,1068,76,24,1504380
2025-02-19,googleadwords_int,GGL_CMP_03_첫구매,논타겟,CRS_할인쿠폰_겨울_v1,1098,65,20,1648245
2025-02-19,googleadwords_int,GGL_CMP_03_첫구매,유사타겟,VID_적립혜택_겨울_A_v1,1640,107,50,2600304
2025-02-19,googleadwords_int,GGL_CMP_03_첫구매,유사타겟,IMG_적립혜택_겨울_B_v1,835,65,20,1110534
2025-02-19,googleadwords_int,GGL_CMP_03_첫구매,유사타겟,CRS_할인쿠폰_겨울_v1,1634,138,54,3980587
2025-02-19,Facebook Ads,META_CMP_01_신규유저,논타겟,VID_플러스멤버십_겨울_A_v1,527,30,8,392920
2025-02-19,Facebook Ads,META_CMP_01_신규유저,논타겟,IMG_적립혜택_겨울_B_v1,429,24,4,275015
2025-02-19,Facebook Ads,META_CMP_01_신규유저,논타겟,CRS_플러스멤버십_겨울_v1,602,43,10,426927
2025-02-19,Facebook Ads,META_CMP_02_룩얼라이크,유사타겟,VID_플러스멤버십_겨울_A_v1,595,44,8,553557
2025-02-19,Facebook Ads,META_CMP_02_룩얼라이크,유사타겟,IMG_할인쿠폰_겨울_B_v1,503,45,11,556015
2025-02-19,Facebook Ads,META_CMP_02_룩얼라이크,유사타겟,CRS_특가_겨울_v1,682,61,15,1040515
2025-02-19,Facebook Ads,META_CMP_03_재구매,VIP,IMG_배송혜택_겨울_A_v1,395,14,4,373799
2025-02-19,Facebook Ads,META_CMP_03_재구매,VIP,VID_적립혜택_겨울_B_v1,414,16,6,544004
2025-02-19,Facebook Ads,META_CMP_03_재구매,VIP,CRS_신상품_겨울_v1,263,16,7,734442
2025-02-19,Facebook Ads,META_CMP_03_재구매,윈백,IMG_배송혜택_겨울_A_v1,568,25,9,823390
2025-02-19,Facebook Ads,META_CMP_03_재구매,윈백,VID_적립혜택_겨울_B_v1,419,15,11,768424
2025-02-19,Facebook Ads,META_CMP_03_재구매,윈백,CRS_신상품_겨울_v1,399,23,12,1001944
2025-02-19,naver_search,NVR_CMP_01_브랜드KW,논타겟,TXT_플러스멤버십_겨울_A_v1,1029,298,157,14990480
2025-02-19,naver_search,NVR_CMP_02_일반KW,논타겟,TXT_할인쿠폰_겨울_A_v1,862,138,44,3826308
2025-02-19,naver_search,NVR_CMP_02_일반KW,논타겟,TXT_플러스멤버십_겨울_B_v1,811,89,38,2035838
2025-02-19,naver_search,NVR_CMP_03_재구매,VIP,IMG_배송혜택_겨울_A_v1,259,17,14,1075344
2025-02-19,naver_search,NVR_CMP_03_재구매,VIP,VID_적립혜택_겨울_B_v1,408,27,21,2024062
2025-02-19,naver_search,NVR_CMP_03_재구매,VIP,CRS_신상품_겨울_v1,356,30,18,2123650
2025-02-19,naver_search,NVR_CMP_03_재구매,윈백,IMG_배송혜택_겨울_A_v1,416,42,32,3119610
2025-02-19,naver_search,NVR_CMP_03_재구매,윈백,VID_적립혜택_겨울_B_v1,446,37,18,2008132
2025-02-19,naver_search,NVR_CMP_03_재구매,윈백,CRS_신상품_겨울_v1,363,19,12,1215528
2025-02-20,googleadwords_int,GGL_CMP_01_플러스가입,논타겟,VID_플러스멤버십_겨울_A_v1,1201,140,33,2484561
2025-02-20,googleadwords_int,GGL_CMP_01_플러스가입,논타겟,IMG_플러스멤버십_겨울_B_v1,1213,94,18,1532287
2025-02-20,googleadwords_int,GGL_CMP_01_플러스가입,논타겟,CRS_플러스멤버십_겨울_v1,1817,142,36,3013453
2025-02-20,googleadwords_int,GGL_CMP_01_플러스가입,논타겟,IMG_적립혜택_겨울_v2,1188,122,27,2008220
2025-02-20,googleadwords_int,GGL_CMP_01_플러스가입,유사타겟,VID_플러스멤버십_겨울_A_v1,1760,200,58,3605260
2025-02-20,googleadwords_int,GGL_CMP_01_플러스가입,유사타겟,IMG_플러스멤버십_겨울_B_v1,1882,151,39,1960319
2025-02-20,googleadwords_int,GGL_CMP_01_플러스가입,유사타겟,CRS_플러스멤버십_겨울_v1,1100,110,31,1748320
2025-02-20,googleadwords_int,GGL_CMP_01_플러스가입,유사타겟,IMG_적립혜택_겨울_v2,1430,151,50,3067121
2025-02-20,googleadwords_int,GGL_CMP_02_리타겟팅,리마케팅,VID_할인쿠폰_겨울_A_v1,966,111,63,4694452
2025-02-20,googleadwords_int,GGL_CMP_02_리타겟팅,리마케팅,IMG_할인쿠폰_겨울_B_v1,1432,105,42,2609251
2025-02-20,googleadwords_int,GGL_CMP_02_리타겟팅,리마케팅,CRS_특가_겨울_v1,1215,91,37,1753744
2025-02-20,googleadwords_int,GGL_CMP_03_첫구매,논타겟,VID_적립혜택_겨울_A_v1,1581,101,50,2305711
2025-02-20,googleadwords_int,GGL_CMP_03_첫구매,논타겟,IMG_적립혜택_겨울_B_v1,778,43,13,818130
2025-02-20,googleadwords_int,GGL_CMP_03_첫구매,논타겟,CRS_할인쿠폰_겨울_v1,1428,104,33,2467355
2025-02-20,googleadwords_int,GGL_CMP_03_첫구매,유사타겟,VID_적립혜택_겨울_A_v1,1369,85,24,2129546
2025-02-20,googleadwords_int,GGL_CMP_03_첫구매,유사타겟,IMG_적립혜택_겨울_B_v1,1016,65,29,1860629
2025-02-20,googleadwords_int,GGL_CMP_03_첫구매,유사타겟,CRS_할인쿠폰_겨울_v1,1748,154,45,2460780
2025-02-20,Facebook Ads,META_CMP_01_신규유저,논타겟,VID_플러스멤버십_겨울_A_v1,440,33,4,245053
2025-02-20,Facebook Ads,META_CMP_01_신규유저,논타겟,IMG_적립혜택_겨울_B_v1,546,29,5,255790
2025-02-20,Facebook Ads,META_CMP_01_신규유저,논타겟,CRS_플러스멤버십_겨울_v1,350,22,4,216380
2025-02-20,Facebook Ads,META_CMP_02_룩얼라이크,유사타겟,VID_플러스멤버십_겨울_A_v1,872,57,15,694443
2025-02-20,Facebook Ads,META_CMP_02_룩얼라이크,유사타겟,IMG_할인쿠폰_겨울_B_v1,591,44,7,419478
2025-02-20,Facebook Ads,META_CMP_02_룩얼라이크,유사타겟,CRS_특가_겨울_v1,656,40,10,773262
2025-02-20,Facebook Ads,META_CMP_03_재구매,VIP,IMG_배송혜택_겨울_A_v1,283,15,10,966653
2025-02-20,Facebook Ads,META_CMP_03_재구매,VIP,VID_적립혜택_겨울_B_v1,195,7,2,230054
2025-02-20,Facebook Ads,META_CMP_03_재구매,VIP,CRS_신상품_겨울_v1,259,14,5,293600
2025-02-20,Facebook Ads,META_CMP_03_재구매,윈백,IMG_배송혜택_겨울_A_v1,673,32,12,1245143
2025-02-20,Facebook Ads,META_CMP_03_재구매,윈백,VID_적립혜택_겨울_B_v1,298,11,4,453618
2025-02-20,Facebook Ads,META_CMP_03_재구매,윈백,CRS_신상품_겨울_v1,355,13,7,593524
2025-02-20,naver_search,NVR_CMP_01_브랜드KW,논타겟,TXT_플러스멤버십_겨울_A_v1,835,259,126,10938725
2025-02-20,naver_search,NVR_CMP_02_일반KW,논타겟,TXT_할인쿠폰_겨울_A_v1,929,145,52,3276320
2025-02-20,naver_search,NVR_CMP_02_일반KW,논타겟,TXT_플러스멤버십_겨울_B_v1,703,105,48,2682141
2025-02-20,naver_search,NVR_CMP_03_재구매,VIP,IMG_배송혜택_겨울_A_v1,426,23,12,957757
2025-02-20,naver_search,NVR_CMP_03_재구매,VIP,VID_적립혜택_겨울_B_v1,297,34,27,2719435
2025-02-20,naver_search,NVR_CMP_03_재구매,VIP,CRS_신상품_겨울_v1,224,15,10,933980
2025-02-20,naver_search,NVR_CMP_03_재구매,윈백,IMG_배송혜택_겨울_A_v1,546,36,32,2185534
2025-02-20,naver_search,NVR_CMP_03_재구매,윈백,VID_적립혜택_겨울_B_v1,460,44,20,1951601
2025-02-20,naver_search,NVR_CMP_03_재구매,윈백,CRS_신상품_겨울_v1,332,28,16,1312171
2025-02-21,googleadwords_int,GGL_CMP_01_플러스가입,논타겟,VID_플러스멤버십_겨울_A_v1,1458,163,33,2394024
2025-02-21,googleadwords_int,GGL_CMP_01_플러스가입,논타겟,IMG_플러스멤버십_겨울_B_v1,1297,180,53,3361783
2025-02-21,googleadwords_int,GGL_CMP_01_플러스가입,논타겟,CRS_플러스멤버십_겨울_v1,1470,182,40,2794132
2025-02-21,googleadwords_int,GGL_CMP_01_플러스가입,논타겟,IMG_적립혜택_겨울_v2,1246,88,29,1847165
2025-02-21,googleadwords_int,GGL_CMP_01_플러스가입,유사타겟,VID_플러스멤버십_겨울_A_v1,852,100,21,1014581
2025-02-21,googleadwords_int,GGL_CMP_01_플러스가입,유사타겟,IMG_플러스멤버십_겨울_B_v1,1163,119,40,2593061
2025-02-21,googleadwords_int,GGL_CMP_01_플러스가입,유사타겟,CRS_플러스멤버십_겨울_v1,874,87,19,831127
2025-02-21,googleadwords_int,GGL_CMP_01_플러스가입,유사타겟,IMG_적립혜택_겨울_v2,1527,145,36,1664388
2025-02-21,googleadwords_int,GGL_CMP_02_리타겟팅,리마케팅,VID_할인쿠폰_겨울_A_v1,1438,101,45,3420185
2025-02-21,googleadwords_int,GGL_CMP_02_리타겟팅,리마케팅,IMG_할인쿠폰_겨울_B_v1,1003,74,33,1902782
2025-02-21,googleadwords_int,GGL_CMP_02_리타겟팅,리마케팅,CRS_특가_겨울_v1,1059,97,28,2303761
2025-02-21,googleadwords_int,GGL_CMP_03_첫구매,논타겟,VID_적립혜택_겨울_A_v1,761,79,32,1842267
2025-02-21,googleadwords_int,GGL_CMP_03_첫구매,논타겟,IMG_적립혜택_겨울_B_v1,1789,93,43,3193038
2025-02-21,googleadwords_int,GGL_CMP_03_첫구매,논타겟,CRS_할인쿠폰_겨울_v1,875,45,21,1463233
2025-02-21,googleadwords_int,GGL_CMP_03_첫구매,유사타겟,VID_적립혜택_겨울_A_v1,1278,106,58,3376678
2025-02-21,googleadwords_int,GGL_CMP_03_첫구매,유사타겟,IMG_적립혜택_겨울_B_v1,1237,99,43,2375160
2025-02-21,googleadwords_int,GGL_CMP_03_첫구매,유사타겟,CRS_할인쿠폰_겨울_v1,1255,100,29,1404674
2025-02-21,Facebook Ads,META_CMP_01_신규유저,논타겟,VID_플러스멤버십_겨울_A_v1,550,30,3,209085
2025-02-21,Facebook Ads,META_CMP_01_신규유저,논타겟,IMG_적립혜택_겨울_B_v1,482,28,7,335253
2025-02-21,Facebook Ads,META_CMP_01_신규유저,논타겟,CRS_플러스멤버십_겨울_v1,555,46,9,519910
2025-02-21,Facebook Ads,META_CMP_02_룩얼라이크,유사타겟,VID_플러스멤버십_겨울_A_v1,750,38,6,461090
2025-02-21,Facebook Ads,META_CMP_02_룩얼라이크,유사타겟,IMG_할인쿠폰_겨울_B_v1,845,49,12,637575
2025-02-21,Facebook Ads,META_CMP_02_룩얼라이크,유사타겟,CRS_특가_겨울_v1,456,22,4,271525
2025-02-21,Facebook Ads,META_CMP_03_재구매,VIP,IMG_배송혜택_겨울_A_v1,383,15,6,522152
2025-02-21,Facebook Ads,META_CMP_03_재구매,VIP,VID_적립혜택_겨울_B_v1,307,15,8,508085
2025-02-21,Facebook Ads,META_CMP_03_재구매,VIP,CRS_신상품_겨울_v1,202,10,4,322744
2025-02-21,Facebook Ads,META_CMP_03_재구매,윈백,IMG_배송혜택_겨울_A_v1,321,12,5,408266
2025-02-21,Facebook Ads,META_CMP_03_재구매,윈백,VID_적립혜택_겨울_B_v1,510,32,12,1408035
2025-02-21,Facebook Ads,META_CMP_03_재구매,윈백,CRS_신상품_겨울_v1,708,25,17,974911
2025-02-21,naver_search,NVR_CMP_01_브랜드KW,논타겟,TXT_플러스멤버십_겨울_A_v1,969,219,114,7797391
2025-02-21,naver_search,NVR_CMP_02_일반KW,논타겟,TXT_할인쿠폰_겨울_A_v1,1336,206,70,4146175
2025-02-21,naver_search,NVR_CMP_02_일반KW,논타겟,TXT_플러스멤버십_겨울_B_v1,1199,144,41,3105049
2025-02-21,naver_search,NVR_CMP_03_재구매,VIP,IMG_배송혜택_겨울_A_v1,242,23,12,1499699
2025-02-21,naver_search,NVR_CMP_03_재구매,VIP,VID_적립혜택_겨울_B_v1,350,31,26,2422919
2025-02-21,naver_search,NVR_CMP_03_재구매,VIP,CRS_신상품_겨울_v1,353,34,21,2007564
2025-02-21,naver_search,NVR_CMP_03_재구매,윈백,IMG_배송혜택_겨울_A_v1,419,26,20,1755124
2025-02-21,naver_search,NVR_CMP_03_재구매,윈백,VID_적립혜택_겨울_B_v1,348,30,24,2381431
2025-02-21,naver_search,NVR_CMP_03_재구매,윈백,CRS_신상품_겨울_v1,669,77,47,5755622
2025-02-22,googleadwords_int,GGL_CMP_01_플러스가입,논타겟,VID_플러스멤버십_겨울_A_v1,689,62,12,887206
2025-02-22,googleadwords_int,GGL_CMP_01_플러스가입,논타겟,IMG_플러스멤버십_겨울_B_v1,1177,97,27,1926630
2025-02-22,googleadwords_int,GGL_CMP_01_플러스가입,논타겟,CRS_플러스멤버십_겨울_v1,1120,131,39,2565113
2025-02-22,googleadwords_int,GGL_CMP_01_플러스가입,논타겟,IMG_적립혜택_겨울_v2,1188,172,37,2229320
2025-02-22,googleadwords_int,GGL_CMP_01_플러스가입,유사타겟,VID_플러스멤버십_겨울_A_v1,1150,152,40,2425484
2025-02-22,googleadwords_int,GGL_CMP_01_플러스가입,유사타겟,IMG_플러스멤버십_겨울_B_v1,1512,162,41,2205378
2025-02-22,googleadwords_int,GGL_CMP_01_플러스가입,유사타겟,CRS_플러스멤버십_겨울_v1,1479,193,39,2914668
2025-02-22,googleadwords_int,GGL_CMP_01_플러스가입,유사타겟,IMG_적립혜택_겨울_v2,1003,104,21,1064063
2025-02-22,googleadwords_int,GGL_CMP_02_리타겟팅,리마케팅,VID_할인쿠폰_겨울_A_v1,835,60,26,1190398
2025-02-22,googleadwords_int,GGL_CMP_02_리타겟팅,리마케팅,IMG_할인쿠폰_겨울_B_v1,679,48,24,1598855
2025-02-22,googleadwords_int,GGL_CMP_02_리타겟팅,리마케팅,CRS_특가_겨울_v1,904,69,32,1637958
2025-02-22,googleadwords_int,GGL_CMP_03_첫구매,논타겟,VID_적립혜택_겨울_A_v1,1215,68,26,1722586
2025-02-22,googleadwords_int,GGL_CMP_03_첫구매,논타겟,IMG_적립혜택_겨울_B_v1,910,49,21,1507424
2025-02-22,googleadwords_int,GGL_CMP_03_첫구매,논타겟,CRS_할인쿠폰_겨울_v1,1218,105,46,2421588
2025-02-22,googleadwords_int,GGL_CMP_03_첫구매,유사타겟,VID_적립혜택_겨울_A_v1,1367,103,33,1968743
2025-02-22,googleadwords_int,GGL_CMP_03_첫구매,유사타겟,IMG_적립혜택_겨울_B_v1,1181,110,44,3127537
2025-02-22,googleadwords_int,GGL_CMP_03_첫구매,유사타겟,CRS_할인쿠폰_겨울_v1,769,55,14,758226
2025-02-22,Facebook Ads,META_CMP_01_신규유저,논타겟,VID_플러스멤버십_겨울_A_v1,422,17,3,203998
2025-02-22,Facebook Ads,META_CMP_01_신규유저,논타겟,IMG_적립혜택_겨울_B_v1,451,21,4,183736
2025-02-22,Facebook Ads,META_CMP_01_신규유저,논타겟,CRS_플러스멤버십_겨울_v1,391,31,4,214161
2025-02-22,Facebook Ads,META_CMP_02_룩얼라이크,유사타겟,VID_플러스멤버십_겨울_A_v1,437,28,8,424630
2025-02-22,Facebook Ads,META_CMP_02_룩얼라이크,유사타겟,IMG_할인쿠폰_겨울_B_v1,571,37,9,363227
2025-02-22,Facebook Ads,META_CMP_02_룩얼라이크,유사타겟,CRS_특가_겨울_v1,340,29,8,353391
2025-02-22,Facebook Ads,META_CMP_03_재구매,VIP,IMG_배송혜택_겨울_A_v1,228,7,3,250183
2025-02-22,Facebook Ads,META_CMP_03_재구매,VIP,VID_적립혜택_겨울_B_v1,255,8,4,234023
2025-02-22,Facebook Ads,META_CMP_03_재구매,VIP,CRS_신상품_겨울_v1,122,4,2,253646
2025-02-22,Facebook Ads,META_CMP_03_재구매,윈백,IMG_배송혜택_겨울_A_v1,201,11,7,449244
2025-02-22,Facebook Ads,META_CMP_03_재구매,윈백,VID_적립혜택_겨울_B_v1,328,18,8,461290
2025-02-22,Facebook Ads,META_CMP_03_재구매,윈백,CRS_신상품_겨울_v1,197,9,3,332945
2025-02-22,naver_search,NVR_CMP_01_브랜드KW,논타겟,TXT_플러스멤버십_겨울_A_v1,1136,167,127,6900743
2025-02-22,naver_search,NVR_CMP_02_일반KW,논타겟,TXT_할인쿠폰_겨울_A_v1,916,132,71,5151395
2025-02-22,naver_search,NVR_CMP_02_일반KW,논타겟,TXT_플러스멤버십_겨울_B_v1,962,191,52,3713565
2025-02-22,naver_search,NVR_CMP_03_재구매,VIP,IMG_배송혜택_겨울_A_v1,166,18,9,646743
2025-02-22,naver_search,NVR_CMP_03_재구매,VIP,VID_적립혜택_겨울_B_v1,196,18,10,868836
2025-02-22,naver_search,NVR_CMP_03_재구매,VIP,CRS_신상품_겨울_v1,231,19,10,958322
2025-02-22,naver_search,NVR_CMP_03_재구매,윈백,IMG_배송혜택_겨울_A_v1,347,25,11,1449015
2025-02-22,naver_search,NVR_CMP_03_재구매,윈백,VID_적립혜택_겨울_B_v1,313,24,18,1666839
2025-02-22,naver_search,NVR_CMP_03_재구매,윈백,CRS_신상품_겨울_v1,424,35,29,3027473
2025-02-23,googleadwords_int,GGL_CMP_01_플러스가입,논타겟,VID_플러스멤버십_겨울_A_v1,1362,122,21,1344721
2025-02-23,googleadwords_int,GGL_CMP_01_플러스가입,논타겟,IMG_플러스멤버십_겨울_B_v1,928,101,35,2752854
2025-02-23,googleadwords_int,GGL_CMP_01_플러스가입,논타겟,CRS_플러스멤버십_겨울_v1,580,53,11,542841
2025-02-23,googleadwords_int,GGL_CMP_01_플러스가입,논타겟,IMG_적립혜택_겨울_v2,1613,132,46,2267921
2025-02-23,googleadwords_int,GGL_CMP_01_플러스가입,유사타겟,VID_플러스멤버십_겨울_A_v1,1465,149,34,2118101
2025-02-23,googleadwords_int,GGL_CMP_01_플러스가입,유사타겟,IMG_플러스멤버십_겨울_B_v1,976,106,30,1460836
2025-02-23,googleadwords_int,GGL_CMP_01_플러스가입,유사타겟,CRS_플러스멤버십_겨울_v1,1262,86,33,1827385
2025-02-23,googleadwords_int,GGL_CMP_01_플러스가입,유사타겟,IMG_적립혜택_겨울_v2,1483,160,46,3162733
2025-02-23,googleadwords_int,GGL_CMP_02_리타겟팅,리마케팅,VID_할인쿠폰_겨울_A_v1,630,57,20,1413695
2025-02-23,googleadwords_int,GGL_CMP_02_리타겟팅,리마케팅,IMG_할인쿠폰_겨울_B_v1,1006,111,37,2034280
2025-02-23,googleadwords_int,GGL_CMP_02_리타겟팅,리마케팅,CRS_특가_겨울_v1,639,72,29,1386415
2025-02-23,googleadwords_int,GGL_CMP_03_첫구매,논타겟,VID_적립혜택_겨울_A_v1,926,76,32,1867135
2025-02-23,googleadwords_int,GGL_CMP_03_첫구매,논타겟,IMG_적립혜택_겨울_B_v1,1133,94,36,2146961
2025-02-23,googleadwords_int,GGL_CMP_03_첫구매,논타겟,CRS_할인쿠폰_겨울_v1,723,63,21,1367329
2025-02-23,googleadwords_int,GGL_CMP_03_첫구매,유사타겟,VID_적립혜택_겨울_A_v1,1117,75,28,1932638
2025-02-23,googleadwords_int,GGL_CMP_03_첫구매,유사타겟,IMG_적립혜택_겨울_B_v1,776,53,22,1423217
2025-02-23,googleadwords_int,GGL_CMP_03_첫구매,유사타겟,CRS_할인쿠폰_겨울_v1,1114,77,27,1975437
2025-02-23,Facebook Ads,META_CMP_01_신규유저,논타겟,VID_플러스멤버십_겨울_A_v1,369,20,4,217343
2025-02-23,Facebook Ads,META_CMP_01_신규유저,논타겟,IMG_적립혜택_겨울_B_v1,532,28,6,317267
2025-02-23,Facebook Ads,META_CMP_01_신규유저,논타겟,CRS_플러스멤버십_겨울_v1,497,38,6,325147
2025-02-23,Facebook Ads,META_CMP_02_룩얼라이크,유사타겟,VID_플러스멤버십_겨울_A_v1,451,21,6,358971
2025-02-23,Facebook Ads,META_CMP_02_룩얼라이크,유사타겟,IMG_할인쿠폰_겨울_B_v1,348,28,6,329531
2025-02-23,Facebook Ads,META_CMP_02_룩얼라이크,유사타겟,CRS_특가_겨울_v1,663,31,10,633389
2025-02-23,Facebook Ads,META_CMP_03_재구매,VIP,IMG_배송혜택_겨울_A_v1,149,7,3,287129
2025-02-23,Facebook Ads,META_CMP_03_재구매,VIP,VID_적립혜택_겨울_B_v1,159,6,3,198638
2025-02-23,Facebook Ads,META_CMP_03_재구매,VIP,CRS_신상품_겨울_v1,185,5,1,89799
2025-02-23,Facebook Ads,META_CMP_03_재구매,윈백,IMG_배송혜택_겨울_A_v1,299,11,4,289553
2025-02-23,Facebook Ads,META_CMP_03_재구매,윈백,VID_적립혜택_겨울_B_v1,534,28,9,661205
2025-02-23,Facebook Ads,META_CMP_03_재구매,윈백,CRS_신상품_겨울_v1,337,12,5,383944
2025-02-23,naver_search,NVR_CMP_01_브랜드KW,논타겟,TXT_플러스멤버십_겨울_A_v1,592,134,90,6637499
2025-02-23,naver_search,NVR_CMP_02_일반KW,논타겟,TXT_할인쿠폰_겨울_A_v1,464,62,20,1088750
2025-02-23,naver_search,NVR_CMP_02_일반KW,논타겟,TXT_플러스멤버십_겨울_B_v1,786,150,41,2351378
2025-02-23,naver_search,NVR_CMP_03_재구매,VIP,IMG_배송혜택_겨울_A_v1,250,26,12,1125373
2025-02-23,naver_search,NVR_CMP_03_재구매,VIP,VID_적립혜택_겨울_B_v1,164,12,7,677163
2025-02-23,naver_search,NVR_CMP_03_재구매,VIP,CRS_신상품_겨울_v1,150,16,7,715806
2025-02-23,naver_search,NVR_CMP_03_재구매,윈백,IMG_배송혜택_겨울_A_v1,262,27,20,1498298
2025-02-23,naver_search,NVR_CMP_03_재구매,윈백,VID_적립혜택_겨울_B_v1,518,31,30,2109362
2025-02-23,naver_search,NVR_CMP_03_재구매,윈백,CRS_신상품_겨울_v1,405,38,31,2647588
2025-02-24,googleadwords_int,GGL_CMP_01_플러스가입,논타겟,VID_플러스멤버십_겨울_A_v1,1755,145,41,2135713
2025-02-24,googleadwords_int,GGL_CMP_01_플러스가입,논타겟,IMG_플러스멤버십_겨울_B_v1,1197,123,25,1865792
2025-02-24,googleadwords_int,GGL_CMP_01_플러스가입,논타겟,CRS_플러스멤버십_겨울_v1,1796,177,46,2736952
2025-02-24,googleadwords_int,GGL_CMP_01_플러스가입,논타겟,IMG_적립혜택_겨울_v2,1394,148,46,2723215
2025-02-24,googleadwords_int,GGL_CMP_01_플러스가입,유사타겟,VID_플러스멤버십_겨울_A_v1,1139,75,18,1234073
2025-02-24,googleadwords_int,GGL_CMP_01_플러스가입,유사타겟,IMG_플러스멤버십_겨울_B_v1,1427,105,29,1448581
2025-02-24,googleadwords_int,GGL_CMP_01_플러스가입,유사타겟,CRS_플러스멤버십_겨울_v1,978,119,22,1668609
2025-02-24,googleadwords_int,GGL_CMP_01_플러스가입,유사타겟,IMG_적립혜택_겨울_v2,1134,135,41,1562613
2025-02-24,googleadwords_int,GGL_CMP_02_리타겟팅,리마케팅,VID_할인쿠폰_겨울_A_v1,1099,104,52,3958820
2025-02-24,googleadwords_int,GGL_CMP_02_리타겟팅,리마케팅,IMG_할인쿠폰_겨울_B_v1,1165,77,43,2674998
2025-02-24,googleadwords_int,GGL_CMP_02_리타겟팅,리마케팅,CRS_특가_겨울_v1,885,93,44,3448179
2025-02-24,googleadwords_int,GGL_CMP_03_첫구매,논타겟,VID_적립혜택_겨울_A_v1,1374,89,35,1812438
2025-02-24,googleadwords_int,GGL_CMP_03_첫구매,논타겟,IMG_적립혜택_겨울_B_v1,1464,113,49,2941910
2025-02-24,googleadwords_int,GGL_CMP_03_첫구매,논타겟,CRS_할인쿠폰_겨울_v1,639,51,29,2162016
2025-02-24,googleadwords_int,GGL_CMP_03_첫구매,유사타겟,VID_적립혜택_겨울_A_v1,1395,115,45,3588262
2025-02-24,googleadwords_int,GGL_CMP_03_첫구매,유사타겟,IMG_적립혜택_겨울_B_v1,1981,125,38,2496804
2025-02-24,googleadwords_int,GGL_CMP_03_첫구매,유사타겟,CRS_할인쿠폰_겨울_v1,1043,60,27,1517147
2025-02-24,Facebook Ads,META_CMP_01_신규유저,논타겟,VID_플러스멤버십_겨울_A_v1,893,79,17,626368
2025-02-24,Facebook Ads,META_CMP_01_신규유저,논타겟,IMG_적립혜택_겨울_B_v1,384,24,6,280487
2025-02-24,Facebook Ads,META_CMP_01_신규유저,논타겟,CRS_플러스멤버십_겨울_v1,708,50,9,518108
2025-02-24,Facebook Ads,META_CMP_02_룩얼라이크,유사타겟,VID_플러스멤버십_겨울_A_v1,571,32,8,412832
2025-02-24,Facebook Ads,META_CMP_02_룩얼라이크,유사타겟,IMG_할인쿠폰_겨울_B_v1,468,26,9,481356
2025-02-24,Facebook Ads,META_CMP_02_룩얼라이크,유사타겟,CRS_특가_겨울_v1,936,95,23,846558
2025-02-24,Facebook Ads,META_CMP_03_재구매,VIP,IMG_배송혜택_겨울_A_v1,199,10,3,276193
2025-02-24,Facebook Ads,META_CMP_03_재구매,VIP,VID_적립혜택_겨울_B_v1,453,16,5,366177
2025-02-24,Facebook Ads,META_CMP_03_재구매,VIP,CRS_신상품_겨울_v1,370,24,12,688711
2025-02-24,Facebook Ads,META_CMP_03_재구매,윈백,IMG_배송혜택_겨울_A_v1,500,21,6,547413
2025-02-24,Facebook Ads,META_CMP_03_재구매,윈백,VID_적립혜택_겨울_B_v1,630,29,12,831725
2025-02-24,Facebook Ads,META_CMP_03_재구매,윈백,CRS_신상품_겨울_v1,498,28,12,1153515
2025-02-24,naver_search,NVR_CMP_01_브랜드KW,논타겟,TXT_플러스멤버십_겨울_A_v1,1122,185,100,10108850
2025-02-24,naver_search,NVR_CMP_02_일반KW,논타겟,TXT_할인쿠폰_겨울_A_v1,886,94,39,3133650
2025-02-24,naver_search,NVR_CMP_02_일반KW,논타겟,TXT_플러스멤버십_겨울_B_v1,1143,140,63,3949116
2025-02-24,naver_search,NVR_CMP_03_재구매,VIP,IMG_배송혜택_겨울_A_v1,293,34,19,1499639
2025-02-24,naver_search,NVR_CMP_03_재구매,VIP,VID_적립혜택_겨울_B_v1,292,23,13,1197854
2025-02-24,naver_search,NVR_CMP_03_재구매,VIP,CRS_신상품_겨울_v1,430,31,29,2611762
2025-02-24,naver_search,NVR_CMP_03_재구매,윈백,IMG_배송혜택_겨울_A_v1,517,42,25,3358386
2025-02-24,naver_search,NVR_CMP_03_재구매,윈백,VID_적립혜택_겨울_B_v1,555,44,30,2667718
2025-02-24,naver_search,NVR_CMP_03_재구매,윈백,CRS_신상품_겨울_v1,725,41,25,2684649
2025-02-25,googleadwords_int,GGL_CMP_01_플러스가입,논타겟,VID_플러스멤버십_겨울_A_v1,886,103,41,3005362
2025-02-25,googleadwords_int,GGL_CMP_01_플러스가입,논타겟,IMG_플러스멤버십_겨울_B_v1,2326,181,75,5531246
2025-02-25,googleadwords_int,GGL_CMP_01_플러스가입,논타겟,CRS_플러스멤버십_겨울_v1,1838,223,81,4638372
2025-02-25,googleadwords_int,GGL_CMP_01_플러스가입,논타겟,IMG_적립혜택_겨울_v2,1244,139,62,4903022
2025-02-25,googleadwords_int,GGL_CMP_01_플러스가입,유사타겟,VID_플러스멤버십_겨울_A_v1,1378,164,52,3151832
2025-02-25,googleadwords_int,GGL_CMP_01_플러스가입,유사타겟,IMG_플러스멤버십_겨울_B_v1,2028,229,94,4740971
2025-02-25,googleadwords_int,GGL_CMP_01_플러스가입,유사타겟,CRS_플러스멤버십_겨울_v1,2011,165,42,2498269
2025-02-25,googleadwords_int,GGL_CMP_01_플러스가입,유사타겟,IMG_적립혜택_겨울_v2,1087,105,50,3621063
2025-02-25,googleadwords_int,GGL_CMP_02_리타겟팅,리마케팅,VID_할인쿠폰_겨울_A_v1,981,119,77,4052711
2025-02-25,googleadwords_int,GGL_CMP_02_리타겟팅,리마케팅,IMG_할인쿠폰_겨울_B_v1,1057,109,82,4037940
2025-02-25,googleadwords_int,GGL_CMP_02_리타겟팅,리마케팅,CRS_특가_겨울_v1,1555,196,94,5671087
2025-02-25,googleadwords_int,GGL_CMP_03_첫구매,논타겟,VID_적립혜택_겨울_A_v1,1171,91,51,2205275
2025-02-25,googleadwords_int,GGL_CMP_03_첫구매,논타겟,IMG_적립혜택_겨울_B_v1,1755,188,107,4962769
2025-02-25,googleadwords_int,GGL_CMP_03_첫구매,논타겟,CRS_할인쿠폰_겨울_v1,826,47,31,1910383
2025-02-25,googleadwords_int,GGL_CMP_03_첫구매,유사타겟,VID_적립혜택_겨울_A_v1,1026,76,36,1570095
2025-02-25,googleadwords_int,GGL_CMP_03_첫구매,유사타겟,IMG_적립혜택_겨울_B_v1,1212,94,35,2171261
2025-02-25,googleadwords_int,GGL_CMP_03_첫구매,유사타겟,CRS_할인쿠폰_겨울_v1,829,56,30,2062667
2025-02-25,Facebook Ads,META_CMP_01_신규유저,논타겟,VID_플러스멤버십_겨울_A_v1,794,40,14,860692
2025-02-25,Facebook Ads,META_CMP_01_신규유저,논타겟,IMG_적립혜택_겨울_B_v1,811,57,17,1129387
2025-02-25,Facebook Ads,META_CMP_01_신규유저,논타겟,CRS_플러스멤버십_겨울_v1,677,31,9,416506
2025-02-25,Facebook Ads,META_CMP_02_룩얼라이크,유사타겟,VID_플러스멤버십_겨울_A_v1,430,37,11,805166
2025-02-25,Facebook Ads,META_CMP_02_룩얼라이크,유사타겟,IMG_할인쿠폰_겨울_B_v1,815,60,22,913668
2025-02-25,Facebook Ads,META_CMP_02_룩얼라이크,유사타겟,CRS_특가_겨울_v1,679,36,18,767866
2025-02-25,Facebook Ads,META_CMP_03_재구매,VIP,IMG_배송혜택_겨울_A_v1,319,19,9,585076
2025-02-25,Facebook Ads,META_CMP_03_재구매,VIP,VID_적립혜택_겨울_B_v1,200,10,4,487567
2025-02-25,Facebook Ads,META_CMP_03_재구매,VIP,CRS_신상품_겨울_v1,214,11,6,527535
2025-02-25,Facebook Ads,META_CMP_03_재구매,윈백,IMG_배송혜택_겨울_A_v1,332,10,6,347584
2025-02-25,Facebook Ads,META_CMP_03_재구매,윈백,VID_적립혜택_겨울_B_v1,335,15,8,592979
2025-02-25,Facebook Ads,META_CMP_03_재구매,윈백,CRS_신상품_겨울_v1,377,20,10,886856
2025-02-25,naver_search,NVR_CMP_01_브랜드KW,논타겟,TXT_플러스멤버십_겨울_A_v1,664,106,72,4062488
2025-02-25,naver_search,NVR_CMP_02_일반KW,논타겟,TXT_할인쿠폰_겨울_A_v1,679,73,43,2994951
2025-02-25,naver_search,NVR_CMP_02_일반KW,논타겟,TXT_플러스멤버십_겨울_B_v1,632,93,30,2303856
2025-02-25,naver_search,NVR_CMP_03_재구매,VIP,IMG_배송혜택_겨울_A_v1,285,24,32,3242887
2025-02-25,naver_search,NVR_CMP_03_재구매,VIP,VID_적립혜택_겨울_B_v1,411,41,43,3148599
2025-02-25,naver_search,NVR_CMP_03_재구매,VIP,CRS_신상품_겨울_v1,247,18,22,2237640
2025-02-25,naver_search,NVR_CMP_03_재구매,윈백,IMG_배송혜택_겨울_A_v1,324,27,24,2316563
2025-02-25,naver_search,NVR_CMP_03_재구매,윈백,VID_적립혜택_겨울_B_v1,337,28,15,1338944
2025-02-25,naver_search,NVR_CMP_03_재구매,윈백,CRS_신상품_겨울_v1,294,21,18,2243462
2025-02-26,googleadwords_int,GGL_CMP_01_플러스가입,논타겟,VID_플러스멤버십_겨울_A_v1,1222,128,29,2008189
2025-02-26,googleadwords_int,GGL_CMP_01_플러스가입,논타겟,IMG_플러스멤버십_겨울_B_v1,1149,146,28,1516291
2025-02-26,googleadwords_int,GGL_CMP_01_플러스가입,논타겟,CRS_플러스멤버십_겨울_v1,1681,187,38,1899376
2025-02-26,googleadwords_int,GGL_CMP_01_플러스가입,논타겟,IMG_적립혜택_겨울_v2,1419,114,24,1600310
2025-02-26,googleadwords_int,GGL_CMP_01_플러스가입,유사타겟,VID_플러스멤버십_겨울_A_v1,1735,166,32,2312546
2025-02-26,googleadwords_int,GGL_CMP_01_플러스가입,유사타겟,IMG_플러스멤버십_겨울_B_v1,1739,142,32,2554163
2025-02-26,googleadwords_int,GGL_CMP_01_플러스가입,유사타겟,CRS_플러스멤버십_겨울_v1,1506,155,32,2048797
2025-02-26,googleadwords_int,GGL_CMP_01_플러스가입,유사타겟,IMG_적립혜택_겨울_v2,1147,144,26,1501618
2025-02-26,googleadwords_int,GGL_CMP_02_리타겟팅,리마케팅,VID_할인쿠폰_겨울_A_v1,1116,77,34,1502332
2025-02-26,googleadwords_int,GGL_CMP_02_리타겟팅,리마케팅,IMG_할인쿠폰_겨울_B_v1,677,59,25,1373985
2025-02-26,googleadwords_int,GGL_CMP_02_리타겟팅,리마케팅,CRS_특가_겨울_v1,689,83,39,2916713
2025-02-26,googleadwords_int,GGL_CMP_03_첫구매,논타겟,VID_적립혜택_겨울_A_v1,1084,92,29,2255394
2025-02-26,googleadwords_int,GGL_CMP_03_첫구매,논타겟,IMG_적립혜택_겨울_B_v1,1344,94,29,2118249
2025-02-26,googleadwords_int,GGL_CMP_03_첫구매,논타겟,CRS_할인쿠폰_겨울_v1,981,62,21,1479412
2025-02-26,googleadwords_int,GGL_CMP_03_첫구매,유사타겟,VID_적립혜택_겨울_A_v1,742,57,16,1366956
2025-02-26,googleadwords_int,GGL_CMP_03_첫구매,유사타겟,IMG_적립혜택_겨울_B_v1,1564,130,35,3073908
2025-02-26,googleadwords_int,GGL_CMP_03_첫구매,유사타겟,CRS_할인쿠폰_겨울_v1,1399,137,64,4585596
2025-02-26,Facebook Ads,META_CMP_01_신규유저,논타겟,VID_플러스멤버십_겨울_A_v1,515,39,5,325987
2025-02-26,Facebook Ads,META_CMP_01_신규유저,논타겟,IMG_적립혜택_겨울_B_v1,505,45,6,316041
2025-02-26,Facebook Ads,META_CMP_01_신규유저,논타겟,CRS_플러스멤버십_겨울_v1,420,30,6,357552
2025-02-26,Facebook Ads,META_CMP_02_룩얼라이크,유사타겟,VID_플러스멤버십_겨울_A_v1,620,31,7,462099
2025-02-26,Facebook Ads,META_CMP_02_룩얼라이크,유사타겟,IMG_할인쿠폰_겨울_B_v1,773,31,8,607035
2025-02-26,Facebook Ads,META_CMP_02_룩얼라이크,유사타겟,CRS_특가_겨울_v1,684,67,13,779218
2025-02-26,Facebook Ads,META_CMP_03_재구매,VIP,IMG_배송혜택_겨울_A_v1,226,11,7,359935
2025-02-26,Facebook Ads,META_CMP_03_재구매,VIP,VID_적립혜택_겨울_B_v1,183,5,3,218682
2025-02-26,Facebook Ads,META_CMP_03_재구매,VIP,CRS_신상품_겨울_v1,292,16,7,568582
2025-02-26,Facebook Ads,META_CMP_03_재구매,윈백,IMG_배송혜택_겨울_A_v1,389,27,13,988207
2025-02-26,Facebook Ads,META_CMP_03_재구매,윈백,VID_적립혜택_겨울_B_v1,620,32,19,1236824
2025-02-26,Facebook Ads,META_CMP_03_재구매,윈백,CRS_신상품_겨울_v1,387,21,8,615286
2025-02-26,naver_search,NVR_CMP_01_브랜드KW,논타겟,TXT_플러스멤버십_겨울_A_v1,1557,414,208,12982333
2025-02-26,naver_search,NVR_CMP_02_일반KW,논타겟,TXT_할인쿠폰_겨울_A_v1,852,163,63,4529933
2025-02-26,naver_search,NVR_CMP_02_일반KW,논타겟,TXT_플러스멤버십_겨울_B_v1,568,92,41,2464695
2025-02-26,naver_search,NVR_CMP_03_재구매,VIP,IMG_배송혜택_겨울_A_v1,340,30,17,1776244
2025-02-26,naver_search,NVR_CMP_03_재구매,VIP,VID_적립혜택_겨울_B_v1,217,24,19,1719710
2025-02-26,naver_search,NVR_CMP_03_재구매,VIP,CRS_신상품_겨울_v1,319,34,18,1790540
2025-02-26,naver_search,NVR_CMP_03_재구매,윈백,IMG_배송혜택_겨울_A_v1,581,32,25,2789033
2025-02-26,naver_search,NVR_CMP_03_재구매,윈백,VID_적립혜택_겨울_B_v1,404,38,31,2511786
2025-02-26,naver_search,NVR_CMP_03_재구매,윈백,CRS_신상품_겨울_v1,592,60,36,2639746
2025-02-27,googleadwords_int,GGL_CMP_01_플러스가입,논타겟,VID_플러스멤버십_겨울_A_v1,1724,215,38,1912215
2025-02-27,googleadwords_int,GGL_CMP_01_플러스가입,논타겟,IMG_플러스멤버십_겨울_B_v1,1217,145,38,2530097
2025-02-27,googleadwords_int,GGL_CMP_01_플러스가입,논타겟,CRS_플러스멤버십_겨울_v1,1862,149,43,2873589
2025-02-27,googleadwords_int,GGL_CMP_01_플러스가입,논타겟,IMG_적립혜택_겨울_v2,980,92,21,1133615
2025-02-27,googleadwords_int,GGL_CMP_01_플러스가입,유사타겟,VID_플러스멤버십_겨울_A_v1,1308,145,32,2312296
2025-02-27,googleadwords_int,GGL_CMP_01_플러스가입,유사타겟,IMG_플러스멤버십_겨울_B_v1,1368,171,36,2210266
2025-02-27,googleadwords_int,GGL_CMP_01_플러스가입,유사타겟,CRS_플러스멤버십_겨울_v1,2358,287,84,6622982
2025-02-27,googleadwords_int,GGL_CMP_01_플러스가입,유사타겟,IMG_적립혜택_겨울_v2,952,113,23,2026502
2025-02-27,googleadwords_int,GGL_CMP_02_리타겟팅,리마케팅,VID_할인쿠폰_겨울_A_v1,729,71,18,1358571
2025-02-27,googleadwords_int,GGL_CMP_02_리타겟팅,리마케팅,IMG_할인쿠폰_겨울_B_v1,910,107,43,2545663
2025-02-27,googleadwords_int,GGL_CMP_02_리타겟팅,리마케팅,CRS_특가_겨울_v1,1109,81,32,1714503
2025-02-27,googleadwords_int,GGL_CMP_03_첫구매,논타겟,VID_적립혜택_겨울_A_v1,1274,107,34,2398370
2025-02-27,googleadwords_int,GGL_CMP_03_첫구매,논타겟,IMG_적립혜택_겨울_B_v1,834,66,27,1942459
2025-02-27,googleadwords_int,GGL_CMP_03_첫구매,논타겟,CRS_할인쿠폰_겨울_v1,1092,121,30,1854814
2025-02-27,googleadwords_int,GGL_CMP_03_첫구매,유사타겟,VID_적립혜택_겨울_A_v1,917,49,17,1044223
2025-02-27,googleadwords_int,GGL_CMP_03_첫구매,유사타겟,IMG_적립혜택_겨울_B_v1,1225,107,50,2615199
2025-02-27,googleadwords_int,GGL_CMP_03_첫구매,유사타겟,CRS_할인쿠폰_겨울_v1,1664,83,35,2731110
2025-02-27,Facebook Ads,META_CMP_01_신규유저,논타겟,VID_플러스멤버십_겨울_A_v1,790,59,8,492889
2025-02-27,Facebook Ads,META_CMP_01_신규유저,논타겟,IMG_적립혜택_겨울_B_v1,584,46,6,372368
2025-02-27,Facebook Ads,META_CMP_01_신규유저,논타겟,CRS_플러스멤버십_겨울_v1,687,34,6,428978
2025-02-27,Facebook Ads,META_CMP_02_룩얼라이크,유사타겟,VID_플러스멤버십_겨울_A_v1,826,55,12,611827
2025-02-27,Facebook Ads,META_CMP_02_룩얼라이크,유사타겟,IMG_할인쿠폰_겨울_B_v1,624,33,6,310255
2025-02-27,Facebook Ads,META_CMP_02_룩얼라이크,유사타겟,CRS_특가_겨울_v1,688,59,15,859626
2025-02-27,Facebook Ads,META_CMP_03_재구매,VIP,IMG_배송혜택_겨울_A_v1,296,18,9,799475
2025-02-27,Facebook Ads,META_CMP_03_재구매,VIP,VID_적립혜택_겨울_B_v1,355,11,7,566857
2025-02-27,Facebook Ads,META_CMP_03_재구매,VIP,CRS_신상품_겨울_v1,340,11,4,350710
2025-02-27,Facebook Ads,META_CMP_03_재구매,윈백,IMG_배송혜택_겨울_A_v1,329,23,10,870332
2025-02-27,Facebook Ads,META_CMP_03_재구매,윈백,VID_적립혜택_겨울_B_v1,422,22,15,1259126
2025-02-27,Facebook Ads,META_CMP_03_재구매,윈백,CRS_신상품_겨울_v1,430,25,12,733374
2025-02-27,naver_search,NVR_CMP_01_브랜드KW,논타겟,TXT_플러스멤버십_겨울_A_v1,1359,241,162,13106001
2025-02-27,naver_search,NVR_CMP_02_일반KW,논타겟,TXT_할인쿠폰_겨울_A_v1,1095,182,79,4665397
2025-02-27,naver_search,NVR_CMP_02_일반KW,논타겟,TXT_플러스멤버십_겨울_B_v1,781,115,38,2196479
2025-02-27,naver_search,NVR_CMP_03_재구매,VIP,IMG_배송혜택_겨울_A_v1,297,29,14,1364314
2025-02-27,naver_search,NVR_CMP_03_재구매,VIP,VID_적립혜택_겨울_B_v1,452,37,24,2708027
2025-02-27,naver_search,NVR_CMP_03_재구매,VIP,CRS_신상품_겨울_v1,402,28,23,2125444
2025-02-27,naver_search,NVR_CMP_03_재구매,윈백,IMG_배송혜택_겨울_A_v1,546,46,33,3515081
2025-02-27,naver_search,NVR_CMP_03_재구매,윈백,VID_적립혜택_겨울_B_v1,374,33,15,1495900
2025-02-27,naver_search,NVR_CMP_03_재구매,윈백,CRS_신상품_겨울_v1,414,27,16,2163167
2025-02-28,googleadwords_int,GGL_CMP_01_플러스가입,논타겟,VID_플러스멤버십_겨울_A_v1,1043,103,41,2080563
2025-02-28,googleadwords_int,GGL_CMP_01_플러스가입,논타겟,IMG_플러스멤버십_겨울_B_v1,2243,202,49,3084948
2025-02-28,googleadwords_int,GGL_CMP_01_플러스가입,논타겟,CRS_플러스멤버십_겨울_v1,2001,247,80,5905065
2025-02-28,googleadwords_int,GGL_CMP_01_플러스가입,논타겟,IMG_적립혜택_겨울_v2,1127,153,31,2805587
2025-02-28,googleadwords_int,GGL_CMP_01_플러스가입,유사타겟,VID_플러스멤버십_겨울_A_v1,1603,152,59,3568436
2025-02-28,googleadwords_int,GGL_CMP_01_플러스가입,유사타겟,IMG_플러스멤버십_겨울_B_v1,1712,179,75,3822658
2025-02-28,googleadwords_int,GGL_CMP_01_플러스가입,유사타겟,CRS_플러스멤버십_겨울_v1,868,97,24,1750989
2025-02-28,googleadwords_int,GGL_CMP_01_플러스가입,유사타겟,IMG_적립혜택_겨울_v2,1277,106,22,1589256
2025-02-28,googleadwords_int,GGL_CMP_02_리타겟팅,리마케팅,VID_할인쿠폰_겨울_A_v1,1171,136,56,2645617
2025-02-28,googleadwords_int,GGL_CMP_02_리타겟팅,리마케팅,IMG_할인쿠폰_겨울_B_v1,1031,122,58,4207600
2025-02-28,googleadwords_int,GGL_CMP_02_리타겟팅,리마케팅,CRS_특가_겨울_v1,1166,115,52,3548353
2025-02-28,googleadwords_int,GGL_CMP_03_첫구매,논타겟,VID_적립혜택_겨울_A_v1,1602,120,40,3484613
2025-02-28,googleadwords_int,GGL_CMP_03_첫구매,논타겟,IMG_적립혜택_겨울_B_v1,1707,172,55,4868042
2025-02-28,googleadwords_int,GGL_CMP_03_첫구매,논타겟,CRS_할인쿠폰_겨울_v1,1234,91,58,3471864
2025-02-28,googleadwords_int,GGL_CMP_03_첫구매,유사타겟,VID_적립혜택_겨울_A_v1,1289,141,44,2875980
2025-02-28,googleadwords_int,GGL_CMP_03_첫구매,유사타겟,IMG_적립혜택_겨울_B_v1,919,61,21,1500393
2025-02-28,googleadwords_int,GGL_CMP_03_첫구매,유사타겟,CRS_할인쿠폰_겨울_v1,1143,77,29,1841170
2025-02-28,Facebook Ads,META_CMP_01_신규유저,논타겟,VID_플러스멤버십_겨울_A_v1,675,31,7,358381
2025-02-28,Facebook Ads,META_CMP_01_신규유저,논타겟,IMG_적립혜택_겨울_B_v1,460,20,3,158167
2025-02-28,Facebook Ads,META_CMP_01_신규유저,논타겟,CRS_플러스멤버십_겨울_v1,587,32,5,244699
2025-02-28,Facebook Ads,META_CMP_02_룩얼라이크,유사타겟,VID_플러스멤버십_겨울_A_v1,445,35,9,406223
2025-02-28,Facebook Ads,META_CMP_02_룩얼라이크,유사타겟,IMG_할인쿠폰_겨울_B_v1,623,56,15,918728
2025-02-28,Facebook Ads,META_CMP_02_룩얼라이크,유사타겟,CRS_특가_겨울_v1,695,45,9,462116
2025-02-28,Facebook Ads,META_CMP_03_재구매,VIP,IMG_배송혜택_겨울_A_v1,216,13,4,282767
2025-02-28,Facebook Ads,META_CMP_03_재구매,VIP,VID_적립혜택_겨울_B_v1,246,13,4,264023
2025-02-28,Facebook Ads,META_CMP_03_재구매,VIP,CRS_신상품_겨울_v1,171,9,5,246946
2025-02-28,Facebook Ads,META_CMP_03_재구매,윈백,IMG_배송혜택_겨울_A_v1,273,10,4,252849
2025-02-28,Facebook Ads,META_CMP_03_재구매,윈백,VID_적립혜택_겨울_B_v1,385,13,6,550058
2025-02-28,Facebook Ads,META_CMP_03_재구매,윈백,CRS_신상품_겨울_v1,364,11,7,538419
2025-02-28,naver_search,NVR_CMP_01_브랜드KW,논타겟,TXT_플러스멤버십_겨울_A_v1,1063,191,61,3800060
2025-02-28,naver_search,NVR_CMP_02_일반KW,논타겟,TXT_할인쿠폰_겨울_A_v1,1224,133,37,3536859
2025-02-28,naver_search,NVR_CMP_02_일반KW,논타겟,TXT_플러스멤버십_겨울_B_v1,638,66,27,1807702
2025-02-28,naver_search,NVR_CMP_03_재구매,VIP,IMG_배송혜택_겨울_A_v1,274,22,9,906551
2025-02-28,naver_search,NVR_CMP_03_재구매,VIP,VID_적립혜택_겨울_B_v1,252,20,12,974725
2025-02-28,naver_search,NVR_CMP_03_재구매,VIP,CRS_신상품_겨울_v1,271,17,9,879869
2025-02-28,naver_search,NVR_CMP_03_재구매,윈백,IMG_배송혜택_겨울_A_v1,437,29,24,2377339
2025-02-28,naver_search,NVR_CMP_03_재구매,윈백,VID_적립혜택_겨울_B_v1,501,39,17,1701571
2025-02-28,naver_search,NVR_CMP_03_재구매,윈백,CRS_신상품_겨울_v1,584,51,28,3300454
2025-03-01,googleadwords_int,GGL_CMP_01_플러스가입,논타겟,VID_플러스멤버십_신학기_A_v1,1492,139,28,1765442
2025-03-01,googleadwords_int,GGL_CMP_01_플러스가입,논타겟,IMG_플러스멤버십_신학기_B_v1,1503,172,46,3170728
2025-03-01,googleadwords_int,GGL_CMP_01_플러스가입,논타겟,CRS_플러스멤버십_신학기_v1,1373,118,31,2044184
2025-03-01,googleadwords_int,GGL_CMP_01_플러스가입,논타겟,IMG_적립혜택_신학기_v2,1304,173,52,3169796
2025-03-01,googleadwords_int,GGL_CMP_01_플러스가입,유사타겟,VID_플러스멤버십_신학기_A_v1,1715,207,56,3605749
2025-03-01,googleadwords_int,GGL_CMP_01_플러스가입,유사타겟,IMG_플러스멤버십_신학기_B_v1,1857,218,49,2524256
2025-03-01,googleadwords_int,GGL_CMP_01_플러스가입,유사타겟,CRS_플러스멤버십_신학기_v1,2206,208,48,2590113
2025-03-01,googleadwords_int,GGL_CMP_01_플러스가입,유사타겟,IMG_적립혜택_신학기_v2,1328,163,41,2547263
2025-03-01,googleadwords_int,GGL_CMP_02_리타겟팅,리마케팅,VID_할인쿠폰_신학기_A_v1,1350,93,27,2396995
2025-03-01,googleadwords_int,GGL_CMP_02_리타겟팅,리마케팅,IMG_할인쿠폰_신학기_B_v1,814,54,17,1098994
2025-03-01,googleadwords_int,GGL_CMP_02_리타겟팅,리마케팅,CRS_특가_신학기_v1,839,85,33,1802035
2025-03-01,googleadwords_int,GGL_CMP_03_첫구매,논타겟,VID_적립혜택_신학기_A_v1,1342,153,74,4323651
2025-03-01,googleadwords_int,GGL_CMP_03_첫구매,논타겟,IMG_적립혜택_신학기_B_v1,1020,99,44,3208549
2025-03-01,googleadwords_int,GGL_CMP_03_첫구매,논타겟,CRS_할인쿠폰_신학기_v1,1216,82,30,2689736
2025-03-01,googleadwords_int,GGL_CMP_03_첫구매,유사타겟,VID_적립혜택_신학기_A_v1,1269,123,34,2547725
2025-03-01,googleadwords_int,GGL_CMP_03_첫구매,유사타겟,IMG_적립혜택_신학기_B_v1,1197,94,37,2743660
2025-03-01,googleadwords_int,GGL_CMP_03_첫구매,유사타겟,CRS_할인쿠폰_신학기_v1,827,43,16,1234180
2025-03-01,Facebook Ads,META_CMP_01_신규유저,논타겟,VID_플러스멤버십_신학기_A_v1,382,20,3,223176
2025-03-01,Facebook Ads,META_CMP_01_신규유저,논타겟,IMG_적립혜택_신학기_B_v1,466,31,7,315264
2025-03-01,Facebook Ads,META_CMP_01_신규유저,논타겟,CRS_플러스멤버십_신학기_v1,349,23,3,126031
2025-03-01,Facebook Ads,META_CMP_02_룩얼라이크,유사타겟,VID_플러스멤버십_신학기_A_v1,521,46,9,596268
2025-03-01,Facebook Ads,META_CMP_02_룩얼라이크,유사타겟,IMG_할인쿠폰_신학기_B_v1,777,34,9,765851
2025-03-01,Facebook Ads,META_CMP_02_룩얼라이크,유사타겟,CRS_특가_신학기_v1,611,48,10,460052
2025-03-01,Facebook Ads,META_CMP_03_재구매,VIP,IMG_배송혜택_신학기_A_v1,172,7,3,250339
2025-03-01,Facebook Ads,META_CMP_03_재구매,VIP,VID_적립혜택_신학기_B_v1,213,8,3,190248
2025-03-01,Facebook Ads,META_CMP_03_재구매,VIP,CRS_신상품_신학기_v1,231,13,6,318484
2025-03-01,Facebook Ads,META_CMP_03_재구매,윈백,IMG_배송혜택_신학기_A_v1,247,15,5,346219
2025-03-01,Facebook Ads,META_CMP_03_재구매,윈백,VID_적립혜택_신학기_B_v1,540,24,11,703067
2025-03-01,Facebook Ads,META_CMP_03_재구매,윈백,CRS_신상품_신학기_v1,531,18,11,652579
2025-03-01,naver_search,NVR_CMP_01_브랜드KW,논타겟,TXT_플러스멤버십_신학기_A_v1,1087,212,130,8945406
2025-03-01,naver_search,NVR_CMP_02_일반KW,논타겟,TXT_할인쿠폰_신학기_A_v1,798,96,26,1579136
2025-03-01,naver_search,NVR_CMP_02_일반KW,논타겟,TXT_플러스멤버십_신학기_B_v1,633,108,45,3245064
2025-03-01,naver_search,NVR_CMP_03_재구매,VIP,IMG_배송혜택_신학기_A_v1,344,23,20,2567047
2025-03-01,naver_search,NVR_CMP_03_재구매,VIP,VID_적립혜택_신학기_B_v1,269,29,27,2186723
2025-03-01,naver_search,NVR_CMP_03_재구매,VIP,CRS_신상품_신학기_v1,232,14,8,1110718
2025-03-01,naver_search,NVR_CMP_03_재구매,윈백,IMG_배송혜택_신학기_A_v1,512,43,40,3161819
2025-03-01,naver_search,NVR_CMP_03_재구매,윈백,VID_적립혜택_신학기_B_v1,571,36,21,2425581
2025-03-01,naver_search,NVR_CMP_03_재구매,윈백,CRS_신상품_신학기_v1,478,42,36,4444065
2025-03-02,googleadwords_int,GGL_CMP_01_플러스가입,논타겟,VID_플러스멤버십_신학기_A_v1,999,99,27,1540163
2025-03-02,googleadwords_int,GGL_CMP_01_플러스가입,논타겟,IMG_플러스멤버십_신학기_B_v1,1170,148,33,2050778
2025-03-02,googleadwords_int,GGL_CMP_01_플러스가입,논타겟,CRS_플러스멤버십_신학기_v1,1122,124,26,1290600
2025-03-02,googleadwords_int,GGL_CMP_01_플러스가입,논타겟,IMG_적립혜택_신학기_v2,1196,86,32,2362474
2025-03-02,googleadwords_int,GGL_CMP_01_플러스가입,유사타겟,VID_플러스멤버십_신학기_A_v1,1122,102,33,2182355
2025-03-02,googleadwords_int,GGL_CMP_01_플러스가입,유사타겟,IMG_플러스멤버십_신학기_B_v1,1041,117,39,1747307
2025-03-02,googleadwords_int,GGL_CMP_01_플러스가입,유사타겟,CRS_플러스멤버십_신학기_v1,1063,115,27,1673010
2025-03-02,googleadwords_int,GGL_CMP_01_플러스가입,유사타겟,IMG_적립혜택_신학기_v2,1487,201,41,1984732
2025-03-02,googleadwords_int,GGL_CMP_02_리타겟팅,리마케팅,VID_할인쿠폰_신학기_A_v1,548,81,32,2195673
2025-03-02,googleadwords_int,GGL_CMP_02_리타겟팅,리마케팅,IMG_할인쿠폰_신학기_B_v1,578,69,28,2166787
2025-03-02,googleadwords_int,GGL_CMP_02_리타겟팅,리마케팅,CRS_특가_신학기_v1,772,74,38,3108601
2025-03-02,googleadwords_int,GGL_CMP_03_첫구매,논타겟,VID_적립혜택_신학기_A_v1,1039,98,44,2862172
2025-03-02,googleadwords_int,GGL_CMP_03_첫구매,논타겟,IMG_적립혜택_신학기_B_v1,969,55,13,832617
2025-03-02,googleadwords_int,GGL_CMP_03_첫구매,논타겟,CRS_할인쿠폰_신학기_v1,1292,98,30,1900824
2025-03-02,googleadwords_int,GGL_CMP_03_첫구매,유사타겟,VID_적립혜택_신학기_A_v1,939,55,18,1242762
2025-03-02,googleadwords_int,GGL_CMP_03_첫구매,유사타겟,IMG_적립혜택_신학기_B_v1,960,62,31,1897822
2025-03-02,googleadwords_int,GGL_CMP_03_첫구매,유사타겟,CRS_할인쿠폰_신학기_v1,1577,124,29,1677332
2025-03-02,Facebook Ads,META_CMP_01_신규유저,논타겟,VID_플러스멤버십_신학기_A_v1,647,35,7,279720
2025-03-02,Facebook Ads,META_CMP_01_신규유저,논타겟,IMG_적립혜택_신학기_B_v1,699,38,5,245751
2025-03-02,Facebook Ads,META_CMP_01_신규유저,논타겟,CRS_플러스멤버십_신학기_v1,773,41,5,245901
2025-03-02,Facebook Ads,META_CMP_02_룩얼라이크,유사타겟,VID_플러스멤버십_신학기_A_v1,344,24,5,311749
2025-03-02,Facebook Ads,META_CMP_02_룩얼라이크,유사타겟,IMG_할인쿠폰_신학기_B_v1,453,25,5,229916
2025-03-02,Facebook Ads,META_CMP_02_룩얼라이크,유사타겟,CRS_특가_신학기_v1,410,29,6,444585
2025-03-02,Facebook Ads,META_CMP_03_재구매,VIP,IMG_배송혜택_신학기_A_v1,156,7,2,192177
2025-03-02,Facebook Ads,META_CMP_03_재구매,VIP,VID_적립혜택_신학기_B_v1,268,12,6,412355
2025-03-02,Facebook Ads,META_CMP_03_재구매,VIP,CRS_신상품_신학기_v1,182,10,3,248610
2025-03-02,Facebook Ads,META_CMP_03_재구매,윈백,IMG_배송혜택_신학기_A_v1,375,16,9,699463
2025-03-02,Facebook Ads,META_CMP_03_재구매,윈백,VID_적립혜택_신학기_B_v1,294,19,10,620859
2025-03-02,Facebook Ads,META_CMP_03_재구매,윈백,CRS_신상품_신학기_v1,562,23,10,700917
2025-03-02,naver_search,NVR_CMP_01_브랜드KW,논타겟,TXT_플러스멤버십_신학기_A_v1,1080,269,149,13406387
2025-03-02,naver_search,NVR_CMP_02_일반KW,논타겟,TXT_할인쿠폰_신학기_A_v1,582,89,35,2262855
2025-03-02,naver_search,NVR_CMP_02_일반KW,논타겟,TXT_플러스멤버십_신학기_B_v1,820,102,27,2141347
2025-03-02,naver_search,NVR_CMP_03_재구매,VIP,IMG_배송혜택_신학기_A_v1,271,15,10,1030281
2025-03-02,naver_search,NVR_CMP_03_재구매,VIP,VID_적립혜택_신학기_B_v1,275,16,8,931797
2025-03-02,naver_search,NVR_CMP_03_재구매,VIP,CRS_신상품_신학기_v1,236,18,10,723401
2025-03-02,naver_search,NVR_CMP_03_재구매,윈백,IMG_배송혜택_신학기_A_v1,602,56,30,2598906
2025-03-02,naver_search,NVR_CMP_03_재구매,윈백,VID_적립혜택_신학기_B_v1,527,47,20,2245876
2025-03-02,naver_search,NVR_CMP_03_재구매,윈백,CRS_신상품_신학기_v1,393,35,25,2308313
2025-03-03,googleadwords_int,GGL_CMP_01_플러스가입,논타겟,VID_플러스멤버십_신학기_A_v1,1774,219,51,2974942
2025-03-03,googleadwords_int,GGL_CMP_01_플러스가입,논타겟,IMG_플러스멤버십_신학기_B_v1,1906,225,75,3727746
2025-03-03,googleadwords_int,GGL_CMP_01_플러스가입,논타겟,CRS_플러스멤버십_신학기_v1,2213,268,72,5565069
2025-03-03,googleadwords_int,GGL_CMP_01_플러스가입,논타겟,IMG_적립혜택_신학기_v2,1619,172,51,2734455
2025-03-03,googleadwords_int,GGL_CMP_01_플러스가입,유사타겟,VID_플러스멤버십_신학기_A_v1,1462,129,34,1544533
2025-03-03,googleadwords_int,GGL_CMP_01_플러스가입,유사타겟,IMG_플러스멤버십_신학기_B_v1,1483,171,40,1961330
2025-03-03,googleadwords_int,GGL_CMP_01_플러스가입,유사타겟,CRS_플러스멤버십_신학기_v1,2645,309,59,4928672
2025-03-03,googleadwords_int,GGL_CMP_01_플러스가입,유사타겟,IMG_적립혜택_신학기_v2,1557,164,69,4616548
2025-03-03,googleadwords_int,GGL_CMP_02_리타겟팅,리마케팅,VID_할인쿠폰_신학기_A_v1,1497,127,63,3875364
2025-03-03,googleadwords_int,GGL_CMP_02_리타겟팅,리마케팅,IMG_할인쿠폰_신학기_B_v1,965,99,58,4657405
2025-03-03,googleadwords_int,GGL_CMP_02_리타겟팅,리마케팅,CRS_특가_신학기_v1,757,79,33,1841963
2025-03-03,googleadwords_int,GGL_CMP_03_첫구매,논타겟,VID_적립혜택_신학기_A_v1,1372,114,51,4037612
2025-03-03,googleadwords_int,GGL_CMP_03_첫구매,논타겟,IMG_적립혜택_신학기_B_v1,1466,140,61,4668286
2025-03-03,googleadwords_int,GGL_CMP_03_첫구매,논타겟,CRS_할인쿠폰_신학기_v1,1701,114,41,3306769
2025-03-03,googleadwords_int,GGL_CMP_03_첫구매,유사타겟,VID_적립혜택_신학기_A_v1,1663,117,57,3817943
2025-03-03,googleadwords_int,GGL_CMP_03_첫구매,유사타겟,IMG_적립혜택_신학기_B_v1,1789,181,61,3548223
2025-03-03,googleadwords_int,GGL_CMP_03_첫구매,유사타겟,CRS_할인쿠폰_신학기_v1,1415,110,45,2898217
2025-03-03,Facebook Ads,META_CMP_01_신규유저,논타겟,VID_플러스멤버십_신학기_A_v1,699,37,7,369952
2025-03-03,Facebook Ads,META_CMP_01_신규유저,논타겟,IMG_적립혜택_신학기_B_v1,724,38,8,449814
2025-03-03,Facebook Ads,META_CMP_01_신규유저,논타겟,CRS_플러스멤버십_신학기_v1,599,37,7,415112
2025-03-03,Facebook Ads,META_CMP_02_룩얼라이크,유사타겟,VID_플러스멤버십_신학기_A_v1,635,41,6,461729
2025-03-03,Facebook Ads,META_CMP_02_룩얼라이크,유사타겟,IMG_할인쿠폰_신학기_B_v1,750,36,13,537335
2025-03-03,Facebook Ads,META_CMP_02_룩얼라이크,유사타겟,CRS_특가_신학기_v1,1277,73,21,1161648
2025-03-03,Facebook Ads,META_CMP_03_재구매,VIP,IMG_배송혜택_신학기_A_v1,244,16,8,544251
2025-03-03,Facebook Ads,META_CMP_03_재구매,VIP,VID_적립혜택_신학기_B_v1,369,19,7,397869
2025-03-03,Facebook Ads,META_CMP_03_재구매,VIP,CRS_신상품_신학기_v1,353,15,7,586400
2025-03-03,Facebook Ads,META_CMP_03_재구매,윈백,IMG_배송혜택_신학기_A_v1,422,22,13,838850
2025-03-03,Facebook Ads,META_CMP_03_재구매,윈백,VID_적립혜택_신학기_B_v1,756,26,14,1095951
2025-03-03,Facebook Ads,META_CMP_03_재구매,윈백,CRS_신상품_신학기_v1,524,20,9,744661
2025-03-03,naver_search,NVR_CMP_01_브랜드KW,논타겟,TXT_플러스멤버십_신학기_A_v1,1425,219,89,7227854
2025-03-03,naver_search,NVR_CMP_02_일반KW,논타겟,TXT_할인쿠폰_신학기_A_v1,905,122,48,3277639
2025-03-03,naver_search,NVR_CMP_02_일반KW,논타겟,TXT_플러스멤버십_신학기_B_v1,1486,230,103,5814570
2025-03-03,naver_search,NVR_CMP_03_재구매,VIP,IMG_배송혜택_신학기_A_v1,421,25,25,2344671
2025-03-03,naver_search,NVR_CMP_03_재구매,VIP,VID_적립혜택_신학기_B_v1,348,24,15,1023529
2025-03-03,naver_search,NVR_CMP_03_재구매,VIP,CRS_신상품_신학기_v1,333,37,30,2546932
2025-03-03,naver_search,NVR_CMP_03_재구매,윈백,IMG_배송혜택_신학기_A_v1,698,68,56,6328375
2025-03-03,naver_search,NVR_CMP_03_재구매,윈백,VID_적립혜택_신학기_B_v1,660,54,32,3182656
2025-03-03,naver_search,NVR_CMP_03_재구매,윈백,CRS_신상품_신학기_v1,600,48,29,2700691
2025-03-04,googleadwords_int,GGL_CMP_01_플러스가입,논타겟,VID_플러스멤버십_신학기_A_v1,1477,159,55,2494779
2025-03-04,googleadwords_int,GGL_CMP_01_플러스가입,논타겟,IMG_플러스멤버십_신학기_B_v1,984,108,30,1689272
2025-03-04,googleadwords_int,GGL_CMP_01_플러스가입,논타겟,CRS_플러스멤버십_신학기_v1,1362,174,30,1300541
2025-03-04,googleadwords_int,GGL_CMP_01_플러스가입,논타겟,IMG_적립혜택_신학기_v2,990,112,34,2454906
2025-03-04,googleadwords_int,GGL_CMP_01_플러스가입,유사타겟,VID_플러스멤버십_신학기_A_v1,1027,105,28,2022802
2025-03-04,googleadwords_int,GGL_CMP_01_플러스가입,유사타겟,IMG_플러스멤버십_신학기_B_v1,905,124,30,1578113
2025-03-04,googleadwords_int,GGL_CMP_01_플러스가입,유사타겟,CRS_플러스멤버십_신학기_v1,1376,176,42,2377930
2025-03-04,googleadwords_int,GGL_CMP_01_플러스가입,유사타겟,IMG_적립혜택_신학기_v2,1254,143,44,4182637
2025-03-04,googleadwords_int,GGL_CMP_02_리타겟팅,리마케팅,VID_할인쿠폰_신학기_A_v1,1304,96,40,1678259
2025-03-04,googleadwords_int,GGL_CMP_02_리타겟팅,리마케팅,IMG_할인쿠폰_신학기_B_v1,1136,94,32,2403576
2025-03-04,googleadwords_int,GGL_CMP_02_리타겟팅,리마케팅,CRS_특가_신학기_v1,950,120,65,3997551
2025-03-04,googleadwords_int,GGL_CMP_03_첫구매,논타겟,VID_적립혜택_신학기_A_v1,1121,55,17,1198482
2025-03-04,googleadwords_int,GGL_CMP_03_첫구매,논타겟,IMG_적립혜택_신학기_B_v1,1192,83,25,1552637
2025-03-04,googleadwords_int,GGL_CMP_03_첫구매,논타겟,CRS_할인쿠폰_신학기_v1,1339,99,39,2694312
2025-03-04,googleadwords_int,GGL_CMP_03_첫구매,유사타겟,VID_적립혜택_신학기_A_v1,901,72,22,1625575
2025-03-04,googleadwords_int,GGL_CMP_03_첫구매,유사타겟,IMG_적립혜택_신학기_B_v1,1368,148,57,3664943
2025-03-04,googleadwords_int,GGL_CMP_03_첫구매,유사타겟,CRS_할인쿠폰_신학기_v1,749,45,21,1622203
2025-03-04,Facebook Ads,META_CMP_01_신규유저,논타겟,VID_플러스멤버십_신학기_A_v1,625,34,8,504944
2025-03-04,Facebook Ads,META_CMP_01_신규유저,논타겟,IMG_적립혜택_신학기_B_v1,953,52,8,620690
2025-03-04,Facebook Ads,META_CMP_01_신규유저,논타겟,CRS_플러스멤버십_신학기_v1,612,39,9,506290
2025-03-04,Facebook Ads,META_CMP_02_룩얼라이크,유사타겟,VID_플러스멤버십_신학기_A_v1,678,51,13,664711
2025-03-04,Facebook Ads,META_CMP_02_룩얼라이크,유사타겟,IMG_할인쿠폰_신학기_B_v1,692,39,6,423360
2025-03-04,Facebook Ads,META_CMP_02_룩얼라이크,유사타겟,CRS_특가_신학기_v1,617,40,11,517095
2025-03-04,Facebook Ads,META_CMP_03_재구매,VIP,IMG_배송혜택_신학기_A_v1,228,11,6,477831
2025-03-04,Facebook Ads,META_CMP_03_재구매,VIP,VID_적립혜택_신학기_B_v1,181,9,3,240238
2025-03-04,Facebook Ads,META_CMP_03_재구매,VIP,CRS_신상품_신학기_v1,284,20,7,654980
2025-03-04,Facebook Ads,META_CMP_03_재구매,윈백,IMG_배송혜택_신학기_A_v1,517,17,9,963829
2025-03-04,Facebook Ads,META_CMP_03_재구매,윈백,VID_적립혜택_신학기_B_v1,252,11,4,315160
2025-03-04,Facebook Ads,META_CMP_03_재구매,윈백,CRS_신상품_신학기_v1,425,26,11,1093172
2025-03-04,naver_search,NVR_CMP_01_브랜드KW,논타겟,TXT_플러스멤버십_신학기_A_v1,630,89,58,3954220
2025-03-04,naver_search,NVR_CMP_02_일반KW,논타겟,TXT_할인쿠폰_신학기_A_v1,569,116,32,2874691
2025-03-04,naver_search,NVR_CMP_02_일반KW,논타겟,TXT_플러스멤버십_신학기_B_v1,678,116,36,2511807
2025-03-04,naver_search,NVR_CMP_03_재구매,VIP,IMG_배송혜택_신학기_A_v1,198,14,10,864903
2025-03-04,naver_search,NVR_CMP_03_재구매,VIP,VID_적립혜택_신학기_B_v1,376,37,22,2197807
2025-03-04,naver_search,NVR_CMP_03_재구매,VIP,CRS_신상품_신학기_v1,437,36,32,2981060
2025-03-04,naver_search,NVR_CMP_03_재구매,윈백,IMG_배송혜택_신학기_A_v1,383,26,16,1203793
2025-03-04,naver_search,NVR_CMP_03_재구매,윈백,VID_적립혜택_신학기_B_v1,501,34,30,2241100
2025-03-04,naver_search,NVR_CMP_03_재구매,윈백,CRS_신상품_신학기_v1,554,43,22,2055585
2025-03-05,googleadwords_int,GGL_CMP_01_플러스가입,논타겟,VID_플러스멤버십_신학기_A_v1,905,119,31,1757168
2025-03-05,googleadwords_int,GGL_CMP_01_플러스가입,논타겟,IMG_플러스멤버십_신학기_B_v1,1693,180,47,2869284
2025-03-05,googleadwords_int,GGL_CMP_01_플러스가입,논타겟,CRS_플러스멤버십_신학기_v1,1287,109,43,2293004
2025-03-05,googleadwords_int,GGL_CMP_01_플러스가입,논타겟,IMG_적립혜택_신학기_v2,928,125,22,1293765
2025-03-05,googleadwords_int,GGL_CMP_01_플러스가입,유사타겟,VID_플러스멤버십_신학기_A_v1,1717,197,55,2976004
2025-03-05,googleadwords_int,GGL_CMP_01_플러스가입,유사타겟,IMG_플러스멤버십_신학기_B_v1,1905,236,34,1983460
2025-03-05,googleadwords_int,GGL_CMP_01_플러스가입,유사타겟,CRS_플러스멤버십_신학기_v1,1216,152,28,1689586
2025-03-05,googleadwords_int,GGL_CMP_01_플러스가입,유사타겟,IMG_적립혜택_신학기_v2,1018,121,38,1949671
2025-03-05,googleadwords_int,GGL_CMP_02_리타겟팅,리마케팅,VID_할인쿠폰_신학기_A_v1,1022,68,27,1547293
2025-03-05,googleadwords_int,GGL_CMP_02_리타겟팅,리마케팅,IMG_할인쿠폰_신학기_B_v1,798,85,38,2148905
2025-03-05,googleadwords_int,GGL_CMP_02_리타겟팅,리마케팅,CRS_특가_신학기_v1,861,81,36,2070387
2025-03-05,googleadwords_int,GGL_CMP_03_첫구매,논타겟,VID_적립혜택_신학기_A_v1,1812,164,47,2543109
2025-03-05,googleadwords_int,GGL_CMP_03_첫구매,논타겟,IMG_적립혜택_신학기_B_v1,1153,75,29,1520257
2025-03-05,googleadwords_int,GGL_CMP_03_첫구매,논타겟,CRS_할인쿠폰_신학기_v1,1126,79,20,1276249
2025-03-05,googleadwords_int,GGL_CMP_03_첫구매,유사타겟,VID_적립혜택_신학기_A_v1,1613,90,50,2366066
2025-03-05,googleadwords_int,GGL_CMP_03_첫구매,유사타겟,IMG_적립혜택_신학기_B_v1,872,45,20,940470
2025-03-05,googleadwords_int,GGL_CMP_03_첫구매,유사타겟,CRS_할인쿠폰_신학기_v1,1133,105,54,3268263
2025-03-05,Facebook Ads,META_CMP_01_신규유저,논타겟,VID_플러스멤버십_신학기_A_v1,608,45,8,318853
2025-03-05,Facebook Ads,META_CMP_01_신규유저,논타겟,IMG_적립혜택_신학기_B_v1,850,61,15,708186
2025-03-05,Facebook Ads,META_CMP_01_신규유저,논타겟,CRS_플러스멤버십_신학기_v1,399,22,5,249767
2025-03-05,Facebook Ads,META_CMP_02_룩얼라이크,유사타겟,VID_플러스멤버십_신학기_A_v1,543,40,8,422358
2025-03-05,Facebook Ads,META_CMP_02_룩얼라이크,유사타겟,IMG_할인쿠폰_신학기_B_v1,496,38,9,590305
2025-03-05,Facebook Ads,META_CMP_02_룩얼라이크,유사타겟,CRS_특가_신학기_v1,354,21,6,322345
2025-03-05,Facebook Ads,META_CMP_03_재구매,VIP,IMG_배송혜택_신학기_A_v1,244,11,4,321658
2025-03-05,Facebook Ads,META_CMP_03_재구매,VIP,VID_적립혜택_신학기_B_v1,164,8,3,167327
2025-03-05,Facebook Ads,META_CMP_03_재구매,VIP,CRS_신상품_신학기_v1,239,8,2,177287
2025-03-05,Facebook Ads,META_CMP_03_재구매,윈백,IMG_배송혜택_신학기_A_v1,358,12,6,417666
2025-03-05,Facebook Ads,META_CMP_03_재구매,윈백,VID_적립혜택_신학기_B_v1,325,10,6,332916
2025-03-05,Facebook Ads,META_CMP_03_재구매,윈백,CRS_신상품_신학기_v1,447,27,11,746173
2025-03-05,naver_search,NVR_CMP_01_브랜드KW,논타겟,TXT_플러스멤버십_신학기_A_v1,841,156,91,7503504
2025-03-05,naver_search,NVR_CMP_02_일반KW,논타겟,TXT_할인쿠폰_신학기_A_v1,572,58,26,1996692
2025-03-05,naver_search,NVR_CMP_02_일반KW,논타겟,TXT_플러스멤버십_신학기_B_v1,574,82,24,1417637
2025-03-05,naver_search,NVR_CMP_03_재구매,VIP,IMG_배송혜택_신학기_A_v1,224,15,10,769071
2025-03-05,naver_search,NVR_CMP_03_재구매,VIP,VID_적립혜택_신학기_B_v1,310,29,17,1642024
2025-03-05,naver_search,NVR_CMP_03_재구매,VIP,CRS_신상품_신학기_v1,364,26,13,1423353
2025-03-05,naver_search,NVR_CMP_03_재구매,윈백,IMG_배송혜택_신학기_A_v1,266,19,13,1424547
2025-03-05,naver_search,NVR_CMP_03_재구매,윈백,VID_적립혜택_신학기_B_v1,370,34,27,3077797
2025-03-05,naver_search,NVR_CMP_03_재구매,윈백,CRS_신상품_신학기_v1,267,24,18,2116474
2025-03-06,googleadwords_int,GGL_CMP_01_플러스가입,논타겟,VID_플러스멤버십_신학기_A_v1,1017,116,34,2146121
2025-03-06,googleadwords_int,GGL_CMP_01_플러스가입,논타겟,IMG_플러스멤버십_신학기_B_v1,1242,117,21,1389030
2025-03-06,googleadwords_int,GGL_CMP_01_플러스가입,논타겟,CRS_플러스멤버십_신학기_v1,1991,158,33,2038598
2025-03-06,googleadwords_int,GGL_CMP_01_플러스가입,논타겟,IMG_적립혜택_신학기_v2,1262,104,18,1258008
2025-03-06,googleadwords_int,GGL_CMP_01_플러스가입,유사타겟,VID_플러스멤버십_신학기_A_v1,864,81,23,1021478
2025-03-06,googleadwords_int,GGL_CMP_01_플러스가입,유사타겟,IMG_플러스멤버십_신학기_B_v1,1528,120,38,2368337
2025-03-06,googleadwords_int,GGL_CMP_01_플러스가입,유사타겟,CRS_플러스멤버십_신학기_v1,1268,116,21,1160270
2025-03-06,googleadwords_int,GGL_CMP_01_플러스가입,유사타겟,IMG_적립혜택_신학기_v2,2012,232,70,3795071
2025-03-06,googleadwords_int,GGL_CMP_02_리타겟팅,리마케팅,VID_할인쿠폰_신학기_A_v1,1029,139,67,4106749
2025-03-06,googleadwords_int,GGL_CMP_02_리타겟팅,리마케팅,IMG_할인쿠폰_신학기_B_v1,988,85,34,1511894
2025-03-06,googleadwords_int,GGL_CMP_02_리타겟팅,리마케팅,CRS_특가_신학기_v1,1279,95,40,1755614
2025-03-06,googleadwords_int,GGL_CMP_03_첫구매,논타겟,VID_적립혜택_신학기_A_v1,1301,122,44,2419557
2025-03-06,googleadwords_int,GGL_CMP_03_첫구매,논타겟,IMG_적립혜택_신학기_B_v1,1705,165,52,3266687
2025-03-06,googleadwords_int,GGL_CMP_03_첫구매,논타겟,CRS_할인쿠폰_신학기_v1,1254,77,39,2841704
2025-03-06,googleadwords_int,GGL_CMP_03_첫구매,유사타겟,VID_적립혜택_신학기_A_v1,995,104,40,2528489
2025-03-06,googleadwords_int,GGL_CMP_03_첫구매,유사타겟,IMG_적립혜택_신학기_B_v1,1072,62,17,1362747
2025-03-06,googleadwords_int,GGL_CMP_03_첫구매,유사타겟,CRS_할인쿠폰_신학기_v1,1759,139,49,3499262
2025-03-06,Facebook Ads,META_CMP_01_신규유저,논타겟,VID_플러스멤버십_신학기_A_v1,625,46,11,392642
2025-03-06,Facebook Ads,META_CMP_01_신규유저,논타겟,IMG_적립혜택_신학기_B_v1,628,32,6,326091
2025-03-06,Facebook Ads,META_CMP_01_신규유저,논타겟,CRS_플러스멤버십_신학기_v1,663,45,6,453314
2025-03-06,Facebook Ads,META_CMP_02_룩얼라이크,유사타겟,VID_플러스멤버십_신학기_A_v1,631,43,7,360399
2025-03-06,Facebook Ads,META_CMP_02_룩얼라이크,유사타겟,IMG_할인쿠폰_신학기_B_v1,994,48,13,694310
2025-03-06,Facebook Ads,META_CMP_02_룩얼라이크,유사타겟,CRS_특가_신학기_v1,790,76,17,1264988
2025-03-06,Facebook Ads,META_CMP_03_재구매,VIP,IMG_배송혜택_신학기_A_v1,292,9,4,420710
2025-03-06,Facebook Ads,META_CMP_03_재구매,VIP,VID_적립혜택_신학기_B_v1,256,17,8,622736
2025-03-06,Facebook Ads,META_CMP_03_재구매,VIP,CRS_신상품_신학기_v1,185,10,5,327431
2025-03-06,Facebook Ads,META_CMP_03_재구매,윈백,IMG_배송혜택_신학기_A_v1,392,14,8,620277
2025-03-06,Facebook Ads,META_CMP_03_재구매,윈백,VID_적립혜택_신학기_B_v1,455,26,12,1143074
2025-03-06,Facebook Ads,META_CMP_03_재구매,윈백,CRS_신상품_신학기_v1,522,29,12,1004496
2025-03-06,naver_search,NVR_CMP_01_브랜드KW,논타겟,TXT_플러스멤버십_신학기_A_v1,1108,310,143,10857580
2025-03-06,naver_search,NVR_CMP_02_일반KW,논타겟,TXT_할인쿠폰_신학기_A_v1,877,110,52,4191138
2025-03-06,naver_search,NVR_CMP_02_일반KW,논타겟,TXT_플러스멤버십_신학기_B_v1,906,116,63,2947048
2025-03-06,naver_search,NVR_CMP_03_재구매,VIP,IMG_배송혜택_신학기_A_v1,340,22,14,1632561
2025-03-06,naver_search,NVR_CMP_03_재구매,VIP,VID_적립혜택_신학기_B_v1,196,18,9,776567
2025-03-06,naver_search,NVR_CMP_03_재구매,VIP,CRS_신상품_신학기_v1,325,35,19,1876329
2025-03-06,naver_search,NVR_CMP_03_재구매,윈백,IMG_배송혜택_신학기_A_v1,420,37,30,2706159
2025-03-06,naver_search,NVR_CMP_03_재구매,윈백,VID_적립혜택_신학기_B_v1,607,62,31,2549510
2025-03-06,naver_search,NVR_CMP_03_재구매,윈백,CRS_신상품_신학기_v1,509,39,35,2668894
2025-03-07,googleadwords_int,GGL_CMP_01_플러스가입,논타겟,VID_플러스멤버십_신학기_A_v1,1762,147,32,1583769
2025-03-07,googleadwords_int,GGL_CMP_01_플러스가입,논타겟,IMG_플러스멤버십_신학기_B_v1,1271,110,27,1930408
2025-03-07,googleadwords_int,GGL_CMP_01_플러스가입,논타겟,CRS_플러스멤버십_신학기_v1,1139,106,26,1722308
2025-03-07,googleadwords_int,GGL_CMP_01_플러스가입,논타겟,IMG_적립혜택_신학기_v2,1226,97,27,1674121
2025-03-07,googleadwords_int,GGL_CMP_01_플러스가입,유사타겟,VID_플러스멤버십_신학기_A_v1,968,113,25,1179180
2025-03-07,googleadwords_int,GGL_CMP_01_플러스가입,유사타겟,IMG_플러스멤버십_신학기_B_v1,865,93,28,1685799
2025-03-07,googleadwords_int,GGL_CMP_01_플러스가입,유사타겟,CRS_플러스멤버십_신학기_v1,2167,250,68,5220542
2025-03-07,googleadwords_int,GGL_CMP_01_플러스가입,유사타겟,IMG_적립혜택_신학기_v2,2212,190,40,2207975
2025-03-07,googleadwords_int,GGL_CMP_02_리타겟팅,리마케팅,VID_할인쿠폰_신학기_A_v1,1200,139,70,4448805
2025-03-07,googleadwords_int,GGL_CMP_02_리타겟팅,리마케팅,IMG_할인쿠폰_신학기_B_v1,1545,143,58,3928792
2025-03-07,googleadwords_int,GGL_CMP_02_리타겟팅,리마케팅,CRS_특가_신학기_v1,883,95,40,3539822
2025-03-07,googleadwords_int,GGL_CMP_03_첫구매,논타겟,VID_적립혜택_신학기_A_v1,1750,191,60,3556128
2025-03-07,googleadwords_int,GGL_CMP_03_첫구매,논타겟,IMG_적립혜택_신학기_B_v1,1053,90,27,1776537
2025-03-07,googleadwords_int,GGL_CMP_03_첫구매,논타겟,CRS_할인쿠폰_신학기_v1,918,71,37,1919056
2025-03-07,googleadwords_int,GGL_CMP_03_첫구매,유사타겟,VID_적립혜택_신학기_A_v1,1277,81,36,3040496
2025-03-07,googleadwords_int,GGL_CMP_03_첫구매,유사타겟,IMG_적립혜택_신학기_B_v1,1398,95,28,1432618
2025-03-07,googleadwords_int,GGL_CMP_03_첫구매,유사타겟,CRS_할인쿠폰_신학기_v1,961,74,20,1309665
2025-03-07,Facebook Ads,META_CMP_01_신규유저,논타겟,VID_플러스멤버십_신학기_A_v1,549,31,8,583055
2025-03-07,Facebook Ads,META_CMP_01_신규유저,논타겟,IMG_적립혜택_신학기_B_v1,744,56,9,514806
2025-03-07,Facebook Ads,META_CMP_01_신규유저,논타겟,CRS_플러스멤버십_신학기_v1,394,20,3,180739
2025-03-07,Facebook Ads,META_CMP_02_룩얼라이크,유사타겟,VID_플러스멤버십_신학기_A_v1,745,68,17,577290
2025-03-07,Facebook Ads,META_CMP_02_룩얼라이크,유사타겟,IMG_할인쿠폰_신학기_B_v1,911,62,16,835969
2025-03-07,Facebook Ads,META_CMP_02_룩얼라이크,유사타겟,CRS_특가_신학기_v1,659,39,10,466080
2025-03-07,Facebook Ads,META_CMP_03_재구매,VIP,IMG_배송혜택_신학기_A_v1,228,8,3,249319
2025-03-07,Facebook Ads,META_CMP_03_재구매,VIP,VID_적립혜택_신학기_B_v1,215,9,4,298230
2025-03-07,Facebook Ads,META_CMP_03_재구매,VIP,CRS_신상품_신학기_v1,336,15,4,397682
2025-03-07,Facebook Ads,META_CMP_03_재구매,윈백,IMG_배송혜택_신학기_A_v1,370,16,7,450875
2025-03-07,Facebook Ads,META_CMP_03_재구매,윈백,VID_적립혜택_신학기_B_v1,533,29,10,914885
2025-03-07,Facebook Ads,META_CMP_03_재구매,윈백,CRS_신상품_신학기_v1,416,24,8,741607
2025-03-07,naver_search,NVR_CMP_01_브랜드KW,논타겟,TXT_플러스멤버십_신학기_A_v1,642,145,64,5267538
2025-03-07,naver_search,NVR_CMP_02_일반KW,논타겟,TXT_할인쿠폰_신학기_A_v1,823,124,43,2728174
2025-03-07,naver_search,NVR_CMP_02_일반KW,논타겟,TXT_플러스멤버십_신학기_B_v1,1085,170,60,2950897
2025-03-07,naver_search,NVR_CMP_03_재구매,VIP,IMG_배송혜택_신학기_A_v1,375,34,24,2279075
2025-03-07,naver_search,NVR_CMP_03_재구매,VIP,VID_적립혜택_신학기_B_v1,239,23,15,1943238
2025-03-07,naver_search,NVR_CMP_03_재구매,VIP,CRS_신상품_신학기_v1,300,35,28,2311940
2025-03-07,naver_search,NVR_CMP_03_재구매,윈백,IMG_배송혜택_신학기_A_v1,580,32,28,2692237
2025-03-07,naver_search,NVR_CMP_03_재구매,윈백,VID_적립혜택_신학기_B_v1,544,47,29,3066633
2025-03-07,naver_search,NVR_CMP_03_재구매,윈백,CRS_신상품_신학기_v1,389,21,16,1642975
2025-03-08,googleadwords_int,GGL_CMP_01_플러스가입,논타겟,VID_플러스멤버십_신학기_A_v1,1314,106,21,1245643
2025-03-08,googleadwords_int,GGL_CMP_01_플러스가입,논타겟,IMG_플러스멤버십_신학기_B_v1,1295,120,48,2135248
2025-03-08,googleadwords_int,GGL_CMP_01_플러스가입,논타겟,CRS_플러스멤버십_신학기_v1,800,105,24,1382539
2025-03-08,googleadwords_int,GGL_CMP_01_플러스가입,논타겟,IMG_적립혜택_신학기_v2,757,54,14,876846
2025-03-08,googleadwords_int,GGL_CMP_01_플러스가입,유사타겟,VID_플러스멤버십_신학기_A_v1,884,106,21,1229470
2025-03-08,googleadwords_int,GGL_CMP_01_플러스가입,유사타겟,IMG_플러스멤버십_신학기_B_v1,925,99,18,1111219
2025-03-08,googleadwords_int,GGL_CMP_01_플러스가입,유사타겟,CRS_플러스멤버십_신학기_v1,650,64,18,1225153
2025-03-08,googleadwords_int,GGL_CMP_01_플러스가입,유사타겟,IMG_적립혜택_신학기_v2,1488,139,27,1385482
2025-03-08,googleadwords_int,GGL_CMP_02_리타겟팅,리마케팅,VID_할인쿠폰_신학기_A_v1,782,92,24,1429606
2025-03-08,googleadwords_int,GGL_CMP_02_리타겟팅,리마케팅,IMG_할인쿠폰_신학기_B_v1,1230,127,51,2734792
2025-03-08,googleadwords_int,GGL_CMP_02_리타겟팅,리마케팅,CRS_특가_신학기_v1,1099,135,53,3823673
2025-03-08,googleadwords_int,GGL_CMP_03_첫구매,논타겟,VID_적립혜택_신학기_A_v1,708,79,22,1802989
2025-03-08,googleadwords_int,GGL_CMP_03_첫구매,논타겟,IMG_적립혜택_신학기_B_v1,1371,133,60,3014492
2025-03-08,googleadwords_int,GGL_CMP_03_첫구매,논타겟,CRS_할인쿠폰_신학기_v1,546,30,10,645307
2025-03-08,googleadwords_int,GGL_CMP_03_첫구매,유사타겟,VID_적립혜택_신학기_A_v1,572,44,12,734253
2025-03-08,googleadwords_int,GGL_CMP_03_첫구매,유사타겟,IMG_적립혜택_신학기_B_v1,1083,84,33,2190876
2025-03-08,googleadwords_int,GGL_CMP_03_첫구매,유사타겟,CRS_할인쿠폰_신학기_v1,1090,89,47,2622730
2025-03-08,Facebook Ads,META_CMP_01_신규유저,논타겟,VID_플러스멤버십_신학기_A_v1,461,21,3,187620
2025-03-08,Facebook Ads,META_CMP_01_신규유저,논타겟,IMG_적립혜택_신학기_B_v1,501,36,5,188479
2025-03-08,Facebook Ads,META_CMP_01_신규유저,논타겟,CRS_플러스멤버십_신학기_v1,417,30,4,204992
2025-03-08,Facebook Ads,META_CMP_02_룩얼라이크,유사타겟,VID_플러스멤버십_신학기_A_v1,567,29,7,485829
2025-03-08,Facebook Ads,META_CMP_02_룩얼라이크,유사타겟,IMG_할인쿠폰_신학기_B_v1,563,37,11,461762
2025-03-08,Facebook Ads,META_CMP_02_룩얼라이크,유사타겟,CRS_특가_신학기_v1,726,49,11,773059
2025-03-08,Facebook Ads,META_CMP_03_재구매,VIP,IMG_배송혜택_신학기_A_v1,288,12,6,305124
2025-03-08,Facebook Ads,META_CMP_03_재구매,VIP,VID_적립혜택_신학기_B_v1,161,9,2,199298
2025-03-08,Facebook Ads,META_CMP_03_재구매,VIP,CRS_신상품_신학기_v1,160,6,2,147503
2025-03-08,Facebook Ads,META_CMP_03_재구매,윈백,IMG_배송혜택_신학기_A_v1,300,14,6,562846
2025-03-08,Facebook Ads,META_CMP_03_재구매,윈백,VID_적립혜택_신학기_B_v1,289,19,8,575753
2025-03-08,Facebook Ads,META_CMP_03_재구매,윈백,CRS_신상품_신학기_v1,340,21,6,590699
2025-03-08,naver_search,NVR_CMP_01_브랜드KW,논타겟,TXT_플러스멤버십_신학기_A_v1,833,215,114,6352752
2025-03-08,naver_search,NVR_CMP_02_일반KW,논타겟,TXT_할인쿠폰_신학기_A_v1,1014,106,34,2310286
2025-03-08,naver_search,NVR_CMP_02_일반KW,논타겟,TXT_플러스멤버십_신학기_B_v1,777,118,55,4470159
2025-03-08,naver_search,NVR_CMP_03_재구매,VIP,IMG_배송혜택_신학기_A_v1,301,32,23,2300982
2025-03-08,naver_search,NVR_CMP_03_재구매,VIP,VID_적립혜택_신학기_B_v1,252,25,20,2340439
2025-03-08,naver_search,NVR_CMP_03_재구매,VIP,CRS_신상품_신학기_v1,350,21,11,1083132
2025-03-08,naver_search,NVR_CMP_03_재구매,윈백,IMG_배송혜택_신학기_A_v1,379,33,23,2476314
2025-03-08,naver_search,NVR_CMP_03_재구매,윈백,VID_적립혜택_신학기_B_v1,369,29,26,2565633
2025-03-08,naver_search,NVR_CMP_03_재구매,윈백,CRS_신상품_신학기_v1,513,36,19,1699759
2025-03-09,googleadwords_int,GGL_CMP_01_플러스가입,논타겟,VID_플러스멤버십_신학기_A_v1,1171,144,39,2561227
2025-03-09,googleadwords_int,GGL_CMP_01_플러스가입,논타겟,IMG_플러스멤버십_신학기_B_v1,830,78,20,1365941
2025-03-09,googleadwords_int,GGL_CMP_01_플러스가입,논타겟,CRS_플러스멤버십_신학기_v1,863,77,21,1529182
2025-03-09,googleadwords_int,GGL_CMP_01_플러스가입,논타겟,IMG_적립혜택_신학기_v2,1213,143,42,2366376
2025-03-09,googleadwords_int,GGL_CMP_01_플러스가입,유사타겟,VID_플러스멤버십_신학기_A_v1,884,104,25,1326129
2025-03-09,googleadwords_int,GGL_CMP_01_플러스가입,유사타겟,IMG_플러스멤버십_신학기_B_v1,1425,166,52,3223656
2025-03-09,googleadwords_int,GGL_CMP_01_플러스가입,유사타겟,CRS_플러스멤버십_신학기_v1,950,91,17,1530938
2025-03-09,googleadwords_int,GGL_CMP_01_플러스가입,유사타겟,IMG_적립혜택_신학기_v2,887,76,18,818915
2025-03-09,googleadwords_int,GGL_CMP_02_리타겟팅,리마케팅,VID_할인쿠폰_신학기_A_v1,671,70,26,1676525
2025-03-09,googleadwords_int,GGL_CMP_02_리타겟팅,리마케팅,IMG_할인쿠폰_신학기_B_v1,865,50,22,1620199
2025-03-09,googleadwords_int,GGL_CMP_02_리타겟팅,리마케팅,CRS_특가_신학기_v1,608,59,23,1667756
2025-03-09,googleadwords_int,GGL_CMP_03_첫구매,논타겟,VID_적립혜택_신학기_A_v1,595,47,18,1041381
2025-03-09,googleadwords_int,GGL_CMP_03_첫구매,논타겟,IMG_적립혜택_신학기_B_v1,1106,71,23,1644768
2025-03-09,googleadwords_int,GGL_CMP_03_첫구매,논타겟,CRS_할인쿠폰_신학기_v1,1214,92,29,1914749
2025-03-09,googleadwords_int,GGL_CMP_03_첫구매,유사타겟,VID_적립혜택_신학기_A_v1,1523,158,66,5540578
2025-03-09,googleadwords_int,GGL_CMP_03_첫구매,유사타겟,IMG_적립혜택_신학기_B_v1,967,77,25,1230969
2025-03-09,googleadwords_int,GGL_CMP_03_첫구매,유사타겟,CRS_할인쿠폰_신학기_v1,981,75,27,1576853
2025-03-09,Facebook Ads,META_CMP_01_신규유저,논타겟,VID_플러스멤버십_신학기_A_v1,555,22,5,283679
2025-03-09,Facebook Ads,META_CMP_01_신규유저,논타겟,IMG_적립혜택_신학기_B_v1,510,24,3,170470
2025-03-09,Facebook Ads,META_CMP_01_신규유저,논타겟,CRS_플러스멤버십_신학기_v1,540,35,6,380323
2025-03-09,Facebook Ads,META_CMP_02_룩얼라이크,유사타겟,VID_플러스멤버십_신학기_A_v1,479,32,9,494046
2025-03-09,Facebook Ads,META_CMP_02_룩얼라이크,유사타겟,IMG_할인쿠폰_신학기_B_v1,523,35,7,519509
2025-03-09,Facebook Ads,META_CMP_02_룩얼라이크,유사타겟,CRS_특가_신학기_v1,610,49,9,458079
2025-03-09,Facebook Ads,META_CMP_03_재구매,VIP,IMG_배송혜택_신학기_A_v1,176,9,3,354948
2025-03-09,Facebook Ads,META_CMP_03_재구매,VIP,VID_적립혜택_신학기_B_v1,262,12,4,380240
2025-03-09,Facebook Ads,META_CMP_03_재구매,VIP,CRS_신상품_신학기_v1,210,9,2,246563
2025-03-09,Facebook Ads,META_CMP_03_재구매,윈백,IMG_배송혜택_신학기_A_v1,336,21,9,535525
2025-03-09,Facebook Ads,META_CMP_03_재구매,윈백,VID_적립혜택_신학기_B_v1,348,13,7,566656
2025-03-09,Facebook Ads,META_CMP_03_재구매,윈백,CRS_신상품_신학기_v1,467,19,6,396412
2025-03-09,naver_search,NVR_CMP_01_브랜드KW,논타겟,TXT_플러스멤버십_신학기_A_v1,740,168,135,9060032
2025-03-09,naver_search,NVR_CMP_02_일반KW,논타겟,TXT_할인쿠폰_신학기_A_v1,849,98,35,2215776
2025-03-09,naver_search,NVR_CMP_02_일반KW,논타겟,TXT_플러스멤버십_신학기_B_v1,701,127,28,1882269
2025-03-09,naver_search,NVR_CMP_03_재구매,VIP,IMG_배송혜택_신학기_A_v1,231,12,6,633595
2025-03-09,naver_search,NVR_CMP_03_재구매,VIP,VID_적립혜택_신학기_B_v1,150,11,6,655846
2025-03-09,naver_search,NVR_CMP_03_재구매,VIP,CRS_신상품_신학기_v1,234,21,15,1444623
2025-03-09,naver_search,NVR_CMP_03_재구매,윈백,IMG_배송혜택_신학기_A_v1,443,41,25,2278509
2025-03-09,naver_search,NVR_CMP_03_재구매,윈백,VID_적립혜택_신학기_B_v1,329,22,15,1755821
2025-03-09,naver_search,NVR_CMP_03_재구매,윈백,CRS_신상품_신학기_v1,473,43,26,2265857
2025-03-10,googleadwords_int,GGL_CMP_01_플러스가입,논타겟,VID_플러스멤버십_신학기_A_v1,1713,239,88,7540982
2025-03-10,googleadwords_int,GGL_CMP_01_플러스가입,논타겟,IMG_플러스멤버십_신학기_B_v1,1917,261,112,5475767
2025-03-10,googleadwords_int,GGL_CMP_01_플러스가입,논타겟,CRS_플러스멤버십_신학기_v1,1340,161,61,4553763
2025-03-10,googleadwords_int,GGL_CMP_01_플러스가입,논타겟,IMG_적립혜택_신학기_v2,1941,178,52,4281542
2025-03-10,googleadwords_int,GGL_CMP_01_플러스가입,유사타겟,VID_플러스멤버십_신학기_A_v1,1896,145,48,3631337
2025-03-10,googleadwords_int,GGL_CMP_01_플러스가입,유사타겟,IMG_플러스멤버십_신학기_B_v1,1736,197,68,3552790
2025-03-10,googleadwords_int,GGL_CMP_01_플러스가입,유사타겟,CRS_플러스멤버십_신학기_v1,1132,119,34,2144226
2025-03-10,googleadwords_int,GGL_CMP_01_플러스가입,유사타겟,IMG_적립혜택_신학기_v2,785,77,41,2458775
2025-03-10,googleadwords_int,GGL_CMP_02_리타겟팅,리마케팅,VID_할인쿠폰_신학기_A_v1,1418,121,84,6185172
2025-03-10,googleadwords_int,GGL_CMP_02_리타겟팅,리마케팅,IMG_할인쿠폰_신학기_B_v1,837,95,46,2762205
2025-03-10,googleadwords_int,GGL_CMP_02_리타겟팅,리마케팅,CRS_특가_신학기_v1,813,63,32,1602912
2025-03-10,googleadwords_int,GGL_CMP_03_첫구매,논타겟,VID_적립혜택_신학기_A_v1,1015,81,46,3079643
2025-03-10,googleadwords_int,GGL_CMP_03_첫구매,논타겟,IMG_적립혜택_신학기_B_v1,1411,107,68,4461426
2025-03-10,googleadwords_int,GGL_CMP_03_첫구매,논타겟,CRS_할인쿠폰_신학기_v1,1041,114,53,2539093
2025-03-10,googleadwords_int,GGL_CMP_03_첫구매,유사타겟,VID_적립혜택_신학기_A_v1,1053,79,33,2670451
2025-03-10,googleadwords_int,GGL_CMP_03_첫구매,유사타겟,IMG_적립혜택_신학기_B_v1,1060,90,31,1837963
2025-03-10,googleadwords_int,GGL_CMP_03_첫구매,유사타겟,CRS_할인쿠폰_신학기_v1,1514,125,75,5453784
2025-03-10,Facebook Ads,META_CMP_01_신규유저,논타겟,VID_플러스멤버십_신학기_A_v1,901,68,20,756987
2025-03-10,Facebook Ads,META_CMP_01_신규유저,논타겟,IMG_적립혜택_신학기_B_v1,566,34,6,325760
2025-03-10,Facebook Ads,META_CMP_01_신규유저,논타겟,CRS_플러스멤버십_신학기_v1,587,43,17,917712
2025-03-10,Facebook Ads,META_CMP_02_룩얼라이크,유사타겟,VID_플러스멤버십_신학기_A_v1,864,56,13,647911
2025-03-10,Facebook Ads,META_CMP_02_룩얼라이크,유사타겟,IMG_할인쿠폰_신학기_B_v1,501,30,11,724528
2025-03-10,Facebook Ads,META_CMP_02_룩얼라이크,유사타겟,CRS_특가_신학기_v1,477,37,10,493528
2025-03-10,Facebook Ads,META_CMP_03_재구매,VIP,IMG_배송혜택_신학기_A_v1,137,4,3,264424
2025-03-10,Facebook Ads,META_CMP_03_재구매,VIP,VID_적립혜택_신학기_B_v1,312,12,10,967960
2025-03-10,Facebook Ads,META_CMP_03_재구매,VIP,CRS_신상품_신학기_v1,239,10,11,943898
2025-03-10,Facebook Ads,META_CMP_03_재구매,윈백,IMG_배송혜택_신학기_A_v1,240,10,5,481060
2025-03-10,Facebook Ads,META_CMP_03_재구매,윈백,VID_적립혜택_신학기_B_v1,438,22,16,1334638
2025-03-10,Facebook Ads,META_CMP_03_재구매,윈백,CRS_신상품_신학기_v1,521,34,27,1887430
2025-03-10,naver_search,NVR_CMP_01_브랜드KW,논타겟,TXT_플러스멤버십_신학기_A_v1,962,166,112,9017662
2025-03-10,naver_search,NVR_CMP_02_일반KW,논타겟,TXT_할인쿠폰_신학기_A_v1,1164,151,79,5360933
2025-03-10,naver_search,NVR_CMP_02_일반KW,논타겟,TXT_플러스멤버십_신학기_B_v1,1083,200,107,7509803
2025-03-10,naver_search,NVR_CMP_03_재구매,VIP,IMG_배송혜택_신학기_A_v1,234,24,19,1761088
2025-03-10,naver_search,NVR_CMP_03_재구매,VIP,VID_적립혜택_신학기_B_v1,212,18,14,1380592
2025-03-10,naver_search,NVR_CMP_03_재구매,VIP,CRS_신상품_신학기_v1,333,29,27,2387545
2025-03-10,naver_search,NVR_CMP_03_재구매,윈백,IMG_배송혜택_신학기_A_v1,530,54,46,4354204
2025-03-10,naver_search,NVR_CMP_03_재구매,윈백,VID_적립혜택_신학기_B_v1,605,59,55,3959473
2025-03-10,naver_search,NVR_CMP_03_재구매,윈백,CRS_신상품_신학기_v1,559,40,45,4571005
2025-03-11,googleadwords_int,GGL_CMP_01_플러스가입,논타겟,VID_플러스멤버십_봄_A_v1,899,78,19,1668673
2025-03-11,googleadwords_int,GGL_CMP_01_플러스가입,논타겟,IMG_플러스멤버십_봄_B_v1,2153,214,61,2907197
2025-03-11,googleadwords_int,GGL_CMP_01_플러스가입,논타겟,CRS_플러스멤버십_봄_v1,863,107,35,1404541
2025-03-11,googleadwords_int,GGL_CMP_01_플러스가입,논타겟,IMG_적립혜택_봄_v2,1478,217,56,4093911
2025-03-11,googleadwords_int,GGL_CMP_01_플러스가입,유사타겟,VID_플러스멤버십_봄_A_v1,1600,140,31,1694217
2025-03-11,googleadwords_int,GGL_CMP_01_플러스가입,유사타겟,IMG_플러스멤버십_봄_B_v1,1134,89,29,1819625
2025-03-11,googleadwords_int,GGL_CMP_01_플러스가입,유사타겟,CRS_플러스멤버십_봄_v1,1708,130,37,2548556
2025-03-11,googleadwords_int,GGL_CMP_01_플러스가입,유사타겟,IMG_적립혜택_봄_v2,1102,154,35,2256105
2025-03-11,googleadwords_int,GGL_CMP_02_리타겟팅,리마케팅,VID_할인쿠폰_봄_A_v1,1222,144,70,3811960
2025-03-11,googleadwords_int,GGL_CMP_02_리타겟팅,리마케팅,IMG_할인쿠폰_봄_B_v1,1608,109,44,2602551
2025-03-11,googleadwords_int,GGL_CMP_02_리타겟팅,리마케팅,CRS_특가_봄_v1,1407,168,86,5570642
2025-03-11,googleadwords_int,GGL_CMP_03_첫구매,논타겟,VID_적립혜택_봄_A_v1,1662,151,45,2912501
2025-03-11,googleadwords_int,GGL_CMP_03_첫구매,논타겟,IMG_적립혜택_봄_B_v1,1418,117,36,2330981
2025-03-11,googleadwords_int,GGL_CMP_03_첫구매,논타겟,CRS_할인쿠폰_봄_v1,902,45,16,1198122
2025-03-11,googleadwords_int,GGL_CMP_03_첫구매,유사타겟,VID_적립혜택_봄_A_v1,1665,124,49,3171464
2025-03-11,googleadwords_int,GGL_CMP_03_첫구매,유사타겟,IMG_적립혜택_봄_B_v1,1263,110,40,2585821
2025-03-11,googleadwords_int,GGL_CMP_03_첫구매,유사타겟,CRS_할인쿠폰_봄_v1,1041,88,23,2075942
2025-03-11,Facebook Ads,META_CMP_01_신규유저,논타겟,VID_플러스멤버십_봄_A_v1,674,49,8,367994
2025-03-11,Facebook Ads,META_CMP_01_신규유저,논타겟,IMG_적립혜택_봄_B_v1,604,36,8,410874
2025-03-11,Facebook Ads,META_CMP_01_신규유저,논타겟,CRS_플러스멤버십_봄_v1,489,32,5,306446
2025-03-11,Facebook Ads,META_CMP_02_룩얼라이크,유사타겟,VID_플러스멤버십_봄_A_v1,515,39,9,364038
2025-03-11,Facebook Ads,META_CMP_02_룩얼라이크,유사타겟,IMG_할인쿠폰_봄_B_v1,706,39,6,429519
2025-03-11,Facebook Ads,META_CMP_02_룩얼라이크,유사타겟,CRS_특가_봄_v1,602,41,7,432615
2025-03-11,Facebook Ads,META_CMP_03_재구매,VIP,IMG_배송혜택_봄_A_v1,180,6,2,243183
2025-03-11,Facebook Ads,META_CMP_03_재구매,VIP,VID_적립혜택_봄_B_v1,324,16,12,1077442
2025-03-11,Facebook Ads,META_CMP_03_재구매,VIP,CRS_신상품_봄_v1,231,10,5,464242
2025-03-11,Facebook Ads,META_CMP_03_재구매,윈백,IMG_배송혜택_봄_A_v1,747,29,19,1164106
2025-03-11,Facebook Ads,META_CMP_03_재구매,윈백,VID_적립혜택_봄_B_v1,323,12,6,469223
2025-03-11,Facebook Ads,META_CMP_03_재구매,윈백,CRS_신상품_봄_v1,420,22,9,782520
2025-03-11,naver_search,NVR_CMP_01_브랜드KW,논타겟,TXT_플러스멤버십_봄_A_v1,1269,355,219,17749345
2025-03-11,naver_search,NVR_CMP_02_일반KW,논타겟,TXT_할인쿠폰_봄_A_v1,1134,109,26,2449821
2025-03-11,naver_search,NVR_CMP_02_일반KW,논타겟,TXT_플러스멤버십_봄_B_v1,935,142,46,2929200
2025-03-11,naver_search,NVR_CMP_03_재구매,VIP,IMG_배송혜택_봄_A_v1,258,18,12,1550182
2025-03-11,naver_search,NVR_CMP_03_재구매,VIP,VID_적립혜택_봄_B_v1,271,31,16,2014332
2025-03-11,naver_search,NVR_CMP_03_재구매,VIP,CRS_신상품_봄_v1,399,40,18,2045023
2025-03-11,naver_search,NVR_CMP_03_재구매,윈백,IMG_배송혜택_봄_A_v1,522,44,30,3412642
2025-03-11,naver_search,NVR_CMP_03_재구매,윈백,VID_적립혜택_봄_B_v1,535,44,23,2267126
2025-03-11,naver_search,NVR_CMP_03_재구매,윈백,CRS_신상품_봄_v1,709,61,44,3231976
2025-03-12,googleadwords_int,GGL_CMP_01_플러스가입,논타겟,VID_플러스멤버십_봄_A_v1,1713,197,50,3624332
2025-03-12,googleadwords_int,GGL_CMP_01_플러스가입,논타겟,IMG_플러스멤버십_봄_B_v1,1786,197,39,2911629
2025-03-12,googleadwords_int,GGL_CMP_01_플러스가입,논타겟,CRS_플러스멤버십_봄_v1,1181,123,41,2652226
2025-03-12,googleadwords_int,GGL_CMP_01_플러스가입,논타겟,IMG_적립혜택_봄_v2,1241,119,36,2391902
2025-03-12,googleadwords_int,GGL_CMP_01_플러스가입,유사타겟,VID_플러스멤버십_봄_A_v1,1143,90,19,1305053
2025-03-12,googleadwords_int,GGL_CMP_01_플러스가입,유사타겟,IMG_플러스멤버십_봄_B_v1,1266,148,38,1891052
2025-03-12,googleadwords_int,GGL_CMP_01_플러스가입,유사타겟,CRS_플러스멤버십_봄_v1,1248,120,32,1757092
2025-03-12,googleadwords_int,GGL_CMP_01_플러스가입,유사타겟,IMG_적립혜택_봄_v2,858,84,15,741377
2025-03-12,googleadwords_int,GGL_CMP_02_리타겟팅,리마케팅,VID_할인쿠폰_봄_A_v1,1008,118,54,3949545
2025-03-12,googleadwords_int,GGL_CMP_02_리타겟팅,리마케팅,IMG_할인쿠폰_봄_B_v1,1546,114,43,2265110
2025-03-12,googleadwords_int,GGL_CMP_02_리타겟팅,리마케팅,CRS_특가_봄_v1,940,92,43,3057707
2025-03-12,googleadwords_int,GGL_CMP_03_첫구매,논타겟,VID_적립혜택_봄_A_v1,1398,95,48,3186875
2025-03-12,googleadwords_int,GGL_CMP_03_첫구매,논타겟,IMG_적립혜택_봄_B_v1,1688,125,44,3265229
2025-03-12,googleadwords_int,GGL_CMP_03_첫구매,논타겟,CRS_할인쿠폰_봄_v1,804,88,30,2370681
2025-03-12,googleadwords_int,GGL_CMP_03_첫구매,유사타겟,VID_적립혜택_봄_A_v1,1579,111,29,2290533
2025-03-12,googleadwords_int,GGL_CMP_03_첫구매,유사타겟,IMG_적립혜택_봄_B_v1,875,64,32,1990538
2025-03-12,googleadwords_int,GGL_CMP_03_첫구매,유사타겟,CRS_할인쿠폰_봄_v1,1580,138,51,4093418
2025-03-12,Facebook Ads,META_CMP_01_신규유저,논타겟,VID_플러스멤버십_봄_A_v1,818,57,11,642681
2025-03-12,Facebook Ads,META_CMP_01_신규유저,논타겟,IMG_적립혜택_봄_B_v1,532,34,7,328510
2025-03-12,Facebook Ads,META_CMP_01_신규유저,논타겟,CRS_플러스멤버십_봄_v1,571,31,5,280433
2025-03-12,Facebook Ads,META_CMP_02_룩얼라이크,유사타겟,VID_플러스멤버십_봄_A_v1,963,62,14,652445
2025-03-12,Facebook Ads,META_CMP_02_룩얼라이크,유사타겟,IMG_할인쿠폰_봄_B_v1,498,35,10,550006
2025-03-12,Facebook Ads,META_CMP_02_룩얼라이크,유사타겟,CRS_특가_봄_v1,464,37,6,370999
2025-03-12,Facebook Ads,META_CMP_03_재구매,VIP,IMG_배송혜택_봄_A_v1,317,14,6,534079
2025-03-12,Facebook Ads,META_CMP_03_재구매,VIP,VID_적립혜택_봄_B_v1,225,13,6,393451
2025-03-12,Facebook Ads,META_CMP_03_재구매,VIP,CRS_신상품_봄_v1,212,9,2,179246
2025-03-12,Facebook Ads,META_CMP_03_재구매,윈백,IMG_배송혜택_봄_A_v1,404,24,9,794546
2025-03-12,Facebook Ads,META_CMP_03_재구매,윈백,VID_적립혜택_봄_B_v1,547,20,12,860134
2025-03-12,Facebook Ads,META_CMP_03_재구매,윈백,CRS_신상품_봄_v1,448,26,13,980042
2025-03-12,naver_search,NVR_CMP_01_브랜드KW,논타겟,TXT_플러스멤버십_봄_A_v1,894,165,109,8082218
2025-03-12,naver_search,NVR_CMP_02_일반KW,논타겟,TXT_할인쿠폰_봄_A_v1,833,143,49,3537044
2025-03-12,naver_search,NVR_CMP_02_일반KW,논타겟,TXT_플러스멤버십_봄_B_v1,971,91,30,1872930
2025-03-12,naver_search,NVR_CMP_03_재구매,VIP,IMG_배송혜택_봄_A_v1,161,11,5,535647
2025-03-12,naver_search,NVR_CMP_03_재구매,VIP,VID_적립혜택_봄_B_v1,237,25,16,1945991
2025-03-12,naver_search,NVR_CMP_03_재구매,VIP,CRS_신상품_봄_v1,186,14,6,517508
2025-03-12,naver_search,NVR_CMP_03_재구매,윈백,IMG_배송혜택_봄_A_v1,315,25,16,1389082
2025-03-12,naver_search,NVR_CMP_03_재구매,윈백,VID_적립혜택_봄_B_v1,347,18,13,1487009
2025-03-12,naver_search,NVR_CMP_03_재구매,윈백,CRS_신상품_봄_v1,241,15,10,808993
2025-03-13,googleadwords_int,GGL_CMP_01_플러스가입,논타겟,VID_플러스멤버십_봄_A_v1,1500,156,40,2059616
2025-03-13,googleadwords_int,GGL_CMP_01_플러스가입,논타겟,IMG_플러스멤버십_봄_B_v1,1765,143,32,1483027
2025-03-13,googleadwords_int,GGL_CMP_01_플러스가입,논타겟,CRS_플러스멤버십_봄_v1,1290,101,32,1879686
2025-03-13,googleadwords_int,GGL_CMP_01_플러스가입,논타겟,IMG_적립혜택_봄_v2,2205,192,53,3273879
2025-03-13,googleadwords_int,GGL_CMP_01_플러스가입,유사타겟,VID_플러스멤버십_봄_A_v1,1277,104,21,1646621
2025-03-13,googleadwords_int,GGL_CMP_01_플러스가입,유사타겟,IMG_플러스멤버십_봄_B_v1,1936,227,66,5002393
2025-03-13,googleadwords_int,GGL_CMP_01_플러스가입,유사타겟,CRS_플러스멤버십_봄_v1,1426,158,36,3227756
2025-03-13,googleadwords_int,GGL_CMP_01_플러스가입,유사타겟,IMG_적립혜택_봄_v2,1138,128,33,2190278
2025-03-13,googleadwords_int,GGL_CMP_02_리타겟팅,리마케팅,VID_할인쿠폰_봄_A_v1,847,87,23,1612715
2025-03-13,googleadwords_int,GGL_CMP_02_리타겟팅,리마케팅,IMG_할인쿠폰_봄_B_v1,1461,125,45,3255577
2025-03-13,googleadwords_int,GGL_CMP_02_리타겟팅,리마케팅,CRS_특가_봄_v1,1086,89,45,3021033
2025-03-13,googleadwords_int,GGL_CMP_03_첫구매,논타겟,VID_적립혜택_봄_A_v1,1389,97,44,3856083
2025-03-13,googleadwords_int,GGL_CMP_03_첫구매,논타겟,IMG_적립혜택_봄_B_v1,928,68,16,923760
2025-03-13,googleadwords_int,GGL_CMP_03_첫구매,논타겟,CRS_할인쿠폰_봄_v1,1796,163,40,2197295
2025-03-13,googleadwords_int,GGL_CMP_03_첫구매,유사타겟,VID_적립혜택_봄_A_v1,929,87,31,2226883
2025-03-13,googleadwords_int,GGL_CMP_03_첫구매,유사타겟,IMG_적립혜택_봄_B_v1,1035,66,26,1880783
2025-03-13,googleadwords_int,GGL_CMP_03_첫구매,유사타겟,CRS_할인쿠폰_봄_v1,1255,86,35,2329285
2025-03-13,Facebook Ads,META_CMP_01_신규유저,논타겟,VID_플러스멤버십_봄_A_v1,476,22,6,374054
2025-03-13,Facebook Ads,META_CMP_01_신규유저,논타겟,IMG_적립혜택_봄_B_v1,876,51,14,507066
2025-03-13,Facebook Ads,META_CMP_01_신규유저,논타겟,CRS_플러스멤버십_봄_v1,507,32,5,311922
2025-03-13,Facebook Ads,META_CMP_02_룩얼라이크,유사타겟,VID_플러스멤버십_봄_A_v1,755,63,16,821030
2025-03-13,Facebook Ads,META_CMP_02_룩얼라이크,유사타겟,IMG_할인쿠폰_봄_B_v1,710,39,12,535709
2025-03-13,Facebook Ads,META_CMP_02_룩얼라이크,유사타겟,CRS_특가_봄_v1,945,53,17,1052154
2025-03-13,Facebook Ads,META_CMP_03_재구매,VIP,IMG_배송혜택_봄_A_v1,242,8,4,221255
2025-03-13,Facebook Ads,META_CMP_03_재구매,VIP,VID_적립혜택_봄_B_v1,280,12,5,540890
2025-03-13,Facebook Ads,META_CMP_03_재구매,VIP,CRS_신상품_봄_v1,269,10,5,521316
2025-03-13,Facebook Ads,META_CMP_03_재구매,윈백,IMG_배송혜택_봄_A_v1,489,15,7,714515
2025-03-13,Facebook Ads,META_CMP_03_재구매,윈백,VID_적립혜택_봄_B_v1,656,36,20,1356569
2025-03-13,Facebook Ads,META_CMP_03_재구매,윈백,CRS_신상품_봄_v1,349,13,4,300065
2025-03-13,naver_search,NVR_CMP_01_브랜드KW,논타겟,TXT_플러스멤버십_봄_A_v1,872,137,78,7599221
2025-03-13,naver_search,NVR_CMP_02_일반KW,논타겟,TXT_할인쿠폰_봄_A_v1,951,156,68,3333340
2025-03-13,naver_search,NVR_CMP_02_일반KW,논타겟,TXT_플러스멤버십_봄_B_v1,909,141,33,2073646
2025-03-13,naver_search,NVR_CMP_03_재구매,VIP,IMG_배송혜택_봄_A_v1,352,21,10,1064500
2025-03-13,naver_search,NVR_CMP_03_재구매,VIP,VID_적립혜택_봄_B_v1,185,18,8,734409
2025-03-13,naver_search,NVR_CMP_03_재구매,VIP,CRS_신상품_봄_v1,173,9,8,788153
2025-03-13,naver_search,NVR_CMP_03_재구매,윈백,IMG_배송혜택_봄_A_v1,485,47,37,3985766
2025-03-13,naver_search,NVR_CMP_03_재구매,윈백,VID_적립혜택_봄_B_v1,479,32,17,1767359
2025-03-13,naver_search,NVR_CMP_03_재구매,윈백,CRS_신상품_봄_v1,535,37,30,2717499
2025-03-14,googleadwords_int,GGL_CMP_01_플러스가입,논타겟,VID_플러스멤버십_봄_A_v1,1173,92,24,1638612
2025-03-14,googleadwords_int,GGL_CMP_01_플러스가입,논타겟,IMG_플러스멤버십_봄_B_v1,1509,128,27,1255106
2025-03-14,googleadwords_int,GGL_CMP_01_플러스가입,논타겟,CRS_플러스멤버십_봄_v1,1773,212,58,2380354
2025-03-14,googleadwords_int,GGL_CMP_01_플러스가입,논타겟,IMG_적립혜택_봄_v2,1273,116,33,2105102
2025-03-14,googleadwords_int,GGL_CMP_01_플러스가입,유사타겟,VID_플러스멤버십_봄_A_v1,986,108,20,1429659
2025-03-14,googleadwords_int,GGL_CMP_01_플러스가입,유사타겟,IMG_플러스멤버십_봄_B_v1,1278,114,32,1632098
2025-03-14,googleadwords_int,GGL_CMP_01_플러스가입,유사타겟,CRS_플러스멤버십_봄_v1,1656,186,56,2922708
2025-03-14,googleadwords_int,GGL_CMP_01_플러스가입,유사타겟,IMG_적립혜택_봄_v2,1530,157,31,1749742
2025-03-14,googleadwords_int,GGL_CMP_02_리타겟팅,리마케팅,VID_할인쿠폰_봄_A_v1,1553,106,48,2709669
2025-03-14,googleadwords_int,GGL_CMP_02_리타겟팅,리마케팅,IMG_할인쿠폰_봄_B_v1,930,92,33,1483853
2025-03-14,googleadwords_int,GGL_CMP_02_리타겟팅,리마케팅,CRS_특가_봄_v1,603,47,22,1038272
2025-03-14,googleadwords_int,GGL_CMP_03_첫구매,논타겟,VID_적립혜택_봄_A_v1,1520,167,72,3587645
2025-03-14,googleadwords_int,GGL_CMP_03_첫구매,논타겟,IMG_적립혜택_봄_B_v1,1115,64,33,2097800
2025-03-14,googleadwords_int,GGL_CMP_03_첫구매,논타겟,CRS_할인쿠폰_봄_v1,1666,125,37,2105637
2025-03-14,googleadwords_int,GGL_CMP_03_첫구매,유사타겟,VID_적립혜택_봄_A_v1,1201,72,25,1527826
2025-03-14,googleadwords_int,GGL_CMP_03_첫구매,유사타겟,IMG_적립혜택_봄_B_v1,1695,112,41,2789975
2025-03-14,googleadwords_int,GGL_CMP_03_첫구매,유사타겟,CRS_할인쿠폰_봄_v1,737,66,27,1666640
2025-03-14,Facebook Ads,META_CMP_01_신규유저,논타겟,VID_플러스멤버십_봄_A_v1,640,34,6,219464
2025-03-14,Facebook Ads,META_CMP_01_신규유저,논타겟,IMG_적립혜택_봄_B_v1,724,55,9,437654
2025-03-14,Facebook Ads,META_CMP_01_신규유저,논타겟,CRS_플러스멤버십_봄_v1,599,33,6,247282
2025-03-14,Facebook Ads,META_CMP_02_룩얼라이크,유사타겟,VID_플러스멤버십_봄_A_v1,640,28,6,355824
2025-03-14,Facebook Ads,META_CMP_02_룩얼라이크,유사타겟,IMG_할인쿠폰_봄_B_v1,481,37,9,382607
2025-03-14,Facebook Ads,META_CMP_02_룩얼라이크,유사타겟,CRS_특가_봄_v1,636,44,13,674773
2025-03-14,Facebook Ads,META_CMP_03_재구매,VIP,IMG_배송혜택_봄_A_v1,346,13,6,586382
2025-03-14,Facebook Ads,META_CMP_03_재구매,VIP,VID_적립혜택_봄_B_v1,214,7,3,193083
2025-03-14,Facebook Ads,META_CMP_03_재구매,VIP,CRS_신상품_봄_v1,178,8,3,291265
2025-03-14,Facebook Ads,META_CMP_03_재구매,윈백,IMG_배송혜택_봄_A_v1,421,16,5,294447
2025-03-14,Facebook Ads,META_CMP_03_재구매,윈백,VID_적립혜택_봄_B_v1,588,31,17,1360729
2025-03-14,Facebook Ads,META_CMP_03_재구매,윈백,CRS_신상품_봄_v1,434,17,9,804303
2025-03-14,naver_search,NVR_CMP_01_브랜드KW,논타겟,TXT_플러스멤버십_봄_A_v1,1373,329,231,16939215
2025-03-14,naver_search,NVR_CMP_02_일반KW,논타겟,TXT_할인쿠폰_봄_A_v1,1091,140,61,2963483
2025-03-14,naver_search,NVR_CMP_02_일반KW,논타겟,TXT_플러스멤버십_봄_B_v1,1164,170,73,4306684
2025-03-14,naver_search,NVR_CMP_03_재구매,VIP,IMG_배송혜택_봄_A_v1,180,16,16,1440752
2025-03-14,naver_search,NVR_CMP_03_재구매,VIP,VID_적립혜택_봄_B_v1,317,38,18,2599355
2025-03-14,naver_search,NVR_CMP_03_재구매,VIP,CRS_신상품_봄_v1,281,29,20,1571109
2025-03-14,naver_search,NVR_CMP_03_재구매,윈백,IMG_배송혜택_봄_A_v1,527,33,21,2608251
2025-03-14,naver_search,NVR_CMP_03_재구매,윈백,VID_적립혜택_봄_B_v1,559,39,24,2746242
2025-03-14,naver_search,NVR_CMP_03_재구매,윈백,CRS_신상품_봄_v1,776,72,57,4593293
2025-03-15,googleadwords_int,GGL_CMP_01_플러스가입,논타겟,VID_플러스멤버십_봄_A_v1,909,113,40,2423342
2025-03-15,googleadwords_int,GGL_CMP_01_플러스가입,논타겟,IMG_플러스멤버십_봄_B_v1,890,105,41,2232519
2025-03-15,googleadwords_int,GGL_CMP_01_플러스가입,논타겟,CRS_플러스멤버십_봄_v1,1469,191,72,4061692
2025-03-15,googleadwords_int,GGL_CMP_01_플러스가입,논타겟,IMG_적립혜택_봄_v2,1033,87,26,1839458
2025-03-15,googleadwords_int,GGL_CMP_01_플러스가입,유사타겟,VID_플러스멤버십_봄_A_v1,1499,126,38,2501142
2025-03-15,googleadwords_int,GGL_CMP_01_플러스가입,유사타겟,IMG_플러스멤버십_봄_B_v1,887,84,34,1545098
2025-03-15,googleadwords_int,GGL_CMP_01_플러스가입,유사타겟,CRS_플러스멤버십_봄_v1,652,70,29,2096697
2025-03-15,googleadwords_int,GGL_CMP_01_플러스가입,유사타겟,IMG_적립혜택_봄_v2,1340,156,52,2732983
2025-03-15,googleadwords_int,GGL_CMP_02_리타겟팅,리마케팅,VID_할인쿠폰_봄_A_v1,736,92,51,2133704
2025-03-15,googleadwords_int,GGL_CMP_02_리타겟팅,리마케팅,IMG_할인쿠폰_봄_B_v1,895,77,45,3599408
2025-03-15,googleadwords_int,GGL_CMP_02_리타겟팅,리마케팅,CRS_특가_봄_v1,919,105,68,4493280
2025-03-15,googleadwords_int,GGL_CMP_03_첫구매,논타겟,VID_적립혜택_봄_A_v1,864,71,50,2769635
2025-03-15,googleadwords_int,GGL_CMP_03_첫구매,논타겟,IMG_적립혜택_봄_B_v1,977,71,46,3702123
2025-03-15,googleadwords_int,GGL_CMP_03_첫구매,논타겟,CRS_할인쿠폰_봄_v1,830,57,30,2400060
2025-03-15,googleadwords_int,GGL_CMP_03_첫구매,유사타겟,VID_적립혜택_봄_A_v1,601,43,15,1394325
2025-03-15,googleadwords_int,GGL_CMP_03_첫구매,유사타겟,IMG_적립혜택_봄_B_v1,1043,68,38,2949168
2025-03-15,googleadwords_int,GGL_CMP_03_첫구매,유사타겟,CRS_할인쿠폰_봄_v1,777,59,20,1511719
2025-03-15,Facebook Ads,META_CMP_01_신규유저,논타겟,VID_플러스멤버십_봄_A_v1,291,15,5,245560
2025-03-15,Facebook Ads,META_CMP_01_신규유저,논타겟,IMG_적립혜택_봄_B_v1,670,47,11,539861
2025-03-15,Facebook Ads,META_CMP_01_신규유저,논타겟,CRS_플러스멤버십_봄_v1,659,50,16,770951
2025-03-15,Facebook Ads,META_CMP_02_룩얼라이크,유사타겟,VID_플러스멤버십_봄_A_v1,413,31,12,853858
2025-03-15,Facebook Ads,META_CMP_02_룩얼라이크,유사타겟,IMG_할인쿠폰_봄_B_v1,321,22,8,510328
2025-03-15,Facebook Ads,META_CMP_02_룩얼라이크,유사타겟,CRS_특가_봄_v1,301,16,6,363828
2025-03-15,Facebook Ads,META_CMP_03_재구매,VIP,IMG_배송혜택_봄_A_v1,201,9,6,465976
2025-03-15,Facebook Ads,META_CMP_03_재구매,VIP,VID_적립혜택_봄_B_v1,273,11,9,486001
2025-03-15,Facebook Ads,META_CMP_03_재구매,VIP,CRS_신상품_봄_v1,206,6,6,502899
2025-03-15,Facebook Ads,META_CMP_03_재구매,윈백,IMG_배송혜택_봄_A_v1,301,11,6,404681
2025-03-15,Facebook Ads,META_CMP_03_재구매,윈백,VID_적립혜택_봄_B_v1,465,17,7,655173
2025-03-15,Facebook Ads,META_CMP_03_재구매,윈백,CRS_신상품_봄_v1,271,11,5,382457
2025-03-15,naver_search,NVR_CMP_01_브랜드KW,논타겟,TXT_플러스멤버십_봄_A_v1,1101,163,179,12904524
2025-03-15,naver_search,NVR_CMP_02_일반KW,논타겟,TXT_할인쿠폰_봄_A_v1,579,54,21,1415482
2025-03-15,naver_search,NVR_CMP_02_일반KW,논타겟,TXT_플러스멤버십_봄_B_v1,593,77,40,2822163
2025-03-15,naver_search,NVR_CMP_03_재구매,VIP,IMG_배송혜택_봄_A_v1,208,11,11,1666567
2025-03-15,naver_search,NVR_CMP_03_재구매,VIP,VID_적립혜택_봄_B_v1,216,14,14,1157270
2025-03-15,naver_search,NVR_CMP_03_재구매,VIP,CRS_신상품_봄_v1,258,21,13,1423465
2025-03-15,naver_search,NVR_CMP_03_재구매,윈백,IMG_배송혜택_봄_A_v1,565,48,50,3959386
2025-03-15,naver_search,NVR_CMP_03_재구매,윈백,VID_적립혜택_봄_B_v1,428,26,24,2153787
2025-03-15,naver_search,NVR_CMP_03_재구매,윈백,CRS_신상품_봄_v1,387,43,35,3379256
2025-03-16,googleadwords_int,GGL_CMP_01_플러스가입,논타겟,VID_플러스멤버십_봄_A_v1,761,77,24,1429899
2025-03-16,googleadwords_int,GGL_CMP_01_플러스가입,논타겟,IMG_플러스멤버십_봄_B_v1,1328,126,42,2771928
2025-03-16,googleadwords_int,GGL_CMP_01_플러스가입,논타겟,CRS_플러스멤버십_봄_v1,818,110,31,1972123
2025-03-16,googleadwords_int,GGL_CMP_01_플러스가입,논타겟,IMG_적립혜택_봄_v2,988,96,26,1951577
2025-03-16,googleadwords_int,GGL_CMP_01_플러스가입,유사타겟,VID_플러스멤버십_봄_A_v1,820,98,17,802035
2025-03-16,googleadwords_int,GGL_CMP_01_플러스가입,유사타겟,IMG_플러스멤버십_봄_B_v1,1183,155,31,1353459
2025-03-16,googleadwords_int,GGL_CMP_01_플러스가입,유사타겟,CRS_플러스멤버십_봄_v1,904,86,25,1393495
2025-03-16,googleadwords_int,GGL_CMP_01_플러스가입,유사타겟,IMG_적립혜택_봄_v2,688,77,18,1116856
2025-03-16,googleadwords_int,GGL_CMP_02_리타겟팅,리마케팅,VID_할인쿠폰_봄_A_v1,611,63,20,1018198
2025-03-16,googleadwords_int,GGL_CMP_02_리타겟팅,리마케팅,IMG_할인쿠폰_봄_B_v1,796,70,20,1684910
2025-03-16,googleadwords_int,GGL_CMP_02_리타겟팅,리마케팅,CRS_특가_봄_v1,893,89,47,3089920
2025-03-16,googleadwords_int,GGL_CMP_03_첫구매,논타겟,VID_적립혜택_봄_A_v1,1463,105,44,2836401
2025-03-16,googleadwords_int,GGL_CMP_03_첫구매,논타겟,IMG_적립혜택_봄_B_v1,796,58,20,1464985
2025-03-16,googleadwords_int,GGL_CMP_03_첫구매,논타겟,CRS_할인쿠폰_봄_v1,876,51,19,1456672
2025-03-16,googleadwords_int,GGL_CMP_03_첫구매,유사타겟,VID_적립혜택_봄_A_v1,1285,121,42,2326712
2025-03-16,googleadwords_int,GGL_CMP_03_첫구매,유사타겟,IMG_적립혜택_봄_B_v1,814,78,28,2203791
2025-03-16,googleadwords_int,GGL_CMP_03_첫구매,유사타겟,CRS_할인쿠폰_봄_v1,744,57,22,1238660
2025-03-16,Facebook Ads,META_CMP_01_신규유저,논타겟,VID_플러스멤버십_봄_A_v1,306,15,3,153141
2025-03-16,Facebook Ads,META_CMP_01_신규유저,논타겟,IMG_적립혜택_봄_B_v1,331,17,2,135659
2025-03-16,Facebook Ads,META_CMP_01_신규유저,논타겟,CRS_플러스멤버십_봄_v1,378,19,3,185348
2025-03-16,Facebook Ads,META_CMP_02_룩얼라이크,유사타겟,VID_플러스멤버십_봄_A_v1,520,37,7,452212
2025-03-16,Facebook Ads,META_CMP_02_룩얼라이크,유사타겟,IMG_할인쿠폰_봄_B_v1,428,34,7,388952
2025-03-16,Facebook Ads,META_CMP_02_룩얼라이크,유사타겟,CRS_특가_봄_v1,461,30,7,515296
2025-03-16,Facebook Ads,META_CMP_03_재구매,VIP,IMG_배송혜택_봄_A_v1,296,9,5,295475
2025-03-16,Facebook Ads,META_CMP_03_재구매,VIP,VID_적립혜택_봄_B_v1,129,5,1,106153
2025-03-16,Facebook Ads,META_CMP_03_재구매,VIP,CRS_신상품_봄_v1,193,8,3,320981
2025-03-16,Facebook Ads,META_CMP_03_재구매,윈백,IMG_배송혜택_봄_A_v1,267,12,7,523272
2025-03-16,Facebook Ads,META_CMP_03_재구매,윈백,VID_적립혜택_봄_B_v1,272,11,4,378019
2025-03-16,Facebook Ads,META_CMP_03_재구매,윈백,CRS_신상품_봄_v1,524,28,11,919554
2025-03-16,naver_search,NVR_CMP_01_브랜드KW,논타겟,TXT_플러스멤버십_봄_A_v1,884,230,106,7359493
2025-03-16,naver_search,NVR_CMP_02_일반KW,논타겟,TXT_할인쿠폰_봄_A_v1,812,90,33,2669884
2025-03-16,naver_search,NVR_CMP_02_일반KW,논타겟,TXT_플러스멤버십_봄_B_v1,897,80,29,2109384
2025-03-16,naver_search,NVR_CMP_03_재구매,VIP,IMG_배송혜택_봄_A_v1,209,11,6,610760
2025-03-16,naver_search,NVR_CMP_03_재구매,VIP,VID_적립혜택_봄_B_v1,170,13,10,920856
2025-03-16,naver_search,NVR_CMP_03_재구매,VIP,CRS_신상품_봄_v1,234,19,12,1342388
2025-03-16,naver_search,NVR_CMP_03_재구매,윈백,IMG_배송혜택_봄_A_v1,345,29,23,2001920
2025-03-16,naver_search,NVR_CMP_03_재구매,윈백,VID_적립혜택_봄_B_v1,347,28,22,1643401
2025-03-16,naver_search,NVR_CMP_03_재구매,윈백,CRS_신상품_봄_v1,384,37,18,1447204
2025-03-17,googleadwords_int,GGL_CMP_01_플러스가입,논타겟,VID_플러스멤버십_봄_A_v1,1020,122,35,1739741
2025-03-17,googleadwords_int,GGL_CMP_01_플러스가입,논타겟,IMG_플러스멤버십_봄_B_v1,1072,101,23,1726897
2025-03-17,googleadwords_int,GGL_CMP_01_플러스가입,논타겟,CRS_플러스멤버십_봄_v1,1882,208,62,4444364
2025-03-17,googleadwords_int,GGL_CMP_01_플러스가입,논타겟,IMG_적립혜택_봄_v2,1162,115,24,1523749
2025-03-17,googleadwords_int,GGL_CMP_01_플러스가입,유사타겟,VID_플러스멤버십_봄_A_v1,1931,143,31,1759463
2025-03-17,googleadwords_int,GGL_CMP_01_플러스가입,유사타겟,IMG_플러스멤버십_봄_B_v1,1836,214,57,2483012
2025-03-17,googleadwords_int,GGL_CMP_01_플러스가입,유사타겟,CRS_플러스멤버십_봄_v1,1284,157,45,3413124
2025-03-17,googleadwords_int,GGL_CMP_01_플러스가입,유사타겟,IMG_적립혜택_봄_v2,1277,135,36,2393146
2025-03-17,googleadwords_int,GGL_CMP_02_리타겟팅,리마케팅,VID_할인쿠폰_봄_A_v1,1033,133,56,3133879
2025-03-17,googleadwords_int,GGL_CMP_02_리타겟팅,리마케팅,IMG_할인쿠폰_봄_B_v1,1332,122,36,1936220
2025-03-17,googleadwords_int,GGL_CMP_02_리타겟팅,리마케팅,CRS_특가_봄_v1,1322,158,51,2879437
2025-03-17,googleadwords_int,GGL_CMP_03_첫구매,논타겟,VID_적립혜택_봄_A_v1,921,76,39,2144616
2025-03-17,googleadwords_int,GGL_CMP_03_첫구매,논타겟,IMG_적립혜택_봄_B_v1,1067,120,46,3248891
2025-03-17,googleadwords_int,GGL_CMP_03_첫구매,논타겟,CRS_할인쿠폰_봄_v1,1819,143,53,3488661
2025-03-17,googleadwords_int,GGL_CMP_03_첫구매,유사타겟,VID_적립혜택_봄_A_v1,1203,97,30,1959631
2025-03-17,googleadwords_int,GGL_CMP_03_첫구매,유사타겟,IMG_적립혜택_봄_B_v1,1341,80,28,1563633
2025-03-17,googleadwords_int,GGL_CMP_03_첫구매,유사타겟,CRS_할인쿠폰_봄_v1,671,42,24,1576607
2025-03-17,Facebook Ads,META_CMP_01_신규유저,논타겟,VID_플러스멤버십_봄_A_v1,508,30,4,273385
2025-03-17,Facebook Ads,META_CMP_01_신규유저,논타겟,IMG_적립혜택_봄_B_v1,520,25,4,203860
2025-03-17,Facebook Ads,META_CMP_01_신규유저,논타겟,CRS_플러스멤버십_봄_v1,641,47,7,313921
2025-03-17,Facebook Ads,META_CMP_02_룩얼라이크,유사타겟,VID_플러스멤버십_봄_A_v1,823,48,11,708098
2025-03-17,Facebook Ads,META_CMP_02_룩얼라이크,유사타겟,IMG_할인쿠폰_봄_B_v1,667,39,9,631433
2025-03-17,Facebook Ads,META_CMP_02_룩얼라이크,유사타겟,CRS_특가_봄_v1,977,82,25,1195397
2025-03-17,Facebook Ads,META_CMP_03_재구매,VIP,IMG_배송혜택_봄_A_v1,446,21,13,835925
2025-03-17,Facebook Ads,META_CMP_03_재구매,VIP,VID_적립혜택_봄_B_v1,221,8,4,321682
2025-03-17,Facebook Ads,META_CMP_03_재구매,VIP,CRS_신상품_봄_v1,333,15,8,469063
2025-03-17,Facebook Ads,META_CMP_03_재구매,윈백,IMG_배송혜택_봄_A_v1,436,22,11,917868
2025-03-17,Facebook Ads,META_CMP_03_재구매,윈백,VID_적립혜택_봄_B_v1,456,19,8,571179
2025-03-17,Facebook Ads,META_CMP_03_재구매,윈백,CRS_신상품_봄_v1,389,24,10,959580
2025-03-17,naver_search,NVR_CMP_01_브랜드KW,논타겟,TXT_플러스멤버십_봄_A_v1,1149,227,96,6262721
2025-03-17,naver_search,NVR_CMP_02_일반KW,논타겟,TXT_할인쿠폰_봄_A_v1,659,134,59,2860490
2025-03-17,naver_search,NVR_CMP_02_일반KW,논타겟,TXT_플러스멤버십_봄_B_v1,883,108,41,3004995
2025-03-17,naver_search,NVR_CMP_03_재구매,VIP,IMG_배송혜택_봄_A_v1,188,10,6,430615
2025-03-17,naver_search,NVR_CMP_03_재구매,VIP,VID_적립혜택_봄_B_v1,183,17,7,651083
2025-03-17,naver_search,NVR_CMP_03_재구매,VIP,CRS_신상품_봄_v1,205,17,14,1170393
2025-03-17,naver_search,NVR_CMP_03_재구매,윈백,IMG_배송혜택_봄_A_v1,287,17,11,1057979
2025-03-17,naver_search,NVR_CMP_03_재구매,윈백,VID_적립혜택_봄_B_v1,704,60,44,5874271
2025-03-17,naver_search,NVR_CMP_03_재구매,윈백,CRS_신상품_봄_v1,371,41,18,1465345
2025-03-18,googleadwords_int,GGL_CMP_01_플러스가입,논타겟,VID_플러스멤버십_봄_A_v1,1248,175,27,2017757
2025-03-18,googleadwords_int,GGL_CMP_01_플러스가입,논타겟,IMG_플러스멤버십_봄_B_v1,1033,102,29,1809988
2025-03-18,googleadwords_int,GGL_CMP_01_플러스가입,논타겟,CRS_플러스멤버십_봄_v1,1475,129,44,2894083
2025-03-18,googleadwords_int,GGL_CMP_01_플러스가입,논타겟,IMG_적립혜택_봄_v2,1837,189,70,4531235
2025-03-18,googleadwords_int,GGL_CMP_01_플러스가입,유사타겟,VID_플러스멤버십_봄_A_v1,2370,240,72,4179516
2025-03-18,googleadwords_int,GGL_CMP_01_플러스가입,유사타겟,IMG_플러스멤버십_봄_B_v1,1019,137,46,2855189
2025-03-18,googleadwords_int,GGL_CMP_01_플러스가입,유사타겟,CRS_플러스멤버십_봄_v1,1337,85,17,1292371
2025-03-18,googleadwords_int,GGL_CMP_01_플러스가입,유사타겟,IMG_적립혜택_봄_v2,1432,127,34,1619590
2025-03-18,googleadwords_int,GGL_CMP_02_리타겟팅,리마케팅,VID_할인쿠폰_봄_A_v1,1091,118,51,3274240
2025-03-18,googleadwords_int,GGL_CMP_02_리타겟팅,리마케팅,IMG_할인쿠폰_봄_B_v1,1457,114,59,3184872
2025-03-18,googleadwords_int,GGL_CMP_02_리타겟팅,리마케팅,CRS_특가_봄_v1,870,107,36,2584307
2025-03-18,googleadwords_int,GGL_CMP_03_첫구매,논타겟,VID_적립혜택_봄_A_v1,1684,147,52,3488179
2025-03-18,googleadwords_int,GGL_CMP_03_첫구매,논타겟,IMG_적립혜택_봄_B_v1,1357,88,24,1412564
2025-03-18,googleadwords_int,GGL_CMP_03_첫구매,논타겟,CRS_할인쿠폰_봄_v1,1392,127,54,3205284
2025-03-18,googleadwords_int,GGL_CMP_03_첫구매,유사타겟,VID_적립혜택_봄_A_v1,970,62,22,1502006
2025-03-18,googleadwords_int,GGL_CMP_03_첫구매,유사타겟,IMG_적립혜택_봄_B_v1,1156,70,25,1765245
2025-03-18,googleadwords_int,GGL_CMP_03_첫구매,유사타겟,CRS_할인쿠폰_봄_v1,1008,59,31,2246926
2025-03-18,Facebook Ads,META_CMP_01_신규유저,논타겟,VID_플러스멤버십_봄_A_v1,498,26,6,297870
2025-03-18,Facebook Ads,META_CMP_01_신규유저,논타겟,IMG_적립혜택_봄_B_v1,509,39,10,595158
2025-03-18,Facebook Ads,META_CMP_01_신규유저,논타겟,CRS_플러스멤버십_봄_v1,655,39,7,478099
2025-03-18,Facebook Ads,META_CMP_02_룩얼라이크,유사타겟,VID_플러스멤버십_봄_A_v1,598,32,8,495143
2025-03-18,Facebook Ads,META_CMP_02_룩얼라이크,유사타겟,IMG_할인쿠폰_봄_B_v1,869,53,8,405104
2025-03-18,Facebook Ads,META_CMP_02_룩얼라이크,유사타겟,CRS_특가_봄_v1,679,45,12,431755
2025-03-18,Facebook Ads,META_CMP_03_재구매,VIP,IMG_배송혜택_봄_A_v1,273,13,6,396193
2025-03-18,Facebook Ads,META_CMP_03_재구매,VIP,VID_적립혜택_봄_B_v1,275,17,8,507371
2025-03-18,Facebook Ads,META_CMP_03_재구매,VIP,CRS_신상품_봄_v1,420,14,8,500954
2025-03-18,Facebook Ads,META_CMP_03_재구매,윈백,IMG_배송혜택_봄_A_v1,441,21,9,569303
2025-03-18,Facebook Ads,META_CMP_03_재구매,윈백,VID_적립혜택_봄_B_v1,382,22,10,710571
2025-03-18,Facebook Ads,META_CMP_03_재구매,윈백,CRS_신상품_봄_v1,282,20,9,794225
2025-03-18,naver_search,NVR_CMP_01_브랜드KW,논타겟,TXT_플러스멤버십_봄_A_v1,1288,251,98,6762401
2025-03-18,naver_search,NVR_CMP_02_일반KW,논타겟,TXT_할인쿠폰_봄_A_v1,661,82,34,2561623
2025-03-18,naver_search,NVR_CMP_02_일반KW,논타겟,TXT_플러스멤버십_봄_B_v1,1214,213,65,4202069
2025-03-18,naver_search,NVR_CMP_03_재구매,VIP,IMG_배송혜택_봄_A_v1,441,49,24,2410798
2025-03-18,naver_search,NVR_CMP_03_재구매,VIP,VID_적립혜택_봄_B_v1,406,40,26,2852439
2025-03-18,naver_search,NVR_CMP_03_재구매,VIP,CRS_신상품_봄_v1,252,16,10,1160282
2025-03-18,naver_search,NVR_CMP_03_재구매,윈백,IMG_배송혜택_봄_A_v1,384,33,22,2056187
2025-03-18,naver_search,NVR_CMP_03_재구매,윈백,VID_적립혜택_봄_B_v1,748,82,61,7572826
2025-03-18,naver_search,NVR_CMP_03_재구매,윈백,CRS_신상품_봄_v1,378,39,23,1702643
2025-03-19,googleadwords_int,GGL_CMP_01_플러스가입,논타겟,VID_플러스멤버십_봄_A_v1,1075,89,21,1429227
2025-03-19,googleadwords_int,GGL_CMP_01_플러스가입,논타겟,IMG_플러스멤버십_봄_B_v1,1273,143,33,2648810
2025-03-19,googleadwords_int,GGL_CMP_01_플러스가입,논타겟,CRS_플러스멤버십_봄_v1,1831,246,80,4441522
2025-03-19,googleadwords_int,GGL_CMP_01_플러스가입,논타겟,IMG_적립혜택_봄_v2,1013,72,27,1742873
2025-03-19,googleadwords_int,GGL_CMP_01_플러스가입,유사타겟,VID_플러스멤버십_봄_A_v1,1268,152,41,2650418
2025-03-19,googleadwords_int,GGL_CMP_01_플러스가입,유사타겟,IMG_플러스멤버십_봄_B_v1,1432,176,41,1710703
2025-03-19,googleadwords_int,GGL_CMP_01_플러스가입,유사타겟,CRS_플러스멤버십_봄_v1,1252,107,37,1775327
2025-03-19,googleadwords_int,GGL_CMP_01_플러스가입,유사타겟,IMG_적립혜택_봄_v2,843,68,19,1305756
2025-03-19,googleadwords_int,GGL_CMP_02_리타겟팅,리마케팅,VID_할인쿠폰_봄_A_v1,1125,138,65,4042626
2025-03-19,googleadwords_int,GGL_CMP_02_리타겟팅,리마케팅,IMG_할인쿠폰_봄_B_v1,759,73,29,1945669
2025-03-19,googleadwords_int,GGL_CMP_02_리타겟팅,리마케팅,CRS_특가_봄_v1,758,86,44,2743389
2025-03-19,googleadwords_int,GGL_CMP_03_첫구매,논타겟,VID_적립혜택_봄_A_v1,1000,58,32,1862862
2025-03-19,googleadwords_int,GGL_CMP_03_첫구매,논타겟,IMG_적립혜택_봄_B_v1,910,65,16,1311806
2025-03-19,googleadwords_int,GGL_CMP_03_첫구매,논타겟,CRS_할인쿠폰_봄_v1,1508,88,24,2506969
2025-03-19,googleadwords_int,GGL_CMP_03_첫구매,유사타겟,VID_적립혜택_봄_A_v1,1950,161,50,4257771
2025-03-19,googleadwords_int,GGL_CMP_03_첫구매,유사타겟,IMG_적립혜택_봄_B_v1,804,65,26,1360043
2025-03-19,googleadwords_int,GGL_CMP_03_첫구매,유사타겟,CRS_할인쿠폰_봄_v1,1267,111,59,3082900
2025-03-19,Facebook Ads,META_CMP_01_신규유저,논타겟,VID_플러스멤버십_봄_A_v1,511,26,5,205521
2025-03-19,Facebook Ads,META_CMP_01_신규유저,논타겟,IMG_적립혜택_봄_B_v1,592,26,5,289996
2025-03-19,Facebook Ads,META_CMP_01_신규유저,논타겟,CRS_플러스멤버십_봄_v1,850,52,7,492623
2025-03-19,Facebook Ads,META_CMP_02_룩얼라이크,유사타겟,VID_플러스멤버십_봄_A_v1,585,32,6,403672
2025-03-19,Facebook Ads,META_CMP_02_룩얼라이크,유사타겟,IMG_할인쿠폰_봄_B_v1,495,39,7,292245
2025-03-19,Facebook Ads,META_CMP_02_룩얼라이크,유사타겟,CRS_특가_봄_v1,448,29,9,521735
2025-03-19,Facebook Ads,META_CMP_03_재구매,VIP,IMG_배송혜택_봄_A_v1,173,8,3,246454
2025-03-19,Facebook Ads,META_CMP_03_재구매,VIP,VID_적립혜택_봄_B_v1,264,10,5,301896
2025-03-19,Facebook Ads,META_CMP_03_재구매,VIP,CRS_신상품_봄_v1,272,15,6,550970
2025-03-19,Facebook Ads,META_CMP_03_재구매,윈백,IMG_배송혜택_봄_A_v1,465,23,11,795012
2025-03-19,Facebook Ads,META_CMP_03_재구매,윈백,VID_적립혜택_봄_B_v1,419,16,8,588719
2025-03-19,Facebook Ads,META_CMP_03_재구매,윈백,CRS_신상품_봄_v1,613,23,7,525747
2025-03-19,naver_search,NVR_CMP_01_브랜드KW,논타겟,TXT_플러스멤버십_봄_A_v1,1279,363,173,12628297
2025-03-19,naver_search,NVR_CMP_02_일반KW,논타겟,TXT_할인쿠폰_봄_A_v1,823,110,49,2844032
2025-03-19,naver_search,NVR_CMP_02_일반KW,논타겟,TXT_플러스멤버십_봄_B_v1,553,92,32,1951209
2025-03-19,naver_search,NVR_CMP_03_재구매,VIP,IMG_배송혜택_봄_A_v1,319,25,13,1294892
2025-03-19,naver_search,NVR_CMP_03_재구매,VIP,VID_적립혜택_봄_B_v1,277,19,10,797293
2025-03-19,naver_search,NVR_CMP_03_재구매,VIP,CRS_신상품_봄_v1,319,32,18,1827304
2025-03-19,naver_search,NVR_CMP_03_재구매,윈백,IMG_배송혜택_봄_A_v1,629,57,41,3401754
2025-03-19,naver_search,NVR_CMP_03_재구매,윈백,VID_적립혜택_봄_B_v1,524,34,15,1553958
2025-03-19,naver_search,NVR_CMP_03_재구매,윈백,CRS_신상품_봄_v1,500,39,31,2571160
2025-03-20,googleadwords_int,GGL_CMP_01_플러스가입,논타겟,VID_플러스멤버십_봄_A_v1,1293,174,32,2066536
2025-03-20,googleadwords_int,GGL_CMP_01_플러스가입,논타겟,IMG_플러스멤버십_봄_B_v1,841,124,30,2081597
2025-03-20,googleadwords_int,GGL_CMP_01_플러스가입,논타겟,CRS_플러스멤버십_봄_v1,1827,185,57,4876528
2025-03-20,googleadwords_int,GGL_CMP_01_플러스가입,논타겟,IMG_적립혜택_봄_v2,1154,76,28,1592654
2025-03-20,googleadwords_int,GGL_CMP_01_플러스가입,유사타겟,VID_플러스멤버십_봄_A_v1,1263,99,19,1243990
2025-03-20,googleadwords_int,GGL_CMP_01_플러스가입,유사타겟,IMG_플러스멤버십_봄_B_v1,1659,192,39,2178534
2025-03-20,googleadwords_int,GGL_CMP_01_플러스가입,유사타겟,CRS_플러스멤버십_봄_v1,1312,101,22,1221133
2025-03-20,googleadwords_int,GGL_CMP_01_플러스가입,유사타겟,IMG_적립혜택_봄_v2,2036,272,64,4070813
2025-03-20,googleadwords_int,GGL_CMP_02_리타겟팅,리마케팅,VID_할인쿠폰_봄_A_v1,906,86,38,2558029
2025-03-20,googleadwords_int,GGL_CMP_02_리타겟팅,리마케팅,IMG_할인쿠폰_봄_B_v1,963,65,24,1726172
2025-03-20,googleadwords_int,GGL_CMP_02_리타겟팅,리마케팅,CRS_특가_봄_v1,1196,141,69,2949994
2025-03-20,googleadwords_int,GGL_CMP_03_첫구매,논타겟,VID_적립혜택_봄_A_v1,1457,166,50,3718313
2025-03-20,googleadwords_int,GGL_CMP_03_첫구매,논타겟,IMG_적립혜택_봄_B_v1,948,54,23,1390388
2025-03-20,googleadwords_int,GGL_CMP_03_첫구매,논타겟,CRS_할인쿠폰_봄_v1,1016,69,24,1393369
2025-03-20,googleadwords_int,GGL_CMP_03_첫구매,유사타겟,VID_적립혜택_봄_A_v1,1007,97,27,1742310
2025-03-20,googleadwords_int,GGL_CMP_03_첫구매,유사타겟,IMG_적립혜택_봄_B_v1,852,81,33,1632071
2025-03-20,googleadwords_int,GGL_CMP_03_첫구매,유사타겟,CRS_할인쿠폰_봄_v1,1419,144,47,3416259
2025-03-20,Facebook Ads,META_CMP_01_신규유저,논타겟,VID_플러스멤버십_봄_A_v1,616,33,8,386504
2025-03-20,Facebook Ads,META_CMP_01_신규유저,논타겟,IMG_적립혜택_봄_B_v1,558,42,12,548978
2025-03-20,Facebook Ads,META_CMP_01_신규유저,논타겟,CRS_플러스멤버십_봄_v1,739,40,7,350089
2025-03-20,Facebook Ads,META_CMP_02_룩얼라이크,유사타겟,VID_플러스멤버십_봄_A_v1,752,58,21,1060906
2025-03-20,Facebook Ads,META_CMP_02_룩얼라이크,유사타겟,IMG_할인쿠폰_봄_B_v1,598,41,10,487393
2025-03-20,Facebook Ads,META_CMP_02_룩얼라이크,유사타겟,CRS_특가_봄_v1,608,54,15,994101
2025-03-20,Facebook Ads,META_CMP_03_재구매,VIP,IMG_배송혜택_봄_A_v1,347,20,10,666634
2025-03-20,Facebook Ads,META_CMP_03_재구매,VIP,VID_적립혜택_봄_B_v1,306,15,5,478626
2025-03-20,Facebook Ads,META_CMP_03_재구매,VIP,CRS_신상품_봄_v1,276,12,6,516416
2025-03-20,Facebook Ads,META_CMP_03_재구매,윈백,IMG_배송혜택_봄_A_v1,279,15,8,580792
2025-03-20,Facebook Ads,META_CMP_03_재구매,윈백,VID_적립혜택_봄_B_v1,671,40,16,1173849
2025-03-20,Facebook Ads,META_CMP_03_재구매,윈백,CRS_신상품_봄_v1,261,9,4,369366
2025-03-20,naver_search,NVR_CMP_01_브랜드KW,논타겟,TXT_플러스멤버십_봄_A_v1,818,179,100,6323405
2025-03-20,naver_search,NVR_CMP_02_일반KW,논타겟,TXT_할인쿠폰_봄_A_v1,913,120,33,2354210
2025-03-20,naver_search,NVR_CMP_02_일반KW,논타겟,TXT_플러스멤버십_봄_B_v1,1222,202,88,4572612
2025-03-20,naver_search,NVR_CMP_03_재구매,VIP,IMG_배송혜택_봄_A_v1,292,25,19,2115055
2025-03-20,naver_search,NVR_CMP_03_재구매,VIP,VID_적립혜택_봄_B_v1,177,10,7,607920
2025-03-20,naver_search,NVR_CMP_03_재구매,VIP,CRS_신상품_봄_v1,362,29,17,1449338
2025-03-20,naver_search,NVR_CMP_03_재구매,윈백,IMG_배송혜택_봄_A_v1,543,33,32,3071445
2025-03-20,naver_search,NVR_CMP_03_재구매,윈백,VID_적립혜택_봄_B_v1,557,59,34,3299969
2025-03-20,naver_search,NVR_CMP_03_재구매,윈백,CRS_신상품_봄_v1,522,39,37,3144706
2025-03-21,googleadwords_int,GGL_CMP_01_플러스가입,논타겟,VID_플러스멤버십_봄_A_v1,1548,140,44,2186550
2025-03-21,googleadwords_int,GGL_CMP_01_플러스가입,논타겟,IMG_플러스멤버십_봄_B_v1,1069,112,31,2319107
2025-03-21,googleadwords_int,GGL_CMP_01_플러스가입,논타겟,CRS_플러스멤버십_봄_v1,920,120,27,1336774
2025-03-21,googleadwords_int,GGL_CMP_01_플러스가입,논타겟,IMG_적립혜택_봄_v2,1869,123,45,2388253
2025-03-21,googleadwords_int,GGL_CMP_01_플러스가입,유사타겟,VID_플러스멤버십_봄_A_v1,936,105,32,1707021
2025-03-21,googleadwords_int,GGL_CMP_01_플러스가입,유사타겟,IMG_플러스멤버십_봄_B_v1,897,101,35,1407301
2025-03-21,googleadwords_int,GGL_CMP_01_플러스가입,유사타겟,CRS_플러스멤버십_봄_v1,1413,154,32,2702377
2025-03-21,googleadwords_int,GGL_CMP_01_플러스가입,유사타겟,IMG_적립혜택_봄_v2,1805,196,67,3253976
2025-03-21,googleadwords_int,GGL_CMP_02_리타겟팅,리마케팅,VID_할인쿠폰_봄_A_v1,1281,120,38,2135385
2025-03-21,googleadwords_int,GGL_CMP_02_리타겟팅,리마케팅,IMG_할인쿠폰_봄_B_v1,1735,170,70,4051754
2025-03-21,googleadwords_int,GGL_CMP_02_리타겟팅,리마케팅,CRS_특가_봄_v1,1191,103,54,3850451
2025-03-21,googleadwords_int,GGL_CMP_03_첫구매,논타겟,VID_적립혜택_봄_A_v1,1091,76,24,1152113
2025-03-21,googleadwords_int,GGL_CMP_03_첫구매,논타겟,IMG_적립혜택_봄_B_v1,1774,111,37,2607228
2025-03-21,googleadwords_int,GGL_CMP_03_첫구매,논타겟,CRS_할인쿠폰_봄_v1,1207,76,19,1175838
2025-03-21,googleadwords_int,GGL_CMP_03_첫구매,유사타겟,VID_적립혜택_봄_A_v1,1282,129,42,2903955
2025-03-21,googleadwords_int,GGL_CMP_03_첫구매,유사타겟,IMG_적립혜택_봄_B_v1,1318,100,43,2133098
2025-03-21,googleadwords_int,GGL_CMP_03_첫구매,유사타겟,CRS_할인쿠폰_봄_v1,1635,132,38,2183583
2025-03-21,Facebook Ads,META_CMP_01_신규유저,논타겟,VID_플러스멤버십_봄_A_v1,522,31,9,347225
2025-03-21,Facebook Ads,META_CMP_01_신규유저,논타겟,IMG_적립혜택_봄_B_v1,541,29,7,397682
2025-03-21,Facebook Ads,META_CMP_01_신규유저,논타겟,CRS_플러스멤버십_봄_v1,665,40,8,466186
2025-03-21,Facebook Ads,META_CMP_02_룩얼라이크,유사타겟,VID_플러스멤버십_봄_A_v1,591,48,13,703604
2025-03-21,Facebook Ads,META_CMP_02_룩얼라이크,유사타겟,IMG_할인쿠폰_봄_B_v1,523,36,9,453236
2025-03-21,Facebook Ads,META_CMP_02_룩얼라이크,유사타겟,CRS_특가_봄_v1,756,50,9,633551
2025-03-21,Facebook Ads,META_CMP_03_재구매,VIP,IMG_배송혜택_봄_A_v1,268,14,8,445977
2025-03-21,Facebook Ads,META_CMP_03_재구매,VIP,VID_적립혜택_봄_B_v1,281,11,5,352900
2025-03-21,Facebook Ads,META_CMP_03_재구매,VIP,CRS_신상품_봄_v1,164,10,5,480740
2025-03-21,Facebook Ads,META_CMP_03_재구매,윈백,IMG_배송혜택_봄_A_v1,543,19,7,487061
2025-03-21,Facebook Ads,META_CMP_03_재구매,윈백,VID_적립혜택_봄_B_v1,503,22,13,1127884
2025-03-21,Facebook Ads,META_CMP_03_재구매,윈백,CRS_신상품_봄_v1,367,21,11,947735
2025-03-21,naver_search,NVR_CMP_01_브랜드KW,논타겟,TXT_플러스멤버십_봄_A_v1,721,179,72,4494423
2025-03-21,naver_search,NVR_CMP_02_일반KW,논타겟,TXT_할인쿠폰_봄_A_v1,668,114,40,3302475
2025-03-21,naver_search,NVR_CMP_02_일반KW,논타겟,TXT_플러스멤버십_봄_B_v1,621,80,24,1723206
2025-03-21,naver_search,NVR_CMP_03_재구매,VIP,IMG_배송혜택_봄_A_v1,247,18,9,1114206
2025-03-21,naver_search,NVR_CMP_03_재구매,VIP,VID_적립혜택_봄_B_v1,216,12,8,922811
2025-03-21,naver_search,NVR_CMP_03_재구매,VIP,CRS_신상품_봄_v1,206,15,9,1232754
2025-03-21,naver_search,NVR_CMP_03_재구매,윈백,IMG_배송혜택_봄_A_v1,434,37,35,2668588
2025-03-21,naver_search,NVR_CMP_03_재구매,윈백,VID_적립혜택_봄_B_v1,457,43,26,2215955
2025-03-21,naver_search,NVR_CMP_03_재구매,윈백,CRS_신상품_봄_v1,441,37,29,2233918
2025-03-22,googleadwords_int,GGL_CMP_01_플러스가입,논타겟,VID_플러스멤버십_봄_A_v1,919,134,28,1490958
2025-03-22,googleadwords_int,GGL_CMP_01_플러스가입,논타겟,IMG_플러스멤버십_봄_B_v1,970,74,14,799358
2025-03-22,googleadwords_int,GGL_CMP_01_플러스가입,논타겟,CRS_플러스멤버십_봄_v1,1252,112,34,2140372
2025-03-22,googleadwords_int,GGL_CMP_01_플러스가입,논타겟,IMG_적립혜택_봄_v2,1061,153,49,2991125
2025-03-22,googleadwords_int,GGL_CMP_01_플러스가입,유사타겟,VID_플러스멤버십_봄_A_v1,801,85,22,1586603
2025-03-22,googleadwords_int,GGL_CMP_01_플러스가입,유사타겟,IMG_플러스멤버십_봄_B_v1,807,83,20,993296
2025-03-22,googleadwords_int,GGL_CMP_01_플러스가입,유사타겟,CRS_플러스멤버십_봄_v1,889,90,22,1626577
2025-03-22,googleadwords_int,GGL_CMP_01_플러스가입,유사타겟,IMG_적립혜택_봄_v2,1363,168,36,1984459
2025-03-22,googleadwords_int,GGL_CMP_02_리타겟팅,리마케팅,VID_할인쿠폰_봄_A_v1,825,102,51,2112135
2025-03-22,googleadwords_int,GGL_CMP_02_리타겟팅,리마케팅,IMG_할인쿠폰_봄_B_v1,993,90,39,3538471
2025-03-22,googleadwords_int,GGL_CMP_02_리타겟팅,리마케팅,CRS_특가_봄_v1,884,116,52,3542271
2025-03-22,googleadwords_int,GGL_CMP_03_첫구매,논타겟,VID_적립혜택_봄_A_v1,1433,134,48,3121382
2025-03-22,googleadwords_int,GGL_CMP_03_첫구매,논타겟,IMG_적립혜택_봄_B_v1,1308,106,37,2452596
2025-03-22,googleadwords_int,GGL_CMP_03_첫구매,논타겟,CRS_할인쿠폰_봄_v1,945,80,27,1838308
2025-03-22,googleadwords_int,GGL_CMP_03_첫구매,유사타겟,VID_적립혜택_봄_A_v1,760,60,13,1060129
2025-03-22,googleadwords_int,GGL_CMP_03_첫구매,유사타겟,IMG_적립혜택_봄_B_v1,685,56,27,1796313
2025-03-22,googleadwords_int,GGL_CMP_03_첫구매,유사타겟,CRS_할인쿠폰_봄_v1,694,44,19,1067946
2025-03-22,Facebook Ads,META_CMP_01_신규유저,논타겟,VID_플러스멤버십_봄_A_v1,375,25,3,220282
2025-03-22,Facebook Ads,META_CMP_01_신규유저,논타겟,IMG_적립혜택_봄_B_v1,451,20,2,118833
2025-03-22,Facebook Ads,META_CMP_01_신규유저,논타겟,CRS_플러스멤버십_봄_v1,445,34,7,347322
2025-03-22,Facebook Ads,META_CMP_02_룩얼라이크,유사타겟,VID_플러스멤버십_봄_A_v1,436,26,5,274929
2025-03-22,Facebook Ads,META_CMP_02_룩얼라이크,유사타겟,IMG_할인쿠폰_봄_B_v1,899,50,9,467492
2025-03-22,Facebook Ads,META_CMP_02_룩얼라이크,유사타겟,CRS_특가_봄_v1,551,35,11,526702
2025-03-22,Facebook Ads,META_CMP_03_재구매,VIP,IMG_배송혜택_봄_A_v1,129,3,1,106317
2025-03-22,Facebook Ads,META_CMP_03_재구매,VIP,VID_적립혜택_봄_B_v1,204,12,3,233986
2025-03-22,Facebook Ads,META_CMP_03_재구매,VIP,CRS_신상품_봄_v1,151,7,2,247914
2025-03-22,Facebook Ads,META_CMP_03_재구매,윈백,IMG_배송혜택_봄_A_v1,328,13,4,376025
2025-03-22,Facebook Ads,META_CMP_03_재구매,윈백,VID_적립혜택_봄_B_v1,270,15,7,763069
2025-03-22,Facebook Ads,META_CMP_03_재구매,윈백,CRS_신상품_봄_v1,235,9,3,216825
2025-03-22,naver_search,NVR_CMP_01_브랜드KW,논타겟,TXT_플러스멤버십_봄_A_v1,1029,235,131,8441322
2025-03-22,naver_search,NVR_CMP_02_일반KW,논타겟,TXT_할인쿠폰_봄_A_v1,913,80,34,2515782
2025-03-22,naver_search,NVR_CMP_02_일반KW,논타겟,TXT_플러스멤버십_봄_B_v1,362,43,15,1059769
2025-03-22,naver_search,NVR_CMP_03_재구매,VIP,IMG_배송혜택_봄_A_v1,126,9,4,594357
2025-03-22,naver_search,NVR_CMP_03_재구매,VIP,VID_적립혜택_봄_B_v1,299,24,18,1317795
2025-03-22,naver_search,NVR_CMP_03_재구매,VIP,CRS_신상품_봄_v1,229,14,13,1258999
2025-03-22,naver_search,NVR_CMP_03_재구매,윈백,IMG_배송혜택_봄_A_v1,635,53,33,4941684
2025-03-22,naver_search,NVR_CMP_03_재구매,윈백,VID_적립혜택_봄_B_v1,325,25,12,1101368
2025-03-22,naver_search,NVR_CMP_03_재구매,윈백,CRS_신상품_봄_v1,333,30,24,2347841
2025-03-23,googleadwords_int,GGL_CMP_01_플러스가입,논타겟,VID_플러스멤버십_봄_A_v1,1527,119,40,2457063
2025-03-23,googleadwords_int,GGL_CMP_01_플러스가입,논타겟,IMG_플러스멤버십_봄_B_v1,889,97,30,2067931
2025-03-23,googleadwords_int,GGL_CMP_01_플러스가입,논타겟,CRS_플러스멤버십_봄_v1,1269,95,31,2190649
2025-03-23,googleadwords_int,GGL_CMP_01_플러스가입,논타겟,IMG_적립혜택_봄_v2,622,69,26,1259243
2025-03-23,googleadwords_int,GGL_CMP_01_플러스가입,유사타겟,VID_플러스멤버십_봄_A_v1,647,74,19,1143463
2025-03-23,googleadwords_int,GGL_CMP_01_플러스가입,유사타겟,IMG_플러스멤버십_봄_B_v1,1271,150,39,2445132
2025-03-23,googleadwords_int,GGL_CMP_01_플러스가입,유사타겟,CRS_플러스멤버십_봄_v1,768,85,19,1734167
2025-03-23,googleadwords_int,GGL_CMP_01_플러스가입,유사타겟,IMG_적립혜택_봄_v2,1296,102,23,1750086
2025-03-23,googleadwords_int,GGL_CMP_02_리타겟팅,리마케팅,VID_할인쿠폰_봄_A_v1,913,80,26,1267346
2025-03-23,googleadwords_int,GGL_CMP_02_리타겟팅,리마케팅,IMG_할인쿠폰_봄_B_v1,1002,106,42,2589148
2025-03-23,googleadwords_int,GGL_CMP_02_리타겟팅,리마케팅,CRS_특가_봄_v1,746,84,43,2583616
2025-03-23,googleadwords_int,GGL_CMP_03_첫구매,논타겟,VID_적립혜택_봄_A_v1,743,70,29,1902274
2025-03-23,googleadwords_int,GGL_CMP_03_첫구매,논타겟,IMG_적립혜택_봄_B_v1,799,74,30,1971259
2025-03-23,googleadwords_int,GGL_CMP_03_첫구매,논타겟,CRS_할인쿠폰_봄_v1,1043,92,26,2119676
2025-03-23,googleadwords_int,GGL_CMP_03_첫구매,유사타겟,VID_적립혜택_봄_A_v1,1124,90,29,2175942
2025-03-23,googleadwords_int,GGL_CMP_03_첫구매,유사타겟,IMG_적립혜택_봄_B_v1,769,69,22,1615134
2025-03-23,googleadwords_int,GGL_CMP_03_첫구매,유사타겟,CRS_할인쿠폰_봄_v1,686,51,24,1675909
2025-03-23,Facebook Ads,META_CMP_01_신규유저,논타겟,VID_플러스멤버십_봄_A_v1,678,40,8,485034
2025-03-23,Facebook Ads,META_CMP_01_신규유저,논타겟,IMG_적립혜택_봄_B_v1,580,33,4,226046
2025-03-23,Facebook Ads,META_CMP_01_신규유저,논타겟,CRS_플러스멤버십_봄_v1,394,29,4,170470
2025-03-23,Facebook Ads,META_CMP_02_룩얼라이크,유사타겟,VID_플러스멤버십_봄_A_v1,496,42,13,704610
2025-03-23,Facebook Ads,META_CMP_02_룩얼라이크,유사타겟,IMG_할인쿠폰_봄_B_v1,614,46,14,653282
2025-03-23,Facebook Ads,META_CMP_02_룩얼라이크,유사타겟,CRS_특가_봄_v1,442,21,5,316201
2025-03-23,Facebook Ads,META_CMP_03_재구매,VIP,IMG_배송혜택_봄_A_v1,180,5,3,265428
2025-03-23,Facebook Ads,META_CMP_03_재구매,VIP,VID_적립혜택_봄_B_v1,253,16,7,566014
2025-03-23,Facebook Ads,META_CMP_03_재구매,VIP,CRS_신상품_봄_v1,227,8,2,256200
2025-03-23,Facebook Ads,META_CMP_03_재구매,윈백,IMG_배송혜택_봄_A_v1,206,6,2,202029
2025-03-23,Facebook Ads,META_CMP_03_재구매,윈백,VID_적립혜택_봄_B_v1,302,9,4,317437
2025-03-23,Facebook Ads,META_CMP_03_재구매,윈백,CRS_신상품_봄_v1,445,23,8,764929
2025-03-23,naver_search,NVR_CMP_01_브랜드KW,논타겟,TXT_플러스멤버십_봄_A_v1,867,231,81,4971964
2025-03-23,naver_search,NVR_CMP_02_일반KW,논타겟,TXT_할인쿠폰_봄_A_v1,731,78,37,2508183
2025-03-23,naver_search,NVR_CMP_02_일반KW,논타겟,TXT_플러스멤버십_봄_B_v1,953,142,49,3052942
2025-03-23,naver_search,NVR_CMP_03_재구매,VIP,IMG_배송혜택_봄_A_v1,215,16,9,991414
2025-03-23,naver_search,NVR_CMP_03_재구매,VIP,VID_적립혜택_봄_B_v1,223,17,13,1134514
2025-03-23,naver_search,NVR_CMP_03_재구매,VIP,CRS_신상품_봄_v1,188,13,7,831361
2025-03-23,naver_search,NVR_CMP_03_재구매,윈백,IMG_배송혜택_봄_A_v1,421,28,31,2440985
2025-03-23,naver_search,NVR_CMP_03_재구매,윈백,VID_적립혜택_봄_B_v1,337,28,22,2343043
2025-03-23,naver_search,NVR_CMP_03_재구매,윈백,CRS_신상품_봄_v1,399,32,18,1814396
2025-03-24,googleadwords_int,GGL_CMP_01_플러스가입,논타겟,VID_플러스멤버십_봄_A_v1,1135,118,27,1801802
2025-03-24,googleadwords_int,GGL_CMP_01_플러스가입,논타겟,IMG_플러스멤버십_봄_B_v1,1964,249,63,4620167
2025-03-24,googleadwords_int,GGL_CMP_01_플러스가입,논타겟,CRS_플러스멤버십_봄_v1,1361,177,46,3174807
2025-03-24,googleadwords_int,GGL_CMP_01_플러스가입,논타겟,IMG_적립혜택_봄_v2,1006,83,18,1248877
2025-03-24,googleadwords_int,GGL_CMP_01_플러스가입,유사타겟,VID_플러스멤버십_봄_A_v1,1659,129,24,1217628
2025-03-24,googleadwords_int,GGL_CMP_01_플러스가입,유사타겟,IMG_플러스멤버십_봄_B_v1,1032,85,28,1079275
2025-03-24,googleadwords_int,GGL_CMP_01_플러스가입,유사타겟,CRS_플러스멤버십_봄_v1,1082,88,29,1793709
2025-03-24,googleadwords_int,GGL_CMP_01_플러스가입,유사타겟,IMG_적립혜택_봄_v2,937,105,32,1772641
2025-03-24,googleadwords_int,GGL_CMP_02_리타겟팅,리마케팅,VID_할인쿠폰_봄_A_v1,802,76,32,1421378
2025-03-24,googleadwords_int,GGL_CMP_02_리타겟팅,리마케팅,IMG_할인쿠폰_봄_B_v1,910,81,30,1429891
2025-03-24,googleadwords_int,GGL_CMP_02_리타겟팅,리마케팅,CRS_특가_봄_v1,1313,104,51,3207221
2025-03-24,googleadwords_int,GGL_CMP_03_첫구매,논타겟,VID_적립혜택_봄_A_v1,1467,96,52,3252424
2025-03-24,googleadwords_int,GGL_CMP_03_첫구매,논타겟,IMG_적립혜택_봄_B_v1,1558,85,28,1254379
2025-03-24,googleadwords_int,GGL_CMP_03_첫구매,논타겟,CRS_할인쿠폰_봄_v1,1206,114,41,2157071
2025-03-24,googleadwords_int,GGL_CMP_03_첫구매,유사타겟,VID_적립혜택_봄_A_v1,811,54,27,1303821
2025-03-24,googleadwords_int,GGL_CMP_03_첫구매,유사타겟,IMG_적립혜택_봄_B_v1,736,55,20,1238870
2025-03-24,googleadwords_int,GGL_CMP_03_첫구매,유사타겟,CRS_할인쿠폰_봄_v1,899,63,24,1493350
2025-03-24,Facebook Ads,META_CMP_01_신규유저,논타겟,VID_플러스멤버십_봄_A_v1,699,50,10,569127
2025-03-24,Facebook Ads,META_CMP_01_신규유저,논타겟,IMG_적립혜택_봄_B_v1,362,24,3,167126
2025-03-24,Facebook Ads,META_CMP_01_신규유저,논타겟,CRS_플러스멤버십_봄_v1,685,33,7,365000
2025-03-24,Facebook Ads,META_CMP_02_룩얼라이크,유사타겟,VID_플러스멤버십_봄_A_v1,984,60,13,560889
2025-03-24,Facebook Ads,META_CMP_02_룩얼라이크,유사타겟,IMG_할인쿠폰_봄_B_v1,525,32,6,394885
2025-03-24,Facebook Ads,META_CMP_02_룩얼라이크,유사타겟,CRS_특가_봄_v1,553,26,7,531416
2025-03-24,Facebook Ads,META_CMP_03_재구매,VIP,IMG_배송혜택_봄_A_v1,232,8,3,244092
2025-03-24,Facebook Ads,META_CMP_03_재구매,VIP,VID_적립혜택_봄_B_v1,291,14,6,427482
2025-03-24,Facebook Ads,META_CMP_03_재구매,VIP,CRS_신상품_봄_v1,208,12,3,293821
2025-03-24,Facebook Ads,META_CMP_03_재구매,윈백,IMG_배송혜택_봄_A_v1,505,27,13,978795
2025-03-24,Facebook Ads,META_CMP_03_재구매,윈백,VID_적립혜택_봄_B_v1,432,25,12,774897
2025-03-24,Facebook Ads,META_CMP_03_재구매,윈백,CRS_신상품_봄_v1,493,26,14,1028859
2025-03-24,naver_search,NVR_CMP_01_브랜드KW,논타겟,TXT_플러스멤버십_봄_A_v1,1256,211,145,10201915
2025-03-24,naver_search,NVR_CMP_02_일반KW,논타겟,TXT_할인쿠폰_봄_A_v1,877,131,64,4724753
2025-03-24,naver_search,NVR_CMP_02_일반KW,논타겟,TXT_플러스멤버십_봄_B_v1,1503,252,89,5425795
2025-03-24,naver_search,NVR_CMP_03_재구매,VIP,IMG_배송혜택_봄_A_v1,458,33,17,1319382
2025-03-24,naver_search,NVR_CMP_03_재구매,VIP,VID_적립혜택_봄_B_v1,339,34,20,2267247
2025-03-24,naver_search,NVR_CMP_03_재구매,VIP,CRS_신상품_봄_v1,237,21,19,1711636
2025-03-24,naver_search,NVR_CMP_03_재구매,윈백,IMG_배송혜택_봄_A_v1,571,44,27,3190832
2025-03-24,naver_search,NVR_CMP_03_재구매,윈백,VID_적립혜택_봄_B_v1,429,37,21,2557134
2025-03-24,naver_search,NVR_CMP_03_재구매,윈백,CRS_신상품_봄_v1,683,69,37,4430298
2025-03-25,googleadwords_int,GGL_CMP_01_플러스가입,논타겟,VID_플러스멤버십_봄_A_v1,1444,171,56,2874994
2025-03-25,googleadwords_int,GGL_CMP_01_플러스가입,논타겟,IMG_플러스멤버십_봄_B_v1,1491,221,97,5022242
2025-03-25,googleadwords_int,GGL_CMP_01_플러스가입,논타겟,CRS_플러스멤버십_봄_v1,1120,142,66,4116409
2025-03-25,googleadwords_int,GGL_CMP_01_플러스가입,논타겟,IMG_적립혜택_봄_v2,947,88,37,2605855
2025-03-25,googleadwords_int,GGL_CMP_01_플러스가입,유사타겟,VID_플러스멤버십_봄_A_v1,888,97,30,1709983
2025-03-25,googleadwords_int,GGL_CMP_01_플러스가입,유사타겟,IMG_플러스멤버십_봄_B_v1,2257,283,121,6594232
2025-03-25,googleadwords_int,GGL_CMP_01_플러스가입,유사타겟,CRS_플러스멤버십_봄_v1,1319,105,25,1374482
2025-03-25,googleadwords_int,GGL_CMP_01_플러스가입,유사타겟,IMG_적립혜택_봄_v2,1237,96,36,2022016
2025-03-25,googleadwords_int,GGL_CMP_02_리타겟팅,리마케팅,VID_할인쿠폰_봄_A_v1,865,77,41,2248181
2025-03-25,googleadwords_int,GGL_CMP_02_리타겟팅,리마케팅,IMG_할인쿠폰_봄_B_v1,815,77,40,1660939
2025-03-25,googleadwords_int,GGL_CMP_02_리타겟팅,리마케팅,CRS_특가_봄_v1,789,70,53,3438123
2025-03-25,googleadwords_int,GGL_CMP_03_첫구매,논타겟,VID_적립혜택_봄_A_v1,762,51,28,1768202
2025-03-25,googleadwords_int,GGL_CMP_03_첫구매,논타겟,IMG_적립혜택_봄_B_v1,1201,102,58,3922715
2025-03-25,googleadwords_int,GGL_CMP_03_첫구매,논타겟,CRS_할인쿠폰_봄_v1,1460,99,39,2153628
2025-03-25,googleadwords_int,GGL_CMP_03_첫구매,유사타겟,VID_적립혜택_봄_A_v1,1336,113,43,3853648
2025-03-25,googleadwords_int,GGL_CMP_03_첫구매,유사타겟,IMG_적립혜택_봄_B_v1,1416,118,86,4752685
2025-03-25,googleadwords_int,GGL_CMP_03_첫구매,유사타겟,CRS_할인쿠폰_봄_v1,817,77,45,3759495
2025-03-25,Facebook Ads,META_CMP_01_신규유저,논타겟,VID_플러스멤버십_봄_A_v1,563,42,8,534389
2025-03-25,Facebook Ads,META_CMP_01_신규유저,논타겟,IMG_적립혜택_봄_B_v1,673,52,10,800404
2025-03-25,Facebook Ads,META_CMP_01_신규유저,논타겟,CRS_플러스멤버십_봄_v1,751,44,14,1039283
2025-03-25,Facebook Ads,META_CMP_02_룩얼라이크,유사타겟,VID_플러스멤버십_봄_A_v1,630,56,13,685333
2025-03-25,Facebook Ads,META_CMP_02_룩얼라이크,유사타겟,IMG_할인쿠폰_봄_B_v1,895,51,13,587885
2025-03-25,Facebook Ads,META_CMP_02_룩얼라이크,유사타겟,CRS_특가_봄_v1,425,29,8,432800
2025-03-25,Facebook Ads,META_CMP_03_재구매,VIP,IMG_배송혜택_봄_A_v1,208,9,6,392648
2025-03-25,Facebook Ads,META_CMP_03_재구매,VIP,VID_적립혜택_봄_B_v1,298,14,11,851876
2025-03-25,Facebook Ads,META_CMP_03_재구매,VIP,CRS_신상품_봄_v1,339,13,8,857064
2025-03-25,Facebook Ads,META_CMP_03_재구매,윈백,IMG_배송혜택_봄_A_v1,376,14,9,659041
2025-03-25,Facebook Ads,META_CMP_03_재구매,윈백,VID_적립혜택_봄_B_v1,476,22,9,842409
2025-03-25,Facebook Ads,META_CMP_03_재구매,윈백,CRS_신상품_봄_v1,503,23,15,1268627
2025-03-25,naver_search,NVR_CMP_01_브랜드KW,논타겟,TXT_플러스멤버십_봄_A_v1,962,237,211,16393602
2025-03-25,naver_search,NVR_CMP_02_일반KW,논타겟,TXT_할인쿠폰_봄_A_v1,951,120,75,5056437
2025-03-25,naver_search,NVR_CMP_02_일반KW,논타겟,TXT_플러스멤버십_봄_B_v1,584,91,41,2839582
2025-03-25,naver_search,NVR_CMP_03_재구매,VIP,IMG_배송혜택_봄_A_v1,432,35,24,2379467
2025-03-25,naver_search,NVR_CMP_03_재구매,VIP,VID_적립혜택_봄_B_v1,418,33,36,2923200
2025-03-25,naver_search,NVR_CMP_03_재구매,VIP,CRS_신상품_봄_v1,290,24,21,2039374
2025-03-25,naver_search,NVR_CMP_03_재구매,윈백,IMG_배송혜택_봄_A_v1,408,43,42,3979605
2025-03-25,naver_search,NVR_CMP_03_재구매,윈백,VID_적립혜택_봄_B_v1,667,49,29,2289491
2025-03-25,naver_search,NVR_CMP_03_재구매,윈백,CRS_신상품_봄_v1,353,24,28,3096182
2025-03-26,googleadwords_int,GGL_CMP_01_플러스가입,논타겟,VID_플러스멤버십_봄_A_v1,1088,156,44,2913133
2025-03-26,googleadwords_int,GGL_CMP_01_플러스가입,논타겟,IMG_플러스멤버십_봄_B_v1,1417,102,22,1679419
2025-03-26,googleadwords_int,GGL_CMP_01_플러스가입,논타겟,CRS_플러스멤버십_봄_v1,2003,150,45,2882553
2025-03-26,googleadwords_int,GGL_CMP_01_플러스가입,논타겟,IMG_적립혜택_봄_v2,1482,168,48,3025774
2025-03-26,googleadwords_int,GGL_CMP_01_플러스가입,유사타겟,VID_플러스멤버십_봄_A_v1,1624,131,30,1969417
2025-03-26,googleadwords_int,GGL_CMP_01_플러스가입,유사타겟,IMG_플러스멤버십_봄_B_v1,1972,155,42,3272050
2025-03-26,googleadwords_int,GGL_CMP_01_플러스가입,유사타겟,CRS_플러스멤버십_봄_v1,1241,108,24,1439907
2025-03-26,googleadwords_int,GGL_CMP_01_플러스가입,유사타겟,IMG_적립혜택_봄_v2,1247,170,41,2565075
2025-03-26,googleadwords_int,GGL_CMP_02_리타겟팅,리마케팅,VID_할인쿠폰_봄_A_v1,846,83,40,2798888
2025-03-26,googleadwords_int,GGL_CMP_02_리타겟팅,리마케팅,IMG_할인쿠폰_봄_B_v1,1048,80,25,2223762
2025-03-26,googleadwords_int,GGL_CMP_02_리타겟팅,리마케팅,CRS_특가_봄_v1,1215,85,37,2647273
2025-03-26,googleadwords_int,GGL_CMP_03_첫구매,논타겟,VID_적립혜택_봄_A_v1,1103,65,24,1810522
2025-03-26,googleadwords_int,GGL_CMP_03_첫구매,논타겟,IMG_적립혜택_봄_B_v1,1211,65,25,2002949
2025-03-26,googleadwords_int,GGL_CMP_03_첫구매,논타겟,CRS_할인쿠폰_봄_v1,1372,115,38,3321047
2025-03-26,googleadwords_int,GGL_CMP_03_첫구매,유사타겟,VID_적립혜택_봄_A_v1,1925,148,64,5327044
2025-03-26,googleadwords_int,GGL_CMP_03_첫구매,유사타겟,IMG_적립혜택_봄_B_v1,1161,100,32,1832267
2025-03-26,googleadwords_int,GGL_CMP_03_첫구매,유사타겟,CRS_할인쿠폰_봄_v1,1170,105,47,2789374
2025-03-26,Facebook Ads,META_CMP_01_신규유저,논타겟,VID_플러스멤버십_봄_A_v1,1007,52,8,479558
2025-03-26,Facebook Ads,META_CMP_01_신규유저,논타겟,IMG_적립혜택_봄_B_v1,662,33,5,263654
2025-03-26,Facebook Ads,META_CMP_01_신규유저,논타겟,CRS_플러스멤버십_봄_v1,585,44,9,416886
2025-03-26,Facebook Ads,META_CMP_02_룩얼라이크,유사타겟,VID_플러스멤버십_봄_A_v1,586,48,12,740931
2025-03-26,Facebook Ads,META_CMP_02_룩얼라이크,유사타겟,IMG_할인쿠폰_봄_B_v1,773,67,10,483046
2025-03-26,Facebook Ads,META_CMP_02_룩얼라이크,유사타겟,CRS_특가_봄_v1,878,44,12,649342
2025-03-26,Facebook Ads,META_CMP_03_재구매,VIP,IMG_배송혜택_봄_A_v1,329,14,9,638682
2025-03-26,Facebook Ads,META_CMP_03_재구매,VIP,VID_적립혜택_봄_B_v1,347,12,5,407410
2025-03-26,Facebook Ads,META_CMP_03_재구매,VIP,CRS_신상품_봄_v1,196,11,3,166255
2025-03-26,Facebook Ads,META_CMP_03_재구매,윈백,IMG_배송혜택_봄_A_v1,461,28,10,940031
2025-03-26,Facebook Ads,META_CMP_03_재구매,윈백,VID_적립혜택_봄_B_v1,336,15,6,511650
2025-03-26,Facebook Ads,META_CMP_03_재구매,윈백,CRS_신상품_봄_v1,280,17,6,449839
2025-03-26,naver_search,NVR_CMP_01_브랜드KW,논타겟,TXT_플러스멤버십_봄_A_v1,935,226,83,5910470
2025-03-26,naver_search,NVR_CMP_02_일반KW,논타겟,TXT_할인쿠폰_봄_A_v1,940,162,74,4103561
2025-03-26,naver_search,NVR_CMP_02_일반KW,논타겟,TXT_플러스멤버십_봄_B_v1,1234,221,78,5826569
2025-03-26,naver_search,NVR_CMP_03_재구매,VIP,IMG_배송혜택_봄_A_v1,266,21,11,1142764
2025-03-26,naver_search,NVR_CMP_03_재구매,VIP,VID_적립혜택_봄_B_v1,218,14,8,780196
2025-03-26,naver_search,NVR_CMP_03_재구매,VIP,CRS_신상품_봄_v1,326,29,20,2517101
2025-03-26,naver_search,NVR_CMP_03_재구매,윈백,IMG_배송혜택_봄_A_v1,499,51,41,3926005
2025-03-26,naver_search,NVR_CMP_03_재구매,윈백,VID_적립혜택_봄_B_v1,426,27,21,2327298
2025-03-26,naver_search,NVR_CMP_03_재구매,윈백,CRS_신상품_봄_v1,426,39,28,2616290
2025-03-27,googleadwords_int,GGL_CMP_01_플러스가입,논타겟,VID_플러스멤버십_봄_A_v1,1367,190,27,2196173
2025-03-27,googleadwords_int,GGL_CMP_01_플러스가입,논타겟,IMG_플러스멤버십_봄_B_v1,1444,161,37,2519662
2025-03-27,googleadwords_int,GGL_CMP_01_플러스가입,논타겟,CRS_플러스멤버십_봄_v1,1424,164,57,3616420
2025-03-27,googleadwords_int,GGL_CMP_01_플러스가입,논타겟,IMG_적립혜택_봄_v2,1709,257,57,5148892
2025-03-27,googleadwords_int,GGL_CMP_01_플러스가입,유사타겟,VID_플러스멤버십_봄_A_v1,1596,165,61,2390476
2025-03-27,googleadwords_int,GGL_CMP_01_플러스가입,유사타겟,IMG_플러스멤버십_봄_B_v1,885,109,22,1584120
2025-03-27,googleadwords_int,GGL_CMP_01_플러스가입,유사타겟,CRS_플러스멤버십_봄_v1,1064,101,31,1524492
2025-03-27,googleadwords_int,GGL_CMP_01_플러스가입,유사타겟,IMG_적립혜택_봄_v2,1440,98,21,1364004
2025-03-27,googleadwords_int,GGL_CMP_02_리타겟팅,리마케팅,VID_할인쿠폰_봄_A_v1,1169,86,41,1611509
2025-03-27,googleadwords_int,GGL_CMP_02_리타겟팅,리마케팅,IMG_할인쿠폰_봄_B_v1,833,75,29,2538502
2025-03-27,googleadwords_int,GGL_CMP_02_리타겟팅,리마케팅,CRS_특가_봄_v1,1441,101,47,2590289
2025-03-27,googleadwords_int,GGL_CMP_03_첫구매,논타겟,VID_적립혜택_봄_A_v1,1805,115,56,2806547
2025-03-27,googleadwords_int,GGL_CMP_03_첫구매,논타겟,IMG_적립혜택_봄_B_v1,1246,106,52,2895899
2025-03-27,googleadwords_int,GGL_CMP_03_첫구매,논타겟,CRS_할인쿠폰_봄_v1,1184,63,22,1214862
2025-03-27,googleadwords_int,GGL_CMP_03_첫구매,유사타겟,VID_적립혜택_봄_A_v1,1248,68,39,3090827
2025-03-27,googleadwords_int,GGL_CMP_03_첫구매,유사타겟,IMG_적립혜택_봄_B_v1,1094,74,26,1631563
2025-03-27,googleadwords_int,GGL_CMP_03_첫구매,유사타겟,CRS_할인쿠폰_봄_v1,1095,106,27,1264381
2025-03-27,Facebook Ads,META_CMP_01_신규유저,논타겟,VID_플러스멤버십_봄_A_v1,680,30,7,328061
2025-03-27,Facebook Ads,META_CMP_01_신규유저,논타겟,IMG_적립혜택_봄_B_v1,942,40,8,294029
2025-03-27,Facebook Ads,META_CMP_01_신규유저,논타겟,CRS_플러스멤버십_봄_v1,751,55,9,574040
2025-03-27,Facebook Ads,META_CMP_02_룩얼라이크,유사타겟,VID_플러스멤버십_봄_A_v1,505,40,9,590511
2025-03-27,Facebook Ads,META_CMP_02_룩얼라이크,유사타겟,IMG_할인쿠폰_봄_B_v1,580,44,11,824800
2025-03-27,Facebook Ads,META_CMP_02_룩얼라이크,유사타겟,CRS_특가_봄_v1,888,72,17,1161982
2025-03-27,Facebook Ads,META_CMP_03_재구매,VIP,IMG_배송혜택_봄_A_v1,286,11,5,407639
2025-03-27,Facebook Ads,META_CMP_03_재구매,VIP,VID_적립혜택_봄_B_v1,283,17,10,702473
2025-03-27,Facebook Ads,META_CMP_03_재구매,VIP,CRS_신상품_봄_v1,288,13,4,277397
2025-03-27,Facebook Ads,META_CMP_03_재구매,윈백,IMG_배송혜택_봄_A_v1,592,25,13,824381
2025-03-27,Facebook Ads,META_CMP_03_재구매,윈백,VID_적립혜택_봄_B_v1,498,28,12,1204477
2025-03-27,Facebook Ads,META_CMP_03_재구매,윈백,CRS_신상품_봄_v1,261,7,2,160336
2025-03-27,naver_search,NVR_CMP_01_브랜드KW,논타겟,TXT_플러스멤버십_봄_A_v1,765,229,127,10347520
2025-03-27,naver_search,NVR_CMP_02_일반KW,논타겟,TXT_할인쿠폰_봄_A_v1,906,126,66,3729746
2025-03-27,naver_search,NVR_CMP_02_일반KW,논타겟,TXT_플러스멤버십_봄_B_v1,724,76,35,2526632
2025-03-27,naver_search,NVR_CMP_03_재구매,VIP,IMG_배송혜택_봄_A_v1,395,30,23,1696633
2025-03-27,naver_search,NVR_CMP_03_재구매,VIP,VID_적립혜택_봄_B_v1,388,27,22,2402901
2025-03-27,naver_search,NVR_CMP_03_재구매,VIP,CRS_신상품_봄_v1,424,40,33,3065932
2025-03-27,naver_search,NVR_CMP_03_재구매,윈백,IMG_배송혜택_봄_A_v1,330,32,33,2488795
2025-03-27,naver_search,NVR_CMP_03_재구매,윈백,VID_적립혜택_봄_B_v1,384,35,32,2275042
2025-03-27,naver_search,NVR_CMP_03_재구매,윈백,CRS_신상품_봄_v1,511,30,20,1720112
2025-03-28,googleadwords_int,GGL_CMP_01_플러스가입,논타겟,VID_플러스멤버십_봄_A_v1,1349,162,30,1861277
2025-03-28,googleadwords_int,GGL_CMP_01_플러스가입,논타겟,IMG_플러스멤버십_봄_B_v1,2025,267,63,4569538
2025-03-28,googleadwords_int,GGL_CMP_01_플러스가입,논타겟,CRS_플러스멤버십_봄_v1,1271,161,42,3478616
2025-03-28,googleadwords_int,GGL_CMP_01_플러스가입,논타겟,IMG_적립혜택_봄_v2,1781,177,38,2894720
2025-03-28,googleadwords_int,GGL_CMP_01_플러스가입,유사타겟,VID_플러스멤버십_봄_A_v1,1185,147,29,2339148
2025-03-28,googleadwords_int,GGL_CMP_01_플러스가입,유사타겟,IMG_플러스멤버십_봄_B_v1,2221,252,47,3600068
2025-03-28,googleadwords_int,GGL_CMP_01_플러스가입,유사타겟,CRS_플러스멤버십_봄_v1,1588,130,28,2079856
2025-03-28,googleadwords_int,GGL_CMP_01_플러스가입,유사타겟,IMG_적립혜택_봄_v2,1568,145,29,1650314
2025-03-28,googleadwords_int,GGL_CMP_02_리타겟팅,리마케팅,VID_할인쿠폰_봄_A_v1,835,60,31,1946726
2025-03-28,googleadwords_int,GGL_CMP_02_리타겟팅,리마케팅,IMG_할인쿠폰_봄_B_v1,947,70,21,1173828
2025-03-28,googleadwords_int,GGL_CMP_02_리타겟팅,리마케팅,CRS_특가_봄_v1,1048,117,40,2132706
2025-03-28,googleadwords_int,GGL_CMP_03_첫구매,논타겟,VID_적립혜택_봄_A_v1,777,57,24,1499948
2025-03-28,googleadwords_int,GGL_CMP_03_첫구매,논타겟,IMG_적립혜택_봄_B_v1,1358,75,22,1603167
2025-03-28,googleadwords_int,GGL_CMP_03_첫구매,논타겟,CRS_할인쿠폰_봄_v1,1598,87,39,3330313
2025-03-28,googleadwords_int,GGL_CMP_03_첫구매,유사타겟,VID_적립혜택_봄_A_v1,1323,99,52,2847889
2025-03-28,googleadwords_int,GGL_CMP_03_첫구매,유사타겟,IMG_적립혜택_봄_B_v1,1053,67,32,2125900
2025-03-28,googleadwords_int,GGL_CMP_03_첫구매,유사타겟,CRS_할인쿠폰_봄_v1,817,51,20,1300578
2025-03-28,Facebook Ads,META_CMP_01_신규유저,논타겟,VID_플러스멤버십_봄_A_v1,517,28,3,263283
2025-03-28,Facebook Ads,META_CMP_01_신규유저,논타겟,IMG_적립혜택_봄_B_v1,410,34,8,496812
2025-03-28,Facebook Ads,META_CMP_01_신규유저,논타겟,CRS_플러스멤버십_봄_v1,782,42,11,661171
2025-03-28,Facebook Ads,META_CMP_02_룩얼라이크,유사타겟,VID_플러스멤버십_봄_A_v1,1150,66,16,1043875
2025-03-28,Facebook Ads,META_CMP_02_룩얼라이크,유사타겟,IMG_할인쿠폰_봄_B_v1,693,43,7,445957
2025-03-28,Facebook Ads,META_CMP_02_룩얼라이크,유사타겟,CRS_특가_봄_v1,533,31,6,460837
2025-03-28,Facebook Ads,META_CMP_03_재구매,VIP,IMG_배송혜택_봄_A_v1,200,12,7,562561
2025-03-28,Facebook Ads,META_CMP_03_재구매,VIP,VID_적립혜택_봄_B_v1,267,14,6,426564
2025-03-28,Facebook Ads,META_CMP_03_재구매,VIP,CRS_신상품_봄_v1,163,7,5,421799
2025-03-28,Facebook Ads,META_CMP_03_재구매,윈백,IMG_배송혜택_봄_A_v1,383,22,13,1460912
2025-03-28,Facebook Ads,META_CMP_03_재구매,윈백,VID_적립혜택_봄_B_v1,452,22,9,542272
2025-03-28,Facebook Ads,META_CMP_03_재구매,윈백,CRS_신상품_봄_v1,338,9,5,431957
2025-03-28,naver_search,NVR_CMP_01_브랜드KW,논타겟,TXT_플러스멤버십_봄_A_v1,1062,180,117,9372248
2025-03-28,naver_search,NVR_CMP_02_일반KW,논타겟,TXT_할인쿠폰_봄_A_v1,951,117,53,3772888
2025-03-28,naver_search,NVR_CMP_02_일반KW,논타겟,TXT_플러스멤버십_봄_B_v1,629,62,22,2203220
2025-03-28,naver_search,NVR_CMP_03_재구매,VIP,IMG_배송혜택_봄_A_v1,161,14,8,943428
2025-03-28,naver_search,NVR_CMP_03_재구매,VIP,VID_적립혜택_봄_B_v1,313,30,20,1994857
2025-03-28,naver_search,NVR_CMP_03_재구매,VIP,CRS_신상품_봄_v1,393,40,30,2672590
2025-03-28,naver_search,NVR_CMP_03_재구매,윈백,IMG_배송혜택_봄_A_v1,454,27,13,1435240
2025-03-28,naver_search,NVR_CMP_03_재구매,윈백,VID_적립혜택_봄_B_v1,481,32,18,1877211
2025-03-28,naver_search,NVR_CMP_03_재구매,윈백,CRS_신상품_봄_v1,712,62,60,5138902
2025-03-29,googleadwords_int,GGL_CMP_01_플러스가입,논타겟,VID_플러스멤버십_봄_A_v1,1062,86,23,1921310
2025-03-29,googleadwords_int,GGL_CMP_01_플러스가입,논타겟,IMG_플러스멤버십_봄_B_v1,968,80,23,1421676
2025-03-29,googleadwords_int,GGL_CMP_01_플러스가입,논타겟,CRS_플러스멤버십_봄_v1,899,74,20,1480219
2025-03-29,googleadwords_int,GGL_CMP_01_플러스가입,논타겟,IMG_적립혜택_봄_v2,1089,158,44,2918748
2025-03-29,googleadwords_int,GGL_CMP_01_플러스가입,유사타겟,VID_플러스멤버십_봄_A_v1,844,92,25,1634360
2025-03-29,googleadwords_int,GGL_CMP_01_플러스가입,유사타겟,IMG_플러스멤버십_봄_B_v1,716,78,23,1245749
2025-03-29,googleadwords_int,GGL_CMP_01_플러스가입,유사타겟,CRS_플러스멤버십_봄_v1,811,75,22,1401393
2025-03-29,googleadwords_int,GGL_CMP_01_플러스가입,유사타겟,IMG_적립혜택_봄_v2,1163,141,35,2081569
2025-03-29,googleadwords_int,GGL_CMP_02_리타겟팅,리마케팅,VID_할인쿠폰_봄_A_v1,777,56,34,1994556
2025-03-29,googleadwords_int,GGL_CMP_02_리타겟팅,리마케팅,IMG_할인쿠폰_봄_B_v1,838,87,26,1458397
2025-03-29,googleadwords_int,GGL_CMP_02_리타겟팅,리마케팅,CRS_특가_봄_v1,674,58,18,1010751
2025-03-29,googleadwords_int,GGL_CMP_03_첫구매,논타겟,VID_적립혜택_봄_A_v1,817,66,33,1874946
2025-03-29,googleadwords_int,GGL_CMP_03_첫구매,논타겟,IMG_적립혜택_봄_B_v1,1065,96,28,2599545
2025-03-29,googleadwords_int,GGL_CMP_03_첫구매,논타겟,CRS_할인쿠폰_봄_v1,877,74,27,2171126
2025-03-29,googleadwords_int,GGL_CMP_03_첫구매,유사타겟,VID_적립혜택_봄_A_v1,767,57,13,883832
2025-03-29,googleadwords_int,GGL_CMP_03_첫구매,유사타겟,IMG_적립혜택_봄_B_v1,860,75,25,1947433
2025-03-29,googleadwords_int,GGL_CMP_03_첫구매,유사타겟,CRS_할인쿠폰_봄_v1,1141,84,28,1611438
2025-03-29,Facebook Ads,META_CMP_01_신규유저,논타겟,VID_플러스멤버십_봄_A_v1,734,54,7,392114
2025-03-29,Facebook Ads,META_CMP_01_신규유저,논타겟,IMG_적립혜택_봄_B_v1,420,27,8,412246
2025-03-29,Facebook Ads,META_CMP_01_신규유저,논타겟,CRS_플러스멤버십_봄_v1,280,21,4,198187
2025-03-29,Facebook Ads,META_CMP_02_룩얼라이크,유사타겟,VID_플러스멤버십_봄_A_v1,726,46,8,382721
2025-03-29,Facebook Ads,META_CMP_02_룩얼라이크,유사타겟,IMG_할인쿠폰_봄_B_v1,698,46,10,537769
2025-03-29,Facebook Ads,META_CMP_02_룩얼라이크,유사타겟,CRS_특가_봄_v1,378,21,6,382606
2025-03-29,Facebook Ads,META_CMP_03_재구매,VIP,IMG_배송혜택_봄_A_v1,177,6,4,234421
2025-03-29,Facebook Ads,META_CMP_03_재구매,VIP,VID_적립혜택_봄_B_v1,197,6,2,264814
2025-03-29,Facebook Ads,META_CMP_03_재구매,VIP,CRS_신상품_봄_v1,168,5,2,164473
2025-03-29,Facebook Ads,META_CMP_03_재구매,윈백,IMG_배송혜택_봄_A_v1,473,27,12,1029535
2025-03-29,Facebook Ads,META_CMP_03_재구매,윈백,VID_적립혜택_봄_B_v1,295,12,4,396190
2025-03-29,Facebook Ads,META_CMP_03_재구매,윈백,CRS_신상품_봄_v1,250,8,2,260497
2025-03-29,naver_search,NVR_CMP_01_브랜드KW,논타겟,TXT_플러스멤버십_봄_A_v1,460,80,41,2639415
2025-03-29,naver_search,NVR_CMP_02_일반KW,논타겟,TXT_할인쿠폰_봄_A_v1,662,103,40,2966996
2025-03-29,naver_search,NVR_CMP_02_일반KW,논타겟,TXT_플러스멤버십_봄_B_v1,668,116,41,3410252
2025-03-29,naver_search,NVR_CMP_03_재구매,VIP,IMG_배송혜택_봄_A_v1,168,12,9,818956
2025-03-29,naver_search,NVR_CMP_03_재구매,VIP,VID_적립혜택_봄_B_v1,196,14,7,749208
2025-03-29,naver_search,NVR_CMP_03_재구매,VIP,CRS_신상품_봄_v1,112,7,4,486041
2025-03-29,naver_search,NVR_CMP_03_재구매,윈백,IMG_배송혜택_봄_A_v1,532,33,17,1705829
2025-03-29,naver_search,NVR_CMP_03_재구매,윈백,VID_적립혜택_봄_B_v1,354,24,19,1818101
2025-03-29,naver_search,NVR_CMP_03_재구매,윈백,CRS_신상품_봄_v1,541,50,21,2289466
2025-03-30,googleadwords_int,GGL_CMP_01_플러스가입,논타겟,VID_플러스멤버십_봄_A_v1,1398,113,43,2396333
2025-03-30,googleadwords_int,GGL_CMP_01_플러스가입,논타겟,IMG_플러스멤버십_봄_B_v1,1080,107,24,1617727
2025-03-30,googleadwords_int,GGL_CMP_01_플러스가입,논타겟,CRS_플러스멤버십_봄_v1,1382,165,47,2954233
2025-03-30,googleadwords_int,GGL_CMP_01_플러스가입,논타겟,IMG_적립혜택_봄_v2,1020,93,21,1373119
2025-03-30,googleadwords_int,GGL_CMP_01_플러스가입,유사타겟,VID_플러스멤버십_봄_A_v1,1404,117,31,2669560
2025-03-30,googleadwords_int,GGL_CMP_01_플러스가입,유사타겟,IMG_플러스멤버십_봄_B_v1,1056,108,16,1225058
2025-03-30,googleadwords_int,GGL_CMP_01_플러스가입,유사타겟,CRS_플러스멤버십_봄_v1,893,78,18,1226188
2025-03-30,googleadwords_int,GGL_CMP_01_플러스가입,유사타겟,IMG_적립혜택_봄_v2,637,52,18,1085517
2025-03-30,googleadwords_int,GGL_CMP_02_리타겟팅,리마케팅,VID_할인쿠폰_봄_A_v1,515,44,14,771307
2025-03-30,googleadwords_int,GGL_CMP_02_리타겟팅,리마케팅,IMG_할인쿠폰_봄_B_v1,722,58,15,1271711
2025-03-30,googleadwords_int,GGL_CMP_02_리타겟팅,리마케팅,CRS_특가_봄_v1,522,49,14,1164444
2025-03-30,googleadwords_int,GGL_CMP_03_첫구매,논타겟,VID_적립혜택_봄_A_v1,667,53,25,1943476
2025-03-30,googleadwords_int,GGL_CMP_03_첫구매,논타겟,IMG_적립혜택_봄_B_v1,949,90,29,1954386
2025-03-30,googleadwords_int,GGL_CMP_03_첫구매,논타겟,CRS_할인쿠폰_봄_v1,1171,69,35,2096930
2025-03-30,googleadwords_int,GGL_CMP_03_첫구매,유사타겟,VID_적립혜택_봄_A_v1,739,61,20,1746224
2025-03-30,googleadwords_int,GGL_CMP_03_첫구매,유사타겟,IMG_적립혜택_봄_B_v1,901,76,24,2051531
2025-03-30,googleadwords_int,GGL_CMP_03_첫구매,유사타겟,CRS_할인쿠폰_봄_v1,1119,82,36,2195415
2025-03-30,Facebook Ads,META_CMP_01_신규유저,논타겟,VID_플러스멤버십_봄_A_v1,386,20,4,169448
2025-03-30,Facebook Ads,META_CMP_01_신규유저,논타겟,IMG_적립혜택_봄_B_v1,326,19,4,181862
2025-03-30,Facebook Ads,META_CMP_01_신규유저,논타겟,CRS_플러스멤버십_봄_v1,510,35,7,538473
2025-03-30,Facebook Ads,META_CMP_02_룩얼라이크,유사타겟,VID_플러스멤버십_봄_A_v1,726,61,13,858424
2025-03-30,Facebook Ads,META_CMP_02_룩얼라이크,유사타겟,IMG_할인쿠폰_봄_B_v1,584,32,6,347015
2025-03-30,Facebook Ads,META_CMP_02_룩얼라이크,유사타겟,CRS_특가_봄_v1,646,34,8,367663
2025-03-30,Facebook Ads,META_CMP_03_재구매,VIP,IMG_배송혜택_봄_A_v1,197,10,4,452145
2025-03-30,Facebook Ads,META_CMP_03_재구매,VIP,VID_적립혜택_봄_B_v1,193,7,2,267496
2025-03-30,Facebook Ads,META_CMP_03_재구매,VIP,CRS_신상품_봄_v1,157,5,2,216792
2025-03-30,Facebook Ads,META_CMP_03_재구매,윈백,IMG_배송혜택_봄_A_v1,257,8,3,223718
2025-03-30,Facebook Ads,META_CMP_03_재구매,윈백,VID_적립혜택_봄_B_v1,221,8,4,358514
2025-03-30,Facebook Ads,META_CMP_03_재구매,윈백,CRS_신상품_봄_v1,177,7,4,436319
2025-03-30,naver_search,NVR_CMP_01_브랜드KW,논타겟,TXT_플러스멤버십_봄_A_v1,764,224,117,6967176
2025-03-30,naver_search,NVR_CMP_02_일반KW,논타겟,TXT_할인쿠폰_봄_A_v1,477,67,25,1333682
2025-03-30,naver_search,NVR_CMP_02_일반KW,논타겟,TXT_플러스멤버십_봄_B_v1,496,96,45,3641139
2025-03-30,naver_search,NVR_CMP_03_재구매,VIP,IMG_배송혜택_봄_A_v1,271,22,13,1344184
2025-03-30,naver_search,NVR_CMP_03_재구매,VIP,VID_적립혜택_봄_B_v1,173,14,9,944776
2025-03-30,naver_search,NVR_CMP_03_재구매,VIP,CRS_신상품_봄_v1,210,15,11,933373
2025-03-30,naver_search,NVR_CMP_03_재구매,윈백,IMG_배송혜택_봄_A_v1,286,26,17,1674084
2025-03-30,naver_search,NVR_CMP_03_재구매,윈백,VID_적립혜택_봄_B_v1,268,31,21,1825636
2025-03-30,naver_search,NVR_CMP_03_재구매,윈백,CRS_신상품_봄_v1,278,26,20,2171899
2025-03-31,googleadwords_int,GGL_CMP_01_플러스가입,논타겟,VID_플러스멤버십_봄_A_v1,1167,164,32,2212438
2025-03-31,googleadwords_int,GGL_CMP_01_플러스가입,논타겟,IMG_플러스멤버십_봄_B_v1,1247,146,26,1355960
2025-03-31,googleadwords_int,GGL_CMP_01_플러스가입,논타겟,CRS_플러스멤버십_봄_v1,1511,131,36,1832454
2025-03-31,googleadwords_int,GGL_CMP_01_플러스가입,논타겟,IMG_적립혜택_봄_v2,1993,198,54,4190896
2025-03-31,googleadwords_int,GGL_CMP_01_플러스가입,유사타겟,VID_플러스멤버십_봄_A_v1,937,85,22,1667167
2025-03-31,googleadwords_int,GGL_CMP_01_플러스가입,유사타겟,IMG_플러스멤버십_봄_B_v1,1129,104,21,1091296
2025-03-31,googleadwords_int,GGL_CMP_01_플러스가입,유사타겟,CRS_플러스멤버십_봄_v1,1003,117,35,1862840
2025-03-31,googleadwords_int,GGL_CMP_01_플러스가입,유사타겟,IMG_적립혜택_봄_v2,1523,210,58,3999439
2025-03-31,googleadwords_int,GGL_CMP_02_리타겟팅,리마케팅,VID_할인쿠폰_봄_A_v1,1235,105,53,2626138
2025-03-31,googleadwords_int,GGL_CMP_02_리타겟팅,리마케팅,IMG_할인쿠폰_봄_B_v1,1152,77,44,2444121
2025-03-31,googleadwords_int,GGL_CMP_02_리타겟팅,리마케팅,CRS_특가_봄_v1,1347,147,86,5409227
2025-03-31,googleadwords_int,GGL_CMP_03_첫구매,논타겟,VID_적립혜택_봄_A_v1,1403,107,35,2357293
2025-03-31,googleadwords_int,GGL_CMP_03_첫구매,논타겟,IMG_적립혜택_봄_B_v1,1123,95,44,2958174
2025-03-31,googleadwords_int,GGL_CMP_03_첫구매,논타겟,CRS_할인쿠폰_봄_v1,983,68,22,1705885
2025-03-31,googleadwords_int,GGL_CMP_03_첫구매,유사타겟,VID_적립혜택_봄_A_v1,1065,90,40,2412213
2025-03-31,googleadwords_int,GGL_CMP_03_첫구매,유사타겟,IMG_적립혜택_봄_B_v1,971,67,26,2239155
2025-03-31,googleadwords_int,GGL_CMP_03_첫구매,유사타겟,CRS_할인쿠폰_봄_v1,1080,64,25,1653124
2025-03-31,Facebook Ads,META_CMP_01_신규유저,논타겟,VID_플러스멤버십_봄_A_v1,742,36,6,300793
2025-03-31,Facebook Ads,META_CMP_01_신규유저,논타겟,IMG_적립혜택_봄_B_v1,531,22,6,263683
2025-03-31,Facebook Ads,META_CMP_01_신규유저,논타겟,CRS_플러스멤버십_봄_v1,710,33,7,265220
2025-03-31,Facebook Ads,META_CMP_02_룩얼라이크,유사타겟,VID_플러스멤버십_봄_A_v1,479,26,8,376340
2025-03-31,Facebook Ads,META_CMP_02_룩얼라이크,유사타겟,IMG_할인쿠폰_봄_B_v1,651,34,10,526618
2025-03-31,Facebook Ads,META_CMP_02_룩얼라이크,유사타겟,CRS_특가_봄_v1,533,26,7,405936
2025-03-31,Facebook Ads,META_CMP_03_재구매,VIP,IMG_배송혜택_봄_A_v1,196,9,4,268394
2025-03-31,Facebook Ads,META_CMP_03_재구매,VIP,VID_적립혜택_봄_B_v1,297,15,5,367187
2025-03-31,Facebook Ads,META_CMP_03_재구매,VIP,CRS_신상품_봄_v1,322,15,6,410743
2025-03-31,Facebook Ads,META_CMP_03_재구매,윈백,IMG_배송혜택_봄_A_v1,371,16,8,626836
2025-03-31,Facebook Ads,META_CMP_03_재구매,윈백,VID_적립혜택_봄_B_v1,311,14,8,479156
2025-03-31,Facebook Ads,META_CMP_03_재구매,윈백,CRS_신상품_봄_v1,476,28,9,667692
2025-03-31,naver_search,NVR_CMP_01_브랜드KW,논타겟,TXT_플러스멤버십_봄_A_v1,716,100,46,4434354
2025-03-31,naver_search,NVR_CMP_02_일반KW,논타겟,TXT_할인쿠폰_봄_A_v1,975,110,30,2426846
2025-03-31,naver_search,NVR_CMP_02_일반KW,논타겟,TXT_플러스멤버십_봄_B_v1,1109,118,54,3575309
2025-03-31,naver_search,NVR_CMP_03_재구매,VIP,IMG_배송혜택_봄_A_v1,287,14,13,1389274
2025-03-31,naver_search,NVR_CMP_03_재구매,VIP,VID_적립혜택_봄_B_v1,292,24,15,1359781
2025-03-31,naver_search,NVR_CMP_03_재구매,VIP,CRS_신상품_봄_v1,276,18,14,1352064
2025-03-31,naver_search,NVR_CMP_03_재구매,윈백,IMG_배송혜택_봄_A_v1,788,45,27,2576404
2025-03-31,naver_search,NVR_CMP_03_재구매,윈백,VID_적립혜택_봄_B_v1,277,23,12,1186174
2025-03-31,naver_search,NVR_CMP_03_재구매,윈백,CRS_신상품_봄_v1,251,16,11,991803
