일,채널,채널분류,캠페인,캠페인목적,그룹,소재,노출,클릭,비용,회원가입,구매,구매매출
2025-01-01,구글,외부,GGL_CMP_01_플러스가입,플러스가입,논타겟,VID_플러스멤버십_겨울_A_v1,74501,1464,372882,142,43,2692197
2025-01-01,구글,외부,GGL_CMP_01_플러스가입,플러스가입,논타겟,IMG_플러스멤버십_겨울_B_v1,57143,1576,254765,151,44,2595379
2025-01-01,구글,외부,GGL_CMP_01_플러스가입,플러스가입,논타겟,CRS_플러스멤버십_겨울_v1,81365,2503,418912,232,79,4207251
2025-01-01,구글,외부,GGL_CMP_01_플러스가입,플러스가입,논타겟,IMG_적립혜택_겨울_v2,81419,2547,454294,382,95,5622206
2025-01-01,구글,외부,GGL_CMP_01_플러스가입,플러스가입,유사타겟,VID_플러스멤버십_겨울_A_v1,77188,1544,378327,157,31,1562454
2025-01-01,구글,외부,GGL_CMP_01_플러스가입,플러스가입,유사타겟,IMG_플러스멤버십_겨울_B_v1,63394,1439,316168,212,62,3766568
2025-01-01,구글,외부,GGL_CMP_01_플러스가입,플러스가입,유사타겟,CRS_플러스멤버십_겨울_v1,88942,2651,500324,344,111,7252739
2025-01-01,구글,외부,GGL_CMP_01_플러스가입,플러스가입,유사타겟,IMG_적립혜택_겨울_v2,56828,1978,359608,205,60,3292792
2025-01-01,구글,외부,GGL_CMP_02_리타겟팅,리타겟팅,리마케팅,VID_할인쿠폰_겨울_A_v1,42768,1283,243183,171,72,3602255
2025-01-01,구글,외부,GGL_CMP_02_리타겟팅,리타겟팅,리마케팅,IMG_할인쿠폰_겨울_B_v1,31588,1190,194032,122,40,2179781
2025-01-01,구글,외부,GGL_CMP_02_리타겟팅,리타겟팅,리마케팅,CRS_특가_겨울_v1,29159,1155,172031,127,49,3019696
2025-01-01,구글,외부,GGL_CMP_03_첫구매,첫구매,논타겟,VID_적립혜택_겨울_A_v1,84253,1807,463500,131,63,4708190
2025-01-01,구글,외부,GGL_CMP_03_첫구매,첫구매,논타겟,IMG_적립혜택_겨울_B_v1,79578,2036,486459,186,50,2910286
2025-01-01,구글,외부,GGL_CMP_03_첫구매,첫구매,논타겟,CRS_할인쿠폰_겨울_v1,60809,1116,385020,127,37,2334744
2025-01-01,구글,외부,GGL_CMP_03_첫구매,첫구매,유사타겟,VID_적립혜택_겨울_A_v1,67730,1743,337507,191,71,3891289
2025-01-01,구글,외부,GGL_CMP_03_첫구매,첫구매,유사타겟,IMG_적립혜택_겨울_B_v1,89174,2429,478313,220,66,3643008
2025-01-01,구글,외부,GGL_CMP_03_첫구매,첫구매,유사타겟,CRS_할인쿠폰_겨울_v1,51053,1376,250347,153,72,3639127
2025-01-01,메타,외부,META_CMP_01_신규유저,신규유저,논타겟,VID_플러스멤버십_겨울_A_v1,66218,1118,275075,91,24,979712
2025-01-01,메타,외부,META_CMP_01_신규유저,신규유저,논타겟,IMG_적립혜택_겨울_B_v1,59715,1068,299375,56,11,486377
2025-01-01,메타,외부,META_CMP_01_신규유저,신규유저,논타겟,CRS_플러스멤버십_겨울_v1,50039,702,189131,61,13,729543
2025-01-01,메타,외부,META_CMP_02_룩얼라이크,룩얼라이크,유사타겟,VID_플러스멤버십_겨울_A_v1,67273,1520,321956,93,23,1001188
2025-01-01,메타,외부,META_CMP_02_룩얼라이크,룩얼라이크,유사타겟,IMG_할인쿠폰_겨울_B_v1,45103,950,186023,69,21,1308093
2025-01-01,메타,외부,META_CMP_02_룩얼라이크,룩얼라이크,유사타겟,CRS_특가_겨울_v1,67264,1268,287277,112,20,1048405
2025-01-01,메타,외부,META_CMP_03_재구매,재구매,VIP,IMG_배송혜택_겨울_A_v1,11782,223,51366,13,5,288940
2025-01-01,메타,외부,META_CMP_03_재구매,재구매,VIP,VID_적립혜택_겨울_B_v1,14986,368,63515,25,10,778240
2025-01-01,메타,외부,META_CMP_03_재구매,재구매,VIP,CRS_신상품_겨울_v1,14012,377,48788,20,12,1046746
2025-01-01,메타,외부,META_CMP_03_재구매,재구매,윈백,IMG_배송혜택_겨울_A_v1,32248,926,128373,41,24,1857574
2025-01-01,메타,외부,META_CMP_03_재구매,재구매,윈백,VID_적립혜택_겨울_B_v1,31244,643,139801,45,17,979852
2025-01-01,메타,외부,META_CMP_03_재구매,재구매,윈백,CRS_신상품_겨울_v1,29677,570,131336,27,13,1094330
2025-01-01,네이버,자체,NVR_CMP_01_브랜드KW,브랜드KW,논타겟,TXT_플러스멤버십_겨울_A_v1,7898,1239,66649,254,152,11152589
2025-01-01,네이버,자체,NVR_CMP_02_일반KW,일반KW,논타겟,TXT_할인쿠폰_겨울_A_v1,19567,1628,177486,266,80,4284064
2025-01-01,네이버,자체,NVR_CMP_02_일반KW,일반KW,논타겟,TXT_플러스멤버십_겨울_B_v1,19519,1306,140507,155,69,5313564
2025-01-01,네이버,자체,NVR_CMP_03_재구매,재구매,VIP,IMG_배송혜택_겨울_A_v1,8226,618,73989,72,36,3650648
2025-01-01,네이버,자체,NVR_CMP_03_재구매,재구매,VIP,VID_적립혜택_겨울_B_v1,8008,402,71428,29,24,2560870
2025-01-01,네이버,자체,NVR_CMP_03_재구매,재구매,VIP,CRS_신상품_겨울_v1,7946,388,51456,30,18,1925152
2025-01-01,네이버,자체,NVR_CMP_03_재구매,재구매,윈백,IMG_배송혜택_겨울_A_v1,14497,866,136352,63,56,4322631
2025-01-01,네이버,자체,NVR_CMP_03_재구매,재구매,윈백,VID_적립혜택_겨울_B_v1,12792,664,106684,64,41,3873020
2025-01-01,네이버,자체,NVR_CMP_03_재구매,재구매,윈백,CRS_신상품_겨울_v1,11509,761,100983,80,51,3696320
2025-01-02,구글,외부,GGL_CMP_01_플러스가입,플러스가입,논타겟,VID_플러스멤버십_겨울_A_v1,77814,1883,395328,208,52,2710786
2025-01-02,구글,외부,GGL_CMP_01_플러스가입,플러스가입,논타겟,IMG_플러스멤버십_겨울_B_v1,85365,2510,432125,302,57,2957737
2025-01-02,구글,외부,GGL_CMP_01_플러스가입,플러스가입,논타겟,CRS_플러스멤버십_겨울_v1,66364,1511,361087,219,69,3357989
2025-01-02,구글,외부,GGL_CMP_01_플러스가입,플러스가입,논타겟,IMG_적립혜택_겨울_v2,81884,2591,481490,253,55,2456943
2025-01-02,구글,외부,GGL_CMP_01_플러스가입,플러스가입,유사타겟,VID_플러스멤버십_겨울_A_v1,65220,1933,314866,252,67,3397541
2025-01-02,구글,외부,GGL_CMP_01_플러스가입,플러스가입,유사타겟,IMG_플러스멤버십_겨울_B_v1,52521,1379,251415,205,55,2495955
2025-01-02,구글,외부,GGL_CMP_01_플러스가입,플러스가입,유사타겟,CRS_플러스멤버십_겨울_v1,75662,2689,432030,399,133,8092775
2025-01-02,구글,외부,GGL_CMP_01_플러스가입,플러스가입,유사타겟,IMG_적립혜택_겨울_v2,85134,2683,463494,268,61,3753677
2025-01-02,구글,외부,GGL_CMP_02_리타겟팅,리타겟팅,리마케팅,VID_할인쿠폰_겨울_A_v1,30792,939,153891,90,41,1960016
2025-01-02,구글,외부,GGL_CMP_02_리타겟팅,리타겟팅,리마케팅,IMG_할인쿠폰_겨울_B_v1,38963,1398,207077,124,53,3650802
2025-01-02,구글,외부,GGL_CMP_02_리타겟팅,리타겟팅,리마케팅,CRS_특가_겨울_v1,38289,942,198102,117,63,4423818
2025-01-02,구글,외부,GGL_CMP_03_첫구매,첫구매,논타겟,VID_적립혜택_겨울_A_v1,57222,1189,306643,76,26,1792545
2025-01-02,구글,외부,GGL_CMP_03_첫구매,첫구매,논타겟,IMG_적립혜택_겨울_B_v1,73793,1321,388656,123,34,2306668
2025-01-02,구글,외부,GGL_CMP_03_첫구매,첫구매,논타겟,CRS_할인쿠폰_겨울_v1,56855,1273,345377,106,47,3457588
2025-01-02,구글,외부,GGL_CMP_03_첫구매,첫구매,유사타겟,VID_적립혜택_겨울_A_v1,89371,2033,521061,213,90,6409399
2025-01-02,구글,외부,GGL_CMP_03_첫구매,첫구매,유사타겟,IMG_적립혜택_겨울_B_v1,53331,1468,300826,109,47,3365137
2025-01-02,구글,외부,GGL_CMP_03_첫구매,첫구매,유사타겟,CRS_할인쿠폰_겨울_v1,81921,2619,379935,168,58,3995605
2025-01-02,메타,외부,META_CMP_01_신규유저,신규유저,논타겟,VID_플러스멤버십_겨울_A_v1,58504,1020,206589,83,22,1103726
2025-01-02,메타,외부,META_CMP_01_신규유저,신규유저,논타겟,IMG_적립혜택_겨울_B_v1,50243,750,211524,47,12,662749
2025-01-02,메타,외부,META_CMP_01_신규유저,신규유저,논타겟,CRS_플러스멤버십_겨울_v1,59030,919,271112,82,15,823604
2025-01-02,메타,외부,META_CMP_02_룩얼라이크,룩얼라이크,유사타겟,VID_플러스멤버십_겨울_A_v1,45204,985,214973,57,17,752296
2025-01-02,메타,외부,META_CMP_02_룩얼라이크,룩얼라이크,유사타겟,IMG_할인쿠폰_겨울_B_v1,63555,925,236193,83,18,1071498
2025-01-02,메타,외부,META_CMP_02_룩얼라이크,룩얼라이크,유사타겟,CRS_특가_겨울_v1,39446,803,164916,71,19,1024131
2025-01-02,메타,외부,META_CMP_03_재구매,재구매,VIP,IMG_배송혜택_겨울_A_v1,17562,363,76167,20,10,680569
2025-01-02,메타,외부,META_CMP_03_재구매,재구매,VIP,VID_적립혜택_겨울_B_v1,13400,242,49359,10,5,396847
2025-01-02,메타,외부,META_CMP_03_재구매,재구매,VIP,CRS_신상품_겨울_v1,20253,480,77679,20,8,491227
2025-01-02,메타,외부,META_CMP_03_재구매,재구매,윈백,IMG_배송혜택_겨울_A_v1,33720,814,152808,35,21,1475324
2025-01-02,메타,외부,META_CMP_03_재구매,재구매,윈백,VID_적립혜택_겨울_B_v1,21278,363,105134,20,11,739461
2025-01-02,메타,외부,META_CMP_03_재구매,재구매,윈백,CRS_신상품_겨울_v1,27239,562,137006,24,13,963719
2025-01-02,네이버,자체,NVR_CMP_01_브랜드KW,브랜드KW,논타겟,TXT_플러스멤버십_겨울_A_v1,10863,1783,103938,377,212,15973863
2025-01-02,네이버,자체,NVR_CMP_02_일반KW,일반KW,논타겟,TXT_할인쿠폰_겨울_A_v1,17266,1110,120106,129,34,2161230
2025-01-02,네이버,자체,NVR_CMP_02_일반KW,일반KW,논타겟,TXT_플러스멤버십_겨울_B_v1,17668,1391,151938,272,122,8415169
2025-01-02,네이버,자체,NVR_CMP_03_재구매,재구매,VIP,IMG_배송혜택_겨울_A_v1,7347,535,66455,38,21,1738597
2025-01-02,네이버,자체,NVR_CMP_03_재구매,재구매,VIP,VID_적립혜택_겨울_B_v1,7514,492,70756,47,32,2333797
2025-01-02,네이버,자체,NVR_CMP_03_재구매,재구매,VIP,CRS_신상품_겨울_v1,5094,380,46228,38,33,3723107
2025-01-02,네이버,자체,NVR_CMP_03_재구매,재구매,윈백,IMG_배송혜택_겨울_A_v1,11050,705,103112,54,39,3782596
2025-01-02,네이버,자체,NVR_CMP_03_재구매,재구매,윈백,VID_적립혜택_겨울_B_v1,12398,880,92432,94,57,6296299
2025-01-02,네이버,자체,NVR_CMP_03_재구매,재구매,윈백,CRS_신상품_겨울_v1,10057,754,77372,73,66,6466842
2025-01-03,구글,외부,GGL_CMP_01_플러스가입,플러스가입,논타겟,VID_플러스멤버십_겨울_A_v1,79328,2345,481678,225,62,4309682
2025-01-03,구글,외부,GGL_CMP_01_플러스가입,플러스가입,논타겟,IMG_플러스멤버십_겨울_B_v1,73240,1699,347775,204,56,2607542
2025-01-03,구글,외부,GGL_CMP_01_플러스가입,플러스가입,논타겟,CRS_플러스멤버십_겨울_v1,82450,2265,492765,266,62,4151204
2025-01-03,구글,외부,GGL_CMP_01_플러스가입,플러스가입,논타겟,IMG_적립혜택_겨울_v2,86152,2380,545731,339,79,5192288
2025-01-03,구글,외부,GGL_CMP_01_플러스가입,플러스가입,유사타겟,VID_플러스멤버십_겨울_A_v1,59792,1445,340292,219,58,2789009
2025-01-03,구글,외부,GGL_CMP_01_플러스가입,플러스가입,유사타겟,IMG_플러스멤버십_겨울_B_v1,66907,1643,322160,215,60,3025378
2025-01-03,구글,외부,GGL_CMP_01_플러스가입,플러스가입,유사타겟,CRS_플러스멤버십_겨울_v1,81595,2090,478156,291,101,5819775
2025-01-03,구글,외부,GGL_CMP_01_플러스가입,플러스가입,유사타겟,IMG_적립혜택_겨울_v2,84185,2232,467824,254,77,4256129
2025-01-03,구글,외부,GGL_CMP_02_리타겟팅,리타겟팅,리마케팅,VID_할인쿠폰_겨울_A_v1,37254,1454,217177,190,103,6966086
2025-01-03,구글,외부,GGL_CMP_02_리타겟팅,리타겟팅,리마케팅,IMG_할인쿠폰_겨울_B_v1,50466,1274,229647,148,83,5928624
2025-01-03,구글,외부,GGL_CMP_02_리타겟팅,리타겟팅,리마케팅,CRS_특가_겨울_v1,50471,1706,299132,228,74,4876151
2025-01-03,구글,외부,GGL_CMP_03_첫구매,첫구매,논타겟,VID_적립혜택_겨울_A_v1,71469,2100,341190,141,67,4498797
2025-01-03,구글,외부,GGL_CMP_03_첫구매,첫구매,논타겟,IMG_적립혜택_겨울_B_v1,58601,1249,259056,132,63,4340556
2025-01-03,구글,외부,GGL_CMP_03_첫구매,첫구매,논타겟,CRS_할인쿠폰_겨울_v1,74481,1777,368697,193,61,3662255
2025-01-03,구글,외부,GGL_CMP_03_첫구매,첫구매,유사타겟,VID_적립혜택_겨울_A_v1,89073,1953,583560,192,64,4193238
2025-01-03,구글,외부,GGL_CMP_03_첫구매,첫구매,유사타겟,IMG_적립혜택_겨울_B_v1,68615,2131,345108,226,93,5492366
2025-01-03,구글,외부,GGL_CMP_03_첫구매,첫구매,유사타겟,CRS_할인쿠폰_겨울_v1,75316,2265,435488,253,107,6178738
2025-01-03,메타,외부,META_CMP_01_신규유저,신규유저,논타겟,VID_플러스멤버십_겨울_A_v1,46045,856,168298,46,10,586299
2025-01-03,메타,외부,META_CMP_01_신규유저,신규유저,논타겟,IMG_적립혜택_겨울_B_v1,62727,1005,295752,80,16,625693
2025-01-03,메타,외부,META_CMP_01_신규유저,신규유저,논타겟,CRS_플러스멤버십_겨울_v1,59562,1242,296917,102,21,1144658
2025-01-03,메타,외부,META_CMP_02_룩얼라이크,룩얼라이크,유사타겟,VID_플러스멤버십_겨울_A_v1,57928,1095,274675,106,20,880234
2025-01-03,메타,외부,META_CMP_02_룩얼라이크,룩얼라이크,유사타겟,IMG_할인쿠폰_겨울_B_v1,43723,580,207425,55,12,578389
2025-01-03,메타,외부,META_CMP_02_룩얼라이크,룩얼라이크,유사타겟,CRS_특가_겨울_v1,39811,883,142839,66,18,1012236
2025-01-03,메타,외부,META_CMP_03_재구매,재구매,VIP,IMG_배송혜택_겨울_A_v1,14945,265,62502,14,8,438874
2025-01-03,메타,외부,META_CMP_03_재구매,재구매,VIP,VID_적립혜택_겨울_B_v1,11963,311,51138,22,10,671374
2025-01-03,메타,외부,META_CMP_03_재구매,재구매,VIP,CRS_신상품_겨울_v1,17288,438,75431,17,9,557495
2025-01-03,메타,외부,META_CMP_03_재구매,재구매,윈백,IMG_배송혜택_겨울_A_v1,21637,420,104314,21,8,672142
2025-01-03,메타,외부,META_CMP_03_재구매,재구매,윈백,VID_적립혜택_겨울_B_v1,22322,420,99792,16,5,401517
2025-01-03,메타,외부,META_CMP_03_재구매,재구매,윈백,CRS_신상품_겨울_v1,30057,714,138644,39,22,1562105
2025-01-03,네이버,자체,NVR_CMP_01_브랜드KW,브랜드KW,논타겟,TXT_플러스멤버십_겨울_A_v1,13161,2167,106191,506,339,19198975
2025-01-03,네이버,자체,NVR_CMP_02_일반KW,일반KW,논타겟,TXT_할인쿠폰_겨울_A_v1,19621,1182,130647,196,55,3196902
2025-01-03,네이버,자체,NVR_CMP_02_일반KW,일반KW,논타겟,TXT_플러스멤버십_겨울_B_v1,16038,1263,133715,149,64,4866340
2025-01-03,네이버,자체,NVR_CMP_03_재구매,재구매,VIP,IMG_배송혜택_겨울_A_v1,6553,320,49046,29,19,1397767
2025-01-03,네이버,자체,NVR_CMP_03_재구매,재구매,VIP,VID_적립혜택_겨울_B_v1,8463,366,76689,26,13,1319548
2025-01-03,네이버,자체,NVR_CMP_03_재구매,재구매,VIP,CRS_신상품_겨울_v1,6060,274,45641,28,22,2356534
2025-01-03,네이버,자체,NVR_CMP_03_재구매,재구매,윈백,IMG_배송혜택_겨울_A_v1,11775,570,100106,45,24,2547100
2025-01-03,네이버,자체,NVR_CMP_03_재구매,재구매,윈백,VID_적립혜택_겨울_B_v1,13579,1020,122469,104,79,5575773
2025-01-03,네이버,자체,NVR_CMP_03_재구매,재구매,윈백,CRS_신상품_겨울_v1,12618,653,94477,44,37,3478678
2025-01-04,구글,외부,GGL_CMP_01_플러스가입,플러스가입,논타겟,VID_플러스멤버십_겨울_A_v1,47341,1079,252026,114,28,1787628
2025-01-04,구글,외부,GGL_CMP_01_플러스가입,플러스가입,논타겟,IMG_플러스멤버십_겨울_B_v1,32770,964,192777,97,28,1605959
2025-01-04,구글,외부,GGL_CMP_01_플러스가입,플러스가입,논타겟,CRS_플러스멤버십_겨울_v1,39515,945,232849,109,32,1447967
2025-01-04,구글,외부,GGL_CMP_01_플러스가입,플러스가입,논타겟,IMG_적립혜택_겨울_v2,34103,733,169224,76,14,903600
2025-01-04,구글,외부,GGL_CMP_01_플러스가입,플러스가입,유사타겟,VID_플러스멤버십_겨울_A_v1,49500,1611,225649,229,44,1958677
2025-01-04,구글,외부,GGL_CMP_01_플러스가입,플러스가입,유사타겟,IMG_플러스멤버십_겨울_B_v1,46435,1213,216080,101,24,1584872
2025-01-04,구글,외부,GGL_CMP_01_플러스가입,플러스가입,유사타겟,CRS_플러스멤버십_겨울_v1,49775,1158,283494,137,34,1786106
2025-01-04,구글,외부,GGL_CMP_01_플러스가입,플러스가입,유사타겟,IMG_적립혜택_겨울_v2,31697,876,202640,93,28,1862590
2025-01-04,구글,외부,GGL_CMP_02_리타겟팅,리타겟팅,리마케팅,VID_할인쿠폰_겨울_A_v1,26270,1063,153472,92,48,2764234
2025-01-04,구글,외부,GGL_CMP_02_리타겟팅,리타겟팅,리마케팅,IMG_할인쿠폰_겨울_B_v1,25707,972,148431,127,61,2937231
2025-01-04,구글,외부,GGL_CMP_02_리타겟팅,리타겟팅,리마케팅,CRS_특가_겨울_v1,18159,638,92300,66,21,1404304
2025-01-04,구글,외부,GGL_CMP_03_첫구매,첫구매,논타겟,VID_적립혜택_겨울_A_v1,41424,1012,232782,107,51,3162226
2025-01-04,구글,외부,GGL_CMP_03_첫구매,첫구매,논타겟,IMG_적립혜택_겨울_B_v1,32608,600,150900,66,23,1610185
2025-01-04,구글,외부,GGL_CMP_03_첫구매,첫구매,논타겟,CRS_할인쿠폰_겨울_v1,39750,1007,188782,83,28,1701427
2025-01-04,구글,외부,GGL_CMP_03_첫구매,첫구매,유사타겟,VID_적립혜택_겨울_A_v1,30506,577,179755,45,19,1296960
2025-01-04,구글,외부,GGL_CMP_03_첫구매,첫구매,유사타겟,IMG_적립혜택_겨울_B_v1,32375,736,211374,74,26,1726399
2025-01-04,구글,외부,GGL_CMP_03_첫구매,첫구매,유사타겟,CRS_할인쿠폰_겨울_v1,49001,1350,304968,138,59,3795080
2025-01-04,메타,외부,META_CMP_01_신규유저,신규유저,논타겟,VID_플러스멤버십_겨울_A_v1,25456,341,126060,23,4,158465
2025-01-04,메타,외부,META_CMP_01_신규유저,신규유저,논타겟,IMG_적립혜택_겨울_B_v1,37833,753,129518,47,12,473615
2025-01-04,메타,외부,META_CMP_01_신규유저,신규유저,논타겟,CRS_플러스멤버십_겨울_v1,37340,483,152918,32,7,293269
2025-01-04,메타,외부,META_CMP_02_룩얼라이크,룩얼라이크,유사타겟,VID_플러스멤버십_겨울_A_v1,32142,512,151662,38,11,519510
2025-01-04,메타,외부,META_CMP_02_룩얼라이크,룩얼라이크,유사타겟,IMG_할인쿠폰_겨울_B_v1,29267,535,145847,49,14,584101
2025-01-04,메타,외부,META_CMP_02_룩얼라이크,룩얼라이크,유사타겟,CRS_특가_겨울_v1,23988,521,114902,34,9,404522
2025-01-04,메타,외부,META_CMP_03_재구매,재구매,VIP,IMG_배송혜택_겨울_A_v1,7873,178,31077,7,2,141254
2025-01-04,메타,외부,META_CMP_03_재구매,재구매,VIP,VID_적립혜택_겨울_B_v1,11892,334,52942,21,8,507193
2025-01-04,메타,외부,META_CMP_03_재구매,재구매,VIP,CRS_신상품_겨울_v1,9158,150,31990,7,4,288799
2025-01-04,메타,외부,META_CMP_03_재구매,재구매,윈백,IMG_배송혜택_겨울_A_v1,13870,236,56386,15,7,402393
2025-01-04,메타,외부,META_CMP_03_재구매,재구매,윈백,VID_적립혜택_겨울_B_v1,13311,244,54324,14,5,338783
2025-01-04,메타,외부,META_CMP_03_재구매,재구매,윈백,CRS_신상품_겨울_v1,15996,375,80306,21,9,626008
2025-01-04,네이버,자체,NVR_CMP_01_브랜드KW,브랜드KW,논타겟,TXT_플러스멤버십_겨울_A_v1,7918,969,69246,250,152,12103741
2025-01-04,네이버,자체,NVR_CMP_02_일반KW,일반KW,논타겟,TXT_할인쿠폰_겨울_A_v1,7607,719,59995,125,51,3812577
2025-01-04,네이버,자체,NVR_CMP_02_일반KW,일반KW,논타겟,TXT_플러스멤버십_겨울_B_v1,6863,455,44844,89,34,2728935
2025-01-04,네이버,자체,NVR_CMP_03_재구매,재구매,VIP,IMG_배송혜택_겨울_A_v1,3702,253,33949,21,11,939532
2025-01-04,네이버,자체,NVR_CMP_03_재구매,재구매,VIP,VID_적립혜택_겨울_B_v1,5201,303,41567,36,25,2605245
2025-01-04,네이버,자체,NVR_CMP_03_재구매,재구매,VIP,CRS_신상품_겨울_v1,4160,217,27690,22,13,1242719
2025-01-04,네이버,자체,NVR_CMP_03_재구매,재구매,윈백,IMG_배송혜택_겨울_A_v1,8248,439,79132,36,32,3538529
2025-01-04,네이버,자체,NVR_CMP_03_재구매,재구매,윈백,VID_적립혜택_겨울_B_v1,7476,556,51262,56,45,3192762
2025-01-04,네이버,자체,NVR_CMP_03_재구매,재구매,윈백,CRS_신상품_겨울_v1,7022,436,60200,53,34,3486967
2025-01-05,구글,외부,GGL_CMP_01_플러스가입,플러스가입,논타겟,VID_플러스멤버십_겨울_A_v1,35052,740,210960,86,21,1248365
2025-01-05,구글,외부,GGL_CMP_01_플러스가입,플러스가입,논타겟,IMG_플러스멤버십_겨울_B_v1,35943,1235,196991,111,36,2031522
2025-01-05,구글,외부,GGL_CMP_01_플러스가입,플러스가입,논타겟,CRS_플러스멤버십_겨울_v1,49801,1221,257189,105,29,1986837
2025-01-05,구글,외부,GGL_CMP_01_플러스가입,플러스가입,논타겟,IMG_적립혜택_겨울_v2,48518,1341,226433,128,27,1774851
2025-01-05,구글,외부,GGL_CMP_01_플러스가입,플러스가입,유사타겟,VID_플러스멤버십_겨울_A_v1,42528,1248,195190,129,45,2869601
2025-01-05,구글,외부,GGL_CMP_01_플러스가입,플러스가입,유사타겟,IMG_플러스멤버십_겨울_B_v1,52941,1580,285349,204,49,3339051
2025-01-05,구글,외부,GGL_CMP_01_플러스가입,플러스가입,유사타겟,CRS_플러스멤버십_겨울_v1,39582,1356,178986,122,26,1261729
2025-01-05,구글,외부,GGL_CMP_01_플러스가입,플러스가입,유사타겟,IMG_적립혜택_겨울_v2,51024,1694,252637,214,59,2799088
2025-01-05,구글,외부,GGL_CMP_02_리타겟팅,리타겟팅,리마케팅,VID_할인쿠폰_겨울_A_v1,31307,868,183121,106,50,3358478
2025-01-05,구글,외부,GGL_CMP_02_리타겟팅,리타겟팅,리마케팅,IMG_할인쿠폰_겨울_B_v1,26850,983,156602,123,52,3201757
2025-01-05,구글,외부,GGL_CMP_02_리타겟팅,리타겟팅,리마케팅,CRS_특가_겨울_v1,24496,1014,144697,96,32,1460723
2025-01-05,구글,외부,GGL_CMP_03_첫구매,첫구매,논타겟,VID_적립혜택_겨울_A_v1,36611,1035,220224,113,56,2931917
2025-01-05,구글,외부,GGL_CMP_03_첫구매,첫구매,논타겟,IMG_적립혜택_겨울_B_v1,35494,753,163733,59,21,1407318
2025-01-05,구글,외부,GGL_CMP_03_첫구매,첫구매,논타겟,CRS_할인쿠폰_겨울_v1,43172,958,262437,86,33,2095086
2025-01-05,구글,외부,GGL_CMP_03_첫구매,첫구매,유사타겟,VID_적립혜택_겨울_A_v1,52800,1094,273312,71,27,2027450
2025-01-05,구글,외부,GGL_CMP_03_첫구매,첫구매,유사타겟,IMG_적립혜택_겨울_B_v1,39540,1215,237260,126,45,2723291
2025-01-05,구글,외부,GGL_CMP_03_첫구매,첫구매,유사타겟,CRS_할인쿠폰_겨울_v1,41355,1197,207411,139,60,3119642
2025-01-05,메타,외부,META_CMP_01_신규유저,신규유저,논타겟,VID_플러스멤버십_겨울_A_v1,39796,743,147023,52,11,412642
2025-01-05,메타,외부,META_CMP_01_신규유저,신규유저,논타겟,IMG_적립혜택_겨울_B_v1,33508,547,131049,40,7,413462
2025-01-05,메타,외부,META_CMP_01_신규유저,신규유저,논타겟,CRS_플러스멤버십_겨울_v1,32111,585,124066,48,9,466585
2025-01-05,메타,외부,META_CMP_02_룩얼라이크,룩얼라이크,유사타겟,VID_플러스멤버십_겨울_A_v1,35054,451,145730,44,12,684334
2025-01-05,메타,외부,META_CMP_02_룩얼라이크,룩얼라이크,유사타겟,IMG_할인쿠폰_겨울_B_v1,33938,654,161992,39,10,391576
2025-01-05,메타,외부,META_CMP_02_룩얼라이크,룩얼라이크,유사타겟,CRS_특가_겨울_v1,24912,499,100880,44,13,771519
2025-01-05,메타,외부,META_CMP_03_재구매,재구매,VIP,IMG_배송혜택_겨울_A_v1,8458,217,35886,10,4,337629
2025-01-05,메타,외부,META_CMP_03_재구매,재구매,VIP,VID_적립혜택_겨울_B_v1,10262,267,44998,12,5,362558
2025-01-05,메타,외부,META_CMP_03_재구매,재구매,VIP,CRS_신상품_겨울_v1,7790,204,30324,10,6,482913
2025-01-05,메타,외부,META_CMP_03_재구매,재구매,윈백,IMG_배송혜택_겨울_A_v1,20287,565,100699,37,16,1014790
2025-01-05,메타,외부,META_CMP_03_재구매,재구매,윈백,VID_적립혜택_겨울_B_v1,15552,298,66326,21,11,642096
2025-01-05,메타,외부,META_CMP_03_재구매,재구매,윈백,CRS_신상품_겨울_v1,16043,406,55319,21,11,628521
2025-01-05,네이버,자체,NVR_CMP_01_브랜드KW,브랜드KW,논타겟,TXT_플러스멤버십_겨울_A_v1,6372,1084,58692,256,110,9617241
2025-01-05,네이버,자체,NVR_CMP_02_일반KW,일반KW,논타겟,TXT_할인쿠폰_겨울_A_v1,9870,816,86007,160,76,4182052
2025-01-05,네이버,자체,NVR_CMP_02_일반KW,일반KW,논타겟,TXT_플러스멤버십_겨울_B_v1,8865,716,83306,142,68,5220974
2025-01-05,네이버,자체,NVR_CMP_03_재구매,재구매,VIP,IMG_배송혜택_겨울_A_v1,3526,266,28697,25,22,2340271
2025-01-05,네이버,자체,NVR_CMP_03_재구매,재구매,VIP,VID_적립혜택_겨울_B_v1,3950,197,27634,21,17,1599388
2025-01-05,네이버,자체,NVR_CMP_03_재구매,재구매,VIP,CRS_신상품_겨울_v1,4844,285,32346,30,17,1284223
2025-01-05,네이버,자체,NVR_CMP_03_재구매,재구매,윈백,IMG_배송혜택_겨울_A_v1,7777,578,57287,62,30,2934295
2025-01-05,네이버,자체,NVR_CMP_03_재구매,재구매,윈백,VID_적립혜택_겨울_B_v1,6366,372,58977,40,24,1788860
2025-01-05,네이버,자체,NVR_CMP_03_재구매,재구매,윈백,CRS_신상품_겨울_v1,5265,243,46294,24,15,1399151
2025-01-06,구글,외부,GGL_CMP_01_플러스가입,플러스가입,논타겟,VID_플러스멤버십_겨울_A_v1,46666,1479,294971,129,33,2090667
2025-01-06,구글,외부,GGL_CMP_01_플러스가입,플러스가입,논타겟,IMG_플러스멤버십_겨울_B_v1,55181,1583,260988,166,45,2123847
2025-01-06,구글,외부,GGL_CMP_01_플러스가입,플러스가입,논타겟,CRS_플러스멤버십_겨울_v1,65186,1742,360423,198,39,2211900
2025-01-06,구글,외부,GGL_CMP_01_플러스가입,플러스가입,논타겟,IMG_적립혜택_겨울_v2,63111,1817,283977,192,38,2710859
2025-01-06,구글,외부,GGL_CMP_01_플러스가입,플러스가입,유사타겟,VID_플러스멤버십_겨울_A_v1,51992,1660,316362,249,73,4055876
2025-01-06,구글,외부,GGL_CMP_01_플러스가입,플러스가입,유사타겟,IMG_플러스멤버십_겨울_B_v1,50896,1553,298044,185,54,2892438
2025-01-06,구글,외부,GGL_CMP_01_플러스가입,플러스가입,유사타겟,CRS_플러스멤버십_겨울_v1,45848,885,204024,91,27,1592250
2025-01-06,구글,외부,GGL_CMP_01_플러스가입,플러스가입,유사타겟,IMG_적립혜택_겨울_v2,47596,1652,285341,148,47,2609868
2025-01-06,구글,외부,GGL_CMP_02_리타겟팅,리타겟팅,리마케팅,VID_할인쿠폰_겨울_A_v1,25097,632,143433,76,24,1544757
2025-01-06,구글,외부,GGL_CMP_02_리타겟팅,리타겟팅,리마케팅,IMG_할인쿠폰_겨울_B_v1,24217,849,121966,109,55,2902341
2025-01-06,구글,외부,GGL_CMP_02_리타겟팅,리타겟팅,리마케팅,CRS_특가_겨울_v1,25936,995,126731,94,31,2172613
2025-01-06,구글,외부,GGL_CMP_03_첫구매,첫구매,논타겟,VID_적립혜택_겨울_A_v1,54855,1759,354994,174,79,4585295
2025-01-06,구글,외부,GGL_CMP_03_첫구매,첫구매,논타겟,IMG_적립혜택_겨울_B_v1,54126,1636,273965,165,76,5781389
2025-01-06,구글,외부,GGL_CMP_03_첫구매,첫구매,논타겟,CRS_할인쿠폰_겨울_v1,46514,955,270840,107,50,2559851
2025-01-06,구글,외부,GGL_CMP_03_첫구매,첫구매,유사타겟,VID_적립혜택_겨울_A_v1,58396,1787,281116,186,82,5355028
2025-01-06,구글,외부,GGL_CMP_03_첫구매,첫구매,유사타겟,IMG_적립혜택_겨울_B_v1,39006,1230,254185,85,43,2704156
2025-01-06,구글,외부,GGL_CMP_03_첫구매,첫구매,유사타겟,CRS_할인쿠폰_겨울_v1,56718,1652,297058,151,53,2984548
2025-01-06,메타,외부,META_CMP_01_신규유저,신규유저,논타겟,VID_플러스멤버십_겨울_A_v1,41231,804,201870,51,10,493055
2025-01-06,메타,외부,META_CMP_01_신규유저,신규유저,논타겟,IMG_적립혜택_겨울_B_v1,43994,677,159085,42,8,443845
2025-01-06,메타,외부,META_CMP_01_신규유저,신규유저,논타겟,CRS_플러스멤버십_겨울_v1,50104,1038,222364,72,12,655265
2025-01-06,메타,외부,META_CMP_02_룩얼라이크,룩얼라이크,유사타겟,VID_플러스멤버십_겨울_A_v1,43061,841,148934,46,13,794098
2025-01-06,메타,외부,META_CMP_02_룩얼라이크,룩얼라이크,유사타겟,IMG_할인쿠폰_겨울_B_v1,35232,713,118921,55,12,638736
2025-01-06,메타,외부,META_CMP_02_룩얼라이크,룩얼라이크,유사타겟,CRS_특가_겨울_v1,29566,548,99930,42,9,556735
2025-01-06,메타,외부,META_CMP_03_재구매,재구매,VIP,IMG_배송혜택_겨울_A_v1,15697,280,55282,12,4,285795
2025-01-06,메타,외부,META_CMP_03_재구매,재구매,VIP,VID_적립혜택_겨울_B_v1,11889,289,59725,13,7,575738
2025-01-06,메타,외부,META_CMP_03_재구매,재구매,VIP,CRS_신상품_겨울_v1,11687,282,40370,11,4,282220
2025-01-06,메타,외부,META_CMP_03_재구매,재구매,윈백,IMG_배송혜택_겨울_A_v1,15901,378,54564,17,10,835818
2025-01-06,메타,외부,META_CMP_03_재구매,재구매,윈백,VID_적립혜택_겨울_B_v1,26031,632,88903,44,19,1635241
2025-01-06,메타,외부,META_CMP_03_재구매,재구매,윈백,CRS_신상품_겨울_v1,15669,292,58978,19,8,671066
2025-01-06,네이버,자체,NVR_CMP_01_브랜드KW,브랜드KW,논타겟,TXT_플러스멤버십_겨울_A_v1,10210,1379,97177,242,122,10145374
2025-01-06,네이버,자체,NVR_CMP_02_일반KW,일반KW,논타겟,TXT_할인쿠폰_겨울_A_v1,14668,852,106705,172,65,3940959
2025-01-06,네이버,자체,NVR_CMP_02_일반KW,일반KW,논타겟,TXT_플러스멤버십_겨울_B_v1,9467,821,84765,144,41,2229614
2025-01-06,네이버,자체,NVR_CMP_03_재구매,재구매,VIP,IMG_배송혜택_겨울_A_v1,4125,169,30469,14,8,601526
2025-01-06,네이버,자체,NVR_CMP_03_재구매,재구매,VIP,VID_적립혜택_겨울_B_v1,3865,206,25887,20,12,1033911
2025-01-06,네이버,자체,NVR_CMP_03_재구매,재구매,VIP,CRS_신상품_겨울_v1,6712,505,55242,38,24,1811175
2025-01-06,네이버,자체,NVR_CMP_03_재구매,재구매,윈백,IMG_배송혜택_겨울_A_v1,8573,496,56977,40,23,2221028
2025-01-06,네이버,자체,NVR_CMP_03_재구매,재구매,윈백,VID_적립혜택_겨울_B_v1,11423,600,95777,68,42,3526637
2025-01-06,네이버,자체,NVR_CMP_03_재구매,재구매,윈백,CRS_신상품_겨울_v1,8031,595,56560,50,44,4905237
2025-01-07,구글,외부,GGL_CMP_01_플러스가입,플러스가입,논타겟,VID_플러스멤버십_겨울_A_v1,46500,1183,288127,129,26,1547153
2025-01-07,구글,외부,GGL_CMP_01_플러스가입,플러스가입,논타겟,IMG_플러스멤버십_겨울_B_v1,69949,1879,416785,211,49,3089595
2025-01-07,구글,외부,GGL_CMP_01_플러스가입,플러스가입,논타겟,CRS_플러스멤버십_겨울_v1,59400,1380,347434,182,57,2623940
2025-01-07,구글,외부,GGL_CMP_01_플러스가입,플러스가입,논타겟,IMG_적립혜택_겨울_v2,68872,2111,385409,290,71,4872466
2025-01-07,구글,외부,GGL_CMP_01_플러스가입,플러스가입,유사타겟,VID_플러스멤버십_겨울_A_v1,60200,1511,350569,128,44,2755740
2025-01-07,구글,외부,GGL_CMP_01_플러스가입,플러스가입,유사타겟,IMG_플러스멤버십_겨울_B_v1,38848,913,214576,108,30,1794569
2025-01-07,구글,외부,GGL_CMP_01_플러스가입,플러스가입,유사타겟,CRS_플러스멤버십_겨울_v1,55015,1372,245039,122,31,2183873
2025-01-07,구글,외부,GGL_CMP_01_플러스가입,플러스가입,유사타겟,IMG_적립혜택_겨울_v2,53525,1213,292377,139,36,2273795
2025-01-07,구글,외부,GGL_CMP_02_리타겟팅,리타겟팅,리마케팅,VID_할인쿠폰_겨울_A_v1,39913,1520,235076,131,76,3853778
2025-01-07,구글,외부,GGL_CMP_02_리타겟팅,리타겟팅,리마케팅,IMG_할인쿠폰_겨울_B_v1,27690,913,133072,106,45,2016125
2025-01-07,구글,외부,GGL_CMP_02_리타겟팅,리타겟팅,리마케팅,CRS_특가_겨울_v1,37053,1067,224360,136,45,2105918
2025-01-07,구글,외부,GGL_CMP_03_첫구매,첫구매,논타겟,VID_적립혜택_겨울_A_v1,47157,1435,262239,139,57,3812848
2025-01-07,구글,외부,GGL_CMP_03_첫구매,첫구매,논타겟,IMG_적립혜택_겨울_B_v1,65353,1835,330319,176,51,2675047
2025-01-07,구글,외부,GGL_CMP_03_첫구매,첫구매,논타겟,CRS_할인쿠폰_겨울_v1,55357,1316,260361,110,34,2299213
2025-01-07,구글,외부,GGL_CMP_03_첫구매,첫구매,유사타겟,VID_적립혜택_겨울_A_v1,54658,1071,278323,93,26,1540784
2025-01-07,구글,외부,GGL_CMP_03_첫구매,첫구매,유사타겟,IMG_적립혜택_겨울_B_v1,55179,1375,325906,117,54,3411890
2025-01-07,구글,외부,GGL_CMP_03_첫구매,첫구매,유사타겟,CRS_할인쿠폰_겨울_v1,47570,1216,226912,106,47,3363746
2025-01-07,메타,외부,META_CMP_01_신규유저,신규유저,논타겟,VID_플러스멤버십_겨울_A_v1,50146,747,237792,37,9,440431
2025-01-07,메타,외부,META_CMP_01_신규유저,신규유저,논타겟,IMG_적립혜택_겨울_B_v1,36902,776,151872,49,13,604380
2025-01-07,메타,외부,META_CMP_01_신규유저,신규유저,논타겟,CRS_플러스멤버십_겨울_v1,44215,652,201358,49,8,317236
2025-01-07,메타,외부,META_CMP_02_룩얼라이크,룩얼라이크,유사타겟,VID_플러스멤버십_겨울_A_v1,36483,671,142420,57,12,537794
2025-01-07,메타,외부,META_CMP_02_룩얼라이크,룩얼라이크,유사타겟,IMG_할인쿠폰_겨울_B_v1,53661,1131,263128,112,34,1409140
2025-01-07,메타,외부,META_CMP_02_룩얼라이크,룩얼라이크,유사타겟,CRS_특가_겨울_v1,48589,967,203213,77,16,773462
2025-01-07,메타,외부,META_CMP_03_재구매,재구매,VIP,IMG_배송혜택_겨울_A_v1,12718,258,62738,13,8,518055
2025-01-07,메타,외부,META_CMP_03_재구매,재구매,VIP,VID_적립혜택_겨울_B_v1,12285,315,48671,13,6,366474
2025-01-07,메타,외부,META_CMP_03_재구매,재구매,VIP,CRS_신상품_겨울_v1,11373,278,49030,15,6,460162
2025-01-07,메타,외부,META_CMP_03_재구매,재구매,윈백,IMG_배송혜택_겨울_A_v1,16265,462,66709,18,11,666136
2025-01-07,메타,외부,META_CMP_03_재구매,재구매,윈백,VID_적립혜택_겨울_B_v1,26452,535,117968,25,11,925404
2025-01-07,메타,외부,META_CMP_03_재구매,재구매,윈백,CRS_신상품_겨울_v1,17650,451,80170,17,8,465749
2025-01-07,네이버,자체,NVR_CMP_01_브랜드KW,브랜드KW,논타겟,TXT_플러스멤버십_겨울_A_v1,10712,1869,83033,349,136,9196685
2025-01-07,네이버,자체,NVR_CMP_02_일반KW,일반KW,논타겟,TXT_할인쿠폰_겨울_A_v1,9856,929,86832,113,56,3025592
2025-01-07,네이버,자체,NVR_CMP_02_일반KW,일반KW,논타겟,TXT_플러스멤버십_겨울_B_v1,14281,1245,98316,183,78,5948189
2025-01-07,네이버,자체,NVR_CMP_03_재구매,재구매,VIP,IMG_배송혜택_겨울_A_v1,5024,375,37210,28,16,1169542
2025-01-07,네이버,자체,NVR_CMP_03_재구매,재구매,VIP,VID_적립혜택_겨울_B_v1,6017,425,51186,35,24,2197278
2025-01-07,네이버,자체,NVR_CMP_03_재구매,재구매,VIP,CRS_신상품_겨울_v1,6873,400,46467,38,28,2586293
2025-01-07,네이버,자체,NVR_CMP_03_재구매,재구매,윈백,IMG_배송혜택_겨울_A_v1,10948,666,82869,70,56,6208342
2025-01-07,네이버,자체,NVR_CMP_03_재구매,재구매,윈백,VID_적립혜택_겨울_B_v1,6515,280,58151,26,19,1732524
2025-01-07,네이버,자체,NVR_CMP_03_재구매,재구매,윈백,CRS_신상품_겨울_v1,9626,487,71153,47,27,2821764
2025-01-08,구글,외부,GGL_CMP_01_플러스가입,플러스가입,논타겟,VID_플러스멤버십_겨울_A_v1,60974,1240,362008,165,53,2416397
2025-01-08,구글,외부,GGL_CMP_01_플러스가입,플러스가입,논타겟,IMG_플러스멤버십_겨울_B_v1,48706,1533,293670,138,41,2594940
2025-01-08,구글,외부,GGL_CMP_01_플러스가입,플러스가입,논타겟,CRS_플러스멤버십_겨울_v1,62285,1370,291447,187,43,2940185
2025-01-08,구글,외부,GGL_CMP_01_플러스가입,플러스가입,논타겟,IMG_적립혜택_겨울_v2,40607,1258,230186,109,28,1509295
2025-01-08,구글,외부,GGL_CMP_01_플러스가입,플러스가입,유사타겟,VID_플러스멤버십_겨울_A_v1,41895,1203,250956,117,31,1401542
2025-01-08,구글,외부,GGL_CMP_01_플러스가입,플러스가입,유사타겟,IMG_플러스멤버십_겨울_B_v1,43452,1504,273160,181,61,3926466
2025-01-08,구글,외부,GGL_CMP_01_플러스가입,플러스가입,유사타겟,CRS_플러스멤버십_겨울_v1,47451,974,247703,114,38,1859414
2025-01-08,구글,외부,GGL_CMP_01_플러스가입,플러스가입,유사타겟,IMG_적립혜택_겨울_v2,53848,1287,337016,134,37,1636108
2025-01-08,구글,외부,GGL_CMP_02_리타겟팅,리타겟팅,리마케팅,VID_할인쿠폰_겨울_A_v1,32285,1192,177096,149,54,3713158
2025-01-08,구글,외부,GGL_CMP_02_리타겟팅,리타겟팅,리마케팅,IMG_할인쿠폰_겨울_B_v1,27713,880,173125,116,66,2906653
2025-01-08,구글,외부,GGL_CMP_02_리타겟팅,리타겟팅,리마케팅,CRS_특가_겨울_v1,33590,990,184156,78,45,2860669
2025-01-08,구글,외부,GGL_CMP_03_첫구매,첫구매,논타겟,VID_적립혜택_겨울_A_v1,61627,1422,403288,96,28,1468286
2025-01-08,구글,외부,GGL_CMP_03_첫구매,첫구매,논타겟,IMG_적립혜택_겨울_B_v1,70319,1480,349779,118,54,3758235
2025-01-08,구글,외부,GGL_CMP_03_첫구매,첫구매,논타겟,CRS_할인쿠폰_겨울_v1,45189,1319,256961,94,29,1812446
2025-01-08,구글,외부,GGL_CMP_03_첫구매,첫구매,유사타겟,VID_적립혜택_겨울_A_v1,48674,1045,227006,74,32,2348742
2025-01-08,구글,외부,GGL_CMP_03_첫구매,첫구매,유사타겟,IMG_적립혜택_겨울_B_v1,41510,880,215131,79,34,1913181
2025-01-08,구글,외부,GGL_CMP_03_첫구매,첫구매,유사타겟,CRS_할인쿠폰_겨울_v1,63186,1342,342247,142,43,2096752
2025-01-08,메타,외부,META_CMP_01_신규유저,신규유저,논타겟,VID_플러스멤버십_겨울_A_v1,38780,677,172302,49,9,495095
2025-01-08,메타,외부,META_CMP_01_신규유저,신규유저,논타겟,IMG_적립혜택_겨울_B_v1,32645,657,155172,41,6,281944
2025-01-08,메타,외부,META_CMP_01_신규유저,신규유저,논타겟,CRS_플러스멤버십_겨울_v1,30142,541,110028,31,5,214303
2025-01-08,메타,외부,META_CMP_02_룩얼라이크,룩얼라이크,유사타겟,VID_플러스멤버십_겨울_A_v1,36836,628,157848,35,7,291855
2025-01-08,메타,외부,META_CMP_02_룩얼라이크,룩얼라이크,유사타겟,IMG_할인쿠폰_겨울_B_v1,49614,1051,249171,94,21,1080836
2025-01-08,메타,외부,META_CMP_02_룩얼라이크,룩얼라이크,유사타겟,CRS_특가_겨울_v1,33931,544,126493,51,14,557286
2025-01-08,메타,외부,META_CMP_03_재구매,재구매,VIP,IMG_배송혜택_겨울_A_v1,16183,287,72233,13,7,592059
2025-01-08,메타,외부,META_CMP_03_재구매,재구매,VIP,VID_적립혜택_겨울_B_v1,14848,317,70823,21,8,589349
2025-01-08,메타,외부,META_CMP_03_재구매,재구매,VIP,CRS_신상품_겨울_v1,14116,419,60796,24,9,782613
2025-01-08,메타,외부,META_CMP_03_재구매,재구매,윈백,IMG_배송혜택_겨울_A_v1,15837,311,59034,17,5,423006
2025-01-08,메타,외부,META_CMP_03_재구매,재구매,윈백,VID_적립혜택_겨울_B_v1,25337,530,86065,31,19,1515795
2025-01-08,메타,외부,META_CMP_03_재구매,재구매,윈백,CRS_신상품_겨울_v1,26568,582,93778,28,10,590521
2025-01-08,네이버,자체,NVR_CMP_01_브랜드KW,브랜드KW,논타겟,TXT_플러스멤버십_겨울_A_v1,7240,1252,62404,377,232,14423994
2025-01-08,네이버,자체,NVR_CMP_02_일반KW,일반KW,논타겟,TXT_할인쿠폰_겨울_A_v1,9782,901,92304,178,64,5147057
2025-01-08,네이버,자체,NVR_CMP_02_일반KW,일반KW,논타겟,TXT_플러스멤버십_겨울_B_v1,16134,1088,132456,214,64,4653161
2025-01-08,네이버,자체,NVR_CMP_03_재구매,재구매,VIP,IMG_배송혜택_겨울_A_v1,4067,267,34346,31,21,1699954
2025-01-08,네이버,자체,NVR_CMP_03_재구매,재구매,VIP,VID_적립혜택_겨울_B_v1,3784,206,33088,25,21,1907634
2025-01-08,네이버,자체,NVR_CMP_03_재구매,재구매,VIP,CRS_신상품_겨울_v1,6579,419,56572,32,16,1698337
2025-01-08,네이버,자체,NVR_CMP_03_재구매,재구매,윈백,IMG_배송혜택_겨울_A_v1,7218,390,63102,38,32,2351383
2025-01-08,네이버,자체,NVR_CMP_03_재구매,재구매,윈백,VID_적립혜택_겨울_B_v1,11389,532,105316,40,21,1645578
2025-01-08,네이버,자체,NVR_CMP_03_재구매,재구매,윈백,CRS_신상품_겨울_v1,7732,393,55362,27,19,2011904
2025-01-09,구글,외부,GGL_CMP_01_플러스가입,플러스가입,논타겟,VID_플러스멤버십_겨울_A_v1,60346,1759,292031,147,31,1612769
2025-01-09,구글,외부,GGL_CMP_01_플러스가입,플러스가입,논타겟,IMG_플러스멤버십_겨울_B_v1,54640,1647,251371,197,43,2939095
2025-01-09,구글,외부,GGL_CMP_01_플러스가입,플러스가입,논타겟,CRS_플러스멤버십_겨울_v1,45965,1088,208479,146,43,1993348
2025-01-09,구글,외부,GGL_CMP_01_플러스가입,플러스가입,논타겟,IMG_적립혜택_겨울_v2,56768,1880,351989,209,57,3866856
2025-01-09,구글,외부,GGL_CMP_01_플러스가입,플러스가입,유사타겟,VID_플러스멤버십_겨울_A_v1,68291,2119,375916,307,97,6075324
2025-01-09,구글,외부,GGL_CMP_01_플러스가입,플러스가입,유사타겟,IMG_플러스멤버십_겨울_B_v1,70984,2505,438583,227,58,4128306
2025-01-09,구글,외부,GGL_CMP_01_플러스가입,플러스가입,유사타겟,CRS_플러스멤버십_겨울_v1,47010,1611,301390,139,35,1922454
2025-01-09,구글,외부,GGL_CMP_01_플러스가입,플러스가입,유사타겟,IMG_적립혜택_겨울_v2,64456,1903,357707,211,54,2596076
2025-01-09,구글,외부,GGL_CMP_02_리타겟팅,리타겟팅,리마케팅,VID_할인쿠폰_겨울_A_v1,34241,911,172212,100,40,2211979
2025-01-09,구글,외부,GGL_CMP_02_리타겟팅,리타겟팅,리마케팅,IMG_할인쿠폰_겨울_B_v1,28553,785,163867,94,30,2053898
2025-01-09,구글,외부,GGL_CMP_02_리타겟팅,리타겟팅,리마케팅,CRS_특가_겨울_v1,40861,1018,253267,96,37,2128222
2025-01-09,구글,외부,GGL_CMP_03_첫구매,첫구매,논타겟,VID_적립혜택_겨울_A_v1,70649,1705,439212,132,48,3260545
2025-01-09,구글,외부,GGL_CMP_03_첫구매,첫구매,논타겟,IMG_적립혜택_겨울_B_v1,63563,1939,394487,176,54,3121819
2025-01-09,구글,외부,GGL_CMP_03_첫구매,첫구매,논타겟,CRS_할인쿠폰_겨울_v1,39455,804,245901,86,28,1741812
2025-01-09,구글,외부,GGL_CMP_03_첫구매,첫구매,유사타겟,VID_적립혜택_겨울_A_v1,55169,1491,257778,96,34,2256573
2025-01-09,구글,외부,GGL_CMP_03_첫구매,첫구매,유사타겟,IMG_적립혜택_겨울_B_v1,43895,1357,265464,135,45,2704212
2025-01-09,구글,외부,GGL_CMP_03_첫구매,첫구매,유사타겟,CRS_할인쿠폰_겨울_v1,59863,1656,298835,140,38,2736159
2025-01-09,메타,외부,META_CMP_01_신규유저,신규유저,논타겟,VID_플러스멤버십_겨울_A_v1,44548,508,168570,42,8,468225
2025-01-09,메타,외부,META_CMP_01_신규유저,신규유저,논타겟,IMG_적립혜택_겨울_B_v1,35750,567,160792,47,9,349314
2025-01-09,메타,외부,META_CMP_01_신규유저,신규유저,논타겟,CRS_플러스멤버십_겨울_v1,45713,789,176518,42,6,354087
2025-01-09,메타,외부,META_CMP_02_룩얼라이크,룩얼라이크,유사타겟,VID_플러스멤버십_겨울_A_v1,51887,821,187410,73,22,1270066
2025-01-09,메타,외부,META_CMP_02_룩얼라이크,룩얼라이크,유사타겟,IMG_할인쿠폰_겨울_B_v1,47576,936,239581,61,14,668060
2025-01-09,메타,외부,META_CMP_02_룩얼라이크,룩얼라이크,유사타겟,CRS_특가_겨울_v1,47709,715,203154,64,19,1035972
2025-01-09,메타,외부,META_CMP_03_재구매,재구매,VIP,IMG_배송혜택_겨울_A_v1,10189,180,36425,8,4,317576
2025-01-09,메타,외부,META_CMP_03_재구매,재구매,VIP,VID_적립혜택_겨울_B_v1,11505,308,44592,20,8,500118
2025-01-09,메타,외부,META_CMP_03_재구매,재구매,VIP,CRS_신상품_겨울_v1,13231,392,46039,27,13,1077803
2025-01-09,메타,외부,META_CMP_03_재구매,재구매,윈백,IMG_배송혜택_겨울_A_v1,16430,315,66499,18,11,760478
2025-01-09,메타,외부,META_CMP_03_재구매,재구매,윈백,VID_적립혜택_겨울_B_v1,22651,427,100252,16,6,476016
2025-01-09,메타,외부,META_CMP_03_재구매,재구매,윈백,CRS_신상품_겨울_v1,15809,395,69943,20,12,799673
2025-01-09,네이버,자체,NVR_CMP_01_브랜드KW,브랜드KW,논타겟,TXT_플러스멤버십_겨울_A_v1,8039,1302,56352,345,194,12230704
2025-01-09,네이버,자체,NVR_CMP_02_일반KW,일반KW,논타겟,TXT_할인쿠폰_겨울_A_v1,13270,860,119912,117,39,2814348
2025-01-09,네이버,자체,NVR_CMP_02_일반KW,일반KW,논타겟,TXT_플러스멤버십_겨울_B_v1,11411,1146,86149,145,70,5464505
2025-01-09,네이버,자체,NVR_CMP_03_재구매,재구매,VIP,IMG_배송혜택_겨울_A_v1,6158,379,42741,33,25,1776539
2025-01-09,네이버,자체,NVR_CMP_03_재구매,재구매,VIP,VID_적립혜택_겨울_B_v1,7002,449,59457,30,23,2013145
2025-01-09,네이버,자체,NVR_CMP_03_재구매,재구매,VIP,CRS_신상품_겨울_v1,6032,380,44417,40,30,2434710
2025-01-09,네이버,자체,NVR_CMP_03_재구매,재구매,윈백,IMG_배송혜택_겨울_A_v1,10181,458,68873,33,18,1405964
2025-01-09,네이버,자체,NVR_CMP_03_재구매,재구매,윈백,VID_적립혜택_겨울_B_v1,7894,334,63060,26,22,1843340
2025-01-09,네이버,자체,NVR_CMP_03_재구매,재구매,윈백,CRS_신상품_겨울_v1,9912,457,66294,44,34,2510424
2025-01-10,구글,외부,GGL_CMP_01_플러스가입,플러스가입,논타겟,VID_플러스멤버십_겨울_A_v1,53821,1124,257498,95,31,2047360
2025-01-10,구글,외부,GGL_CMP_01_플러스가입,플러스가입,논타겟,IMG_플러스멤버십_겨울_B_v1,40014,1332,234457,125,43,2409597
2025-01-10,구글,외부,GGL_CMP_01_플러스가입,플러스가입,논타겟,CRS_플러스멤버십_겨울_v1,44534,1151,290232,116,40,2695738
2025-01-10,구글,외부,GGL_CMP_01_플러스가입,플러스가입,논타겟,IMG_적립혜택_겨울_v2,61473,1242,397941,115,41,2470070
2025-01-10,구글,외부,GGL_CMP_01_플러스가입,플러스가입,유사타겟,VID_플러스멤버십_겨울_A_v1,50333,992,297258,139,67,3188732
2025-01-10,구글,외부,GGL_CMP_01_플러스가입,플러스가입,유사타겟,IMG_플러스멤버십_겨울_B_v1,47133,1151,280444,149,65,3890760
2025-01-10,구글,외부,GGL_CMP_01_플러스가입,플러스가입,유사타겟,CRS_플러스멤버십_겨울_v1,55762,1718,257037,220,70,3745567
2025-01-10,구글,외부,GGL_CMP_01_플러스가입,플러스가입,유사타겟,IMG_적립혜택_겨울_v2,71097,1432,413463,133,60,4045587
2025-01-10,구글,외부,GGL_CMP_02_리타겟팅,리타겟팅,리마케팅,VID_할인쿠폰_겨울_A_v1,42308,1081,206884,126,74,3734224
2025-01-10,구글,외부,GGL_CMP_02_리타겟팅,리타겟팅,리마케팅,IMG_할인쿠폰_겨울_B_v1,31951,862,175546,101,48,2656286
2025-01-10,구글,외부,GGL_CMP_02_리타겟팅,리타겟팅,리마케팅,CRS_특가_겨울_v1,35357,1092,195112,97,67,4699029
2025-01-10,구글,외부,GGL_CMP_03_첫구매,첫구매,논타겟,VID_적립혜택_겨울_A_v1,56984,1526,310044,150,92,4770127
2025-01-10,구글,외부,GGL_CMP_03_첫구매,첫구매,논타겟,IMG_적립혜택_겨울_B_v1,70326,1538,390194,155,61,3255307
2025-01-10,구글,외부,GGL_CMP_03_첫구매,첫구매,논타겟,CRS_할인쿠폰_겨울_v1,58658,1191,378137,100,53,3818012
2025-01-10,구글,외부,GGL_CMP_03_첫구매,첫구매,유사타겟,VID_적립혜택_겨울_A_v1,66136,1741,403345,152,90,6959228
2025-01-10,구글,외부,GGL_CMP_03_첫구매,첫구매,유사타겟,IMG_적립혜택_겨울_B_v1,69365,2086,378903,188,128,6881327
2025-01-10,구글,외부,GGL_CMP_03_첫구매,첫구매,유사타겟,CRS_할인쿠폰_겨울_v1,58318,1792,321276,150,105,7991159
2025-01-10,메타,외부,META_CMP_01_신규유저,신규유저,논타겟,VID_플러스멤버십_겨울_A_v1,40811,515,165424,40,14,606133
2025-01-10,메타,외부,META_CMP_01_신규유저,신규유저,논타겟,IMG_적립혜택_겨울_B_v1,45341,602,199890,36,10,518101
2025-01-10,메타,외부,META_CMP_01_신규유저,신규유저,논타겟,CRS_플러스멤버십_겨울_v1,46896,678,166663,43,13,643377
2025-01-10,메타,외부,META_CMP_02_룩얼라이크,룩얼라이크,유사타겟,VID_플러스멤버십_겨울_A_v1,36605,796,172701,62,15,628317
2025-01-10,메타,외부,META_CMP_02_룩얼라이크,룩얼라이크,유사타겟,IMG_할인쿠폰_겨울_B_v1,36622,560,174693,48,14,790807
2025-01-10,메타,외부,META_CMP_02_룩얼라이크,룩얼라이크,유사타겟,CRS_특가_겨울_v1,48035,1053,221309,84,24,1373360
2025-01-10,메타,외부,META_CMP_03_재구매,재구매,VIP,IMG_배송혜택_겨울_A_v1,11749,350,58738,17,12,650347
2025-01-10,메타,외부,META_CMP_03_재구매,재구매,VIP,VID_적립혜택_겨울_B_v1,15094,440,68584,26,20,1442525
2025-01-10,메타,외부,META_CMP_03_재구매,재구매,VIP,CRS_신상품_겨울_v1,10161,263,37333,11,7,465037
2025-01-10,메타,외부,META_CMP_03_재구매,재구매,윈백,IMG_배송혜택_겨울_A_v1,17913,376,81545,16,8,516802
2025-01-10,메타,외부,META_CMP_03_재구매,재구매,윈백,VID_적립혜택_겨울_B_v1,20880,509,82718,33,20,1223014
2025-01-10,메타,외부,META_CMP_03_재구매,재구매,윈백,CRS_신상품_겨울_v1,21466,379,80103,17,10,658828
2025-01-10,네이버,자체,NVR_CMP_01_브랜드KW,브랜드KW,논타겟,TXT_플러스멤버십_겨울_A_v1,10747,1869,69084,494,351,29976568
2025-01-10,네이버,자체,NVR_CMP_02_일반KW,일반KW,논타겟,TXT_할인쿠폰_겨울_A_v1,11246,1138,105982,165,91,5311460
2025-01-10,네이버,자체,NVR_CMP_02_일반KW,일반KW,논타겟,TXT_플러스멤버십_겨울_B_v1,12188,717,113038,91,49,3870733
2025-01-10,네이버,자체,NVR_CMP_03_재구매,재구매,VIP,IMG_배송혜택_겨울_A_v1,3992,257,35431,30,28,2070611
2025-01-10,네이버,자체,NVR_CMP_03_재구매,재구매,VIP,VID_적립혜택_겨울_B_v1,5874,434,51633,33,31,2598929
2025-01-10,네이버,자체,NVR_CMP_03_재구매,재구매,VIP,CRS_신상품_겨울_v1,5642,276,40779,24,25,2205832
2025-01-10,네이버,자체,NVR_CMP_03_재구매,재구매,윈백,IMG_배송혜택_겨울_A_v1,9639,650,79753,69,50,5485863
2025-01-10,네이버,자체,NVR_CMP_03_재구매,재구매,윈백,VID_적립혜택_겨울_B_v1,10432,587,79955,61,58,5370365
2025-01-10,네이버,자체,NVR_CMP_03_재구매,재구매,윈백,CRS_신상품_겨울_v1,11484,528,98387,63,72,7278673
2025-01-11,구글,외부,GGL_CMP_01_플러스가입,플러스가입,논타겟,VID_플러스멤버십_겨울_A_v1,31925,617,182376,73,24,1257096
2025-01-11,구글,외부,GGL_CMP_01_플러스가입,플러스가입,논타겟,IMG_플러스멤버십_겨울_B_v1,44861,1242,213274,120,38,1875070
2025-01-11,구글,외부,GGL_CMP_01_플러스가입,플러스가입,논타겟,CRS_플러스멤버십_겨울_v1,51951,1852,281303,223,52,2384328
2025-01-11,구글,외부,GGL_CMP_01_플러스가입,플러스가입,논타겟,IMG_적립혜택_겨울_v2,32048,963,148065,120,40,2109564
2025-01-11,구글,외부,GGL_CMP_01_플러스가입,플러스가입,유사타겟,VID_플러스멤버십_겨울_A_v1,42872,1083,218473,121,22,1116935
2025-01-11,구글,외부,GGL_CMP_01_플러스가입,플러스가입,유사타겟,IMG_플러스멤버십_겨울_B_v1,32199,1009,203863,115,28,1467213
2025-01-11,구글,외부,GGL_CMP_01_플러스가입,플러스가입,유사타겟,CRS_플러스멤버십_겨울_v1,50128,1080,279963,108,35,1613595
2025-01-11,구글,외부,GGL_CMP_01_플러스가입,플러스가입,유사타겟,IMG_적립혜택_겨울_v2,43276,1122,246590,163,45,2652543
2025-01-11,구글,외부,GGL_CMP_02_리타겟팅,리타겟팅,리마케팅,VID_할인쿠폰_겨울_A_v1,20641,840,124116,79,34,1973235
2025-01-11,구글,외부,GGL_CMP_02_리타겟팅,리타겟팅,리마케팅,IMG_할인쿠폰_겨울_B_v1,29302,1095,139620,119,51,2495251
2025-01-11,구글,외부,GGL_CMP_02_리타겟팅,리타겟팅,리마케팅,CRS_특가_겨울_v1,24505,785,119619,84,27,1462305
2025-01-11,구글,외부,GGL_CMP_03_첫구매,첫구매,논타겟,VID_적립혜택_겨울_A_v1,40499,984,182333,114,39,2717832
2025-01-11,구글,외부,GGL_CMP_03_첫구매,첫구매,논타겟,IMG_적립혜택_겨울_B_v1,42347,851,247225,70,29,2136515
2025-01-11,구글,외부,GGL_CMP_03_첫구매,첫구매,논타겟,CRS_할인쿠폰_겨울_v1,37609,1147,205762,102,42,2670383
2025-01-11,구글,외부,GGL_CMP_03_첫구매,첫구매,유사타겟,VID_적립혜택_겨울_A_v1,34110,692,177266,70,21,1162727
2025-01-11,구글,외부,GGL_CMP_03_첫구매,첫구매,유사타겟,IMG_적립혜택_겨울_B_v1,34089,679,212490,43,12,788975
2025-01-11,구글,외부,GGL_CMP_03_첫구매,첫구매,유사타겟,CRS_할인쿠폰_겨울_v1,30258,646,145120,74,30,1963471
2025-01-11,메타,외부,META_CMP_01_신규유저,신규유저,논타겟,VID_플러스멤버십_겨울_A_v1,23670,371,119010,31,5,277061
2025-01-11,메타,외부,META_CMP_01_신규유저,신규유저,논타겟,IMG_적립혜택_겨울_B_v1,34517,480,157972,30,6,299673
2025-01-11,메타,외부,META_CMP_01_신규유저,신규유저,논타겟,CRS_플러스멤버십_겨울_v1,38296,622,155683,34,5,236649
2025-01-11,메타,외부,META_CMP_02_룩얼라이크,룩얼라이크,유사타겟,VID_플러스멤버십_겨울_A_v1,24271,432,86865,35,10,599272
2025-01-11,메타,외부,META_CMP_02_룩얼라이크,룩얼라이크,유사타겟,IMG_할인쿠폰_겨울_B_v1,22870,419,85660,38,11,523046
2025-01-11,메타,외부,META_CMP_02_룩얼라이크,룩얼라이크,유사타겟,CRS_특가_겨울_v1,23896,335,99446,21,6,271190
2025-01-11,메타,외부,META_CMP_03_재구매,재구매,VIP,IMG_배송혜택_겨울_A_v1,11091,271,39461,10,5,384344
2025-01-11,메타,외부,META_CMP_03_재구매,재구매,VIP,VID_적립혜택_겨울_B_v1,8053,228,32788,11,4,306513
2025-01-11,메타,외부,META_CMP_03_재구매,재구매,VIP,CRS_신상품_겨울_v1,8714,210,32994,10,4,309858
2025-01-11,메타,외부,META_CMP_03_재구매,재구매,윈백,IMG_배송혜택_겨울_A_v1,15245,399,55367,18,8,521052
2025-01-11,메타,외부,META_CMP_03_재구매,재구매,윈백,VID_적립혜택_겨울_B_v1,20140,331,70752,14,8,547109
2025-01-11,메타,외부,META_CMP_03_재구매,재구매,윈백,CRS_신상품_겨울_v1,14656,442,64361,25,14,1033691
2025-01-11,네이버,자체,NVR_CMP_01_브랜드KW,브랜드KW,논타겟,TXT_플러스멤버십_겨울_A_v1,5541,818,49717,171,64,4800221
2025-01-11,네이버,자체,NVR_CMP_02_일반KW,일반KW,논타겟,TXT_할인쿠폰_겨울_A_v1,7971,452,55030,91,40,2421878
2025-01-11,네이버,자체,NVR_CMP_02_일반KW,일반KW,논타겟,TXT_플러스멤버십_겨울_B_v1,7004,427,51202,79,37,2234465
2025-01-11,네이버,자체,NVR_CMP_03_재구매,재구매,VIP,IMG_배송혜택_겨울_A_v1,5094,311,36858,28,14,1016141
2025-01-11,네이버,자체,NVR_CMP_03_재구매,재구매,VIP,VID_적립혜택_겨울_B_v1,4963,344,40893,36,32,3004208
2025-01-11,네이버,자체,NVR_CMP_03_재구매,재구매,VIP,CRS_신상품_겨울_v1,3954,243,25652,17,8,775527
2025-01-11,네이버,자체,NVR_CMP_03_재구매,재구매,윈백,IMG_배송혜택_겨울_A_v1,8594,507,55269,58,34,2498204
2025-01-11,네이버,자체,NVR_CMP_03_재구매,재구매,윈백,VID_적립혜택_겨울_B_v1,6655,355,61637,29,25,2477171
2025-01-11,네이버,자체,NVR_CMP_03_재구매,재구매,윈백,CRS_신상품_겨울_v1,8259,398,58216,32,23,1752834
2025-01-12,구글,외부,GGL_CMP_01_플러스가입,플러스가입,논타겟,VID_플러스멤버십_겨울_A_v1,44067,1403,246389,119,31,1893119
2025-01-12,구글,외부,GGL_CMP_01_플러스가입,플러스가입,논타겟,IMG_플러스멤버십_겨울_B_v1,41022,1455,263165,147,33,1975323
2025-01-12,구글,외부,GGL_CMP_01_플러스가입,플러스가입,논타겟,CRS_플러스멤버십_겨울_v1,41311,1063,244146,100,34,2148858
2025-01-12,구글,외부,GGL_CMP_01_플러스가입,플러스가입,논타겟,IMG_적립혜택_겨울_v2,43254,1064,248629,106,29,1465118
2025-01-12,구글,외부,GGL_CMP_01_플러스가입,플러스가입,유사타겟,VID_플러스멤버십_겨울_A_v1,34085,1050,177892,148,34,1664196
2025-01-12,구글,외부,GGL_CMP_01_플러스가입,플러스가입,유사타겟,IMG_플러스멤버십_겨울_B_v1,35556,822,190256,89,18,1266778
2025-01-12,구글,외부,GGL_CMP_01_플러스가입,플러스가입,유사타겟,CRS_플러스멤버십_겨울_v1,53515,1780,296335,235,74,3866569
2025-01-12,구글,외부,GGL_CMP_01_플러스가입,플러스가입,유사타겟,IMG_적립혜택_겨울_v2,30360,992,165413,125,32,1702497
2025-01-12,구글,외부,GGL_CMP_02_리타겟팅,리타겟팅,리마케팅,VID_할인쿠폰_겨울_A_v1,17619,476,111144,65,23,1376253
2025-01-12,구글,외부,GGL_CMP_02_리타겟팅,리타겟팅,리마케팅,IMG_할인쿠폰_겨울_B_v1,27321,949,164482,126,52,2697728
2025-01-12,구글,외부,GGL_CMP_02_리타겟팅,리타겟팅,리마케팅,CRS_특가_겨울_v1,22335,843,126363,110,36,1744379
2025-01-12,구글,외부,GGL_CMP_03_첫구매,첫구매,논타겟,VID_적립혜택_겨울_A_v1,44829,966,241125,105,37,2447709
2025-01-12,구글,외부,GGL_CMP_03_첫구매,첫구매,논타겟,IMG_적립혜택_겨울_B_v1,46887,1286,303310,129,37,1977614
2025-01-12,구글,외부,GGL_CMP_03_첫구매,첫구매,논타겟,CRS_할인쿠폰_겨울_v1,29527,692,179613,46,15,796455
2025-01-12,구글,외부,GGL_CMP_03_첫구매,첫구매,유사타겟,VID_적립혜택_겨울_A_v1,35908,965,168366,104,29,1985698
2025-01-12,구글,외부,GGL_CMP_03_첫구매,첫구매,유사타겟,IMG_적립혜택_겨울_B_v1,42254,912,227270,105,45,2418991
2025-01-12,구글,외부,GGL_CMP_03_첫구매,첫구매,유사타겟,CRS_할인쿠폰_겨울_v1,41830,1133,212549,92,36,2618726
2025-01-12,메타,외부,META_CMP_01_신규유저,신규유저,논타겟,VID_플러스멤버십_겨울_A_v1,22051,424,105504,26,5,183348
2025-01-12,메타,외부,META_CMP_01_신규유저,신규유저,논타겟,IMG_적립혜택_겨울_B_v1,30185,428,113147,21,4,183470
2025-01-12,메타,외부,META_CMP_01_신규유저,신규유저,논타겟,CRS_플러스멤버십_겨울_v1,29415,441,111830,29,5,269557
2025-01-12,메타,외부,META_CMP_02_룩얼라이크,룩얼라이크,유사타겟,VID_플러스멤버십_겨울_A_v1,36091,770,146301,71,14,634904
2025-01-12,메타,외부,META_CMP_02_룩얼라이크,룩얼라이크,유사타겟,IMG_할인쿠폰_겨울_B_v1,25599,327,88147,25,5,204272
2025-01-12,메타,외부,META_CMP_02_룩얼라이크,룩얼라이크,유사타겟,CRS_특가_겨울_v1,24897,446,97955,30,8,498808
2025-01-12,메타,외부,META_CMP_03_재구매,재구매,VIP,IMG_배송혜택_겨울_A_v1,12010,206,56004,8,3,180652
2025-01-12,메타,외부,META_CMP_03_재구매,재구매,VIP,VID_적립혜택_겨울_B_v1,10970,218,51073,11,6,329315
2025-01-12,메타,외부,META_CMP_03_재구매,재구매,VIP,CRS_신상품_겨울_v1,9295,241,36105,12,6,331064
2025-01-12,메타,외부,META_CMP_03_재구매,재구매,윈백,IMG_배송혜택_겨울_A_v1,12902,372,62071,17,6,450154
2025-01-12,메타,외부,META_CMP_03_재구매,재구매,윈백,VID_적립혜택_겨울_B_v1,18482,305,63403,19,9,664134
2025-01-12,메타,외부,META_CMP_03_재구매,재구매,윈백,CRS_신상품_겨울_v1,16871,496,84944,29,10,754177
2025-01-12,네이버,자체,NVR_CMP_01_브랜드KW,브랜드KW,논타겟,TXT_플러스멤버십_겨울_A_v1,8700,1377,76746,391,197,12044602
2025-01-12,네이버,자체,NVR_CMP_02_일반KW,일반KW,논타겟,TXT_할인쿠폰_겨울_A_v1,9366,730,68775,127,39,2160031
2025-01-12,네이버,자체,NVR_CMP_02_일반KW,일반KW,논타겟,TXT_플러스멤버십_겨울_B_v1,11800,987,78121,122,41,2368316
2025-01-12,네이버,자체,NVR_CMP_03_재구매,재구매,VIP,IMG_배송혜택_겨울_A_v1,3285,136,30031,15,8,805852
2025-01-12,네이버,자체,NVR_CMP_03_재구매,재구매,VIP,VID_적립혜택_겨울_B_v1,4044,243,33815,20,15,1113512
2025-01-12,네이버,자체,NVR_CMP_03_재구매,재구매,VIP,CRS_신상품_겨울_v1,4957,238,39424,17,12,1268824
2025-01-12,네이버,자체,NVR_CMP_03_재구매,재구매,윈백,IMG_배송혜택_겨울_A_v1,6208,386,41139,46,26,2359941
2025-01-12,네이버,자체,NVR_CMP_03_재구매,재구매,윈백,VID_적립혜택_겨울_B_v1,6984,515,53994,45,35,3681513
2025-01-12,네이버,자체,NVR_CMP_03_재구매,재구매,윈백,CRS_신상품_겨울_v1,8550,638,57377,69,49,3805466
2025-01-13,구글,외부,GGL_CMP_01_플러스가입,플러스가입,논타겟,VID_플러스멤버십_겨울_A_v1,63223,1650,292857,209,51,2887355
2025-01-13,구글,외부,GGL_CMP_01_플러스가입,플러스가입,논타겟,IMG_플러스멤버십_겨울_B_v1,51751,1284,245713,195,50,2684445
2025-01-13,구글,외부,GGL_CMP_01_플러스가입,플러스가입,논타겟,CRS_플러스멤버십_겨울_v1,63718,1679,382111,209,58,2893215
2025-01-13,구글,외부,GGL_CMP_01_플러스가입,플러스가입,논타겟,IMG_적립혜택_겨울_v2,53267,1374,319490,207,59,3435821
2025-01-13,구글,외부,GGL_CMP_01_플러스가입,플러스가입,유사타겟,VID_플러스멤버십_겨울_A_v1,66738,1308,414327,170,39,2309803
2025-01-13,구글,외부,GGL_CMP_01_플러스가입,플러스가입,유사타겟,IMG_플러스멤버십_겨울_B_v1,50236,1081,261608,132,29,1922831
2025-01-13,구글,외부,GGL_CMP_01_플러스가입,플러스가입,유사타겟,CRS_플러스멤버십_겨울_v1,62378,2016,298191,281,84,5027096
2025-01-13,구글,외부,GGL_CMP_01_플러스가입,플러스가입,유사타겟,IMG_적립혜택_겨울_v2,57517,1181,260151,160,39,2592384
2025-01-13,구글,외부,GGL_CMP_02_리타겟팅,리타겟팅,리마케팅,VID_할인쿠폰_겨울_A_v1,36025,1338,159416,168,70,3666708
2025-01-13,구글,외부,GGL_CMP_02_리타겟팅,리타겟팅,리마케팅,IMG_할인쿠폰_겨울_B_v1,27471,702,165086,70,30,1810984
2025-01-13,구글,외부,GGL_CMP_02_리타겟팅,리타겟팅,리마케팅,CRS_특가_겨울_v1,25717,674,145485,53,22,1019472
2025-01-13,구글,외부,GGL_CMP_03_첫구매,첫구매,논타겟,VID_적립혜택_겨울_A_v1,56956,1413,332335,103,42,2967465
2025-01-13,구글,외부,GGL_CMP_03_첫구매,첫구매,논타겟,IMG_적립혜택_겨울_B_v1,68996,1300,405548,111,39,2265991
2025-01-13,구글,외부,GGL_CMP_03_첫구매,첫구매,논타겟,CRS_할인쿠폰_겨울_v1,58835,1903,316112,134,37,2706538
2025-01-13,구글,외부,GGL_CMP_03_첫구매,첫구매,유사타겟,VID_적립혜택_겨울_A_v1,42208,773,273832,87,41,3001571
2025-01-13,구글,외부,GGL_CMP_03_첫구매,첫구매,유사타겟,IMG_적립혜택_겨울_B_v1,39250,809,219157,59,23,1293161
2025-01-13,구글,외부,GGL_CMP_03_첫구매,첫구매,유사타겟,CRS_할인쿠폰_겨울_v1,39106,1026,229152,67,20,1139828
2025-01-13,메타,외부,META_CMP_01_신규유저,신규유저,논타겟,VID_플러스멤버십_겨울_A_v1,29610,447,112986,37,9,505670
2025-01-13,메타,외부,META_CMP_01_신규유저,신규유저,논타겟,IMG_적립혜택_겨울_B_v1,38993,812,137541,50,13,631794
2025-01-13,메타,외부,META_CMP_01_신규유저,신규유저,논타겟,CRS_플러스멤버십_겨울_v1,29941,411,127232,25,5,200298
2025-01-13,메타,외부,META_CMP_02_룩얼라이크,룩얼라이크,유사타겟,VID_플러스멤버십_겨울_A_v1,54051,973,255336,80,24,1434471
2025-01-13,메타,외부,META_CMP_02_룩얼라이크,룩얼라이크,유사타겟,IMG_할인쿠폰_겨울_B_v1,33223,740,148296,42,9,553090
2025-01-13,메타,외부,META_CMP_02_룩얼라이크,룩얼라이크,유사타겟,CRS_특가_겨울_v1,33249,767,162533,53,13,563708
2025-01-13,메타,외부,META_CMP_03_재구매,재구매,VIP,IMG_배송혜택_겨울_A_v1,11156,293,47301,12,7,605822
2025-01-13,메타,외부,META_CMP_03_재구매,재구매,VIP,VID_적립혜택_겨울_B_v1,13033,387,46383,19,11,860088
2025-01-13,메타,외부,META_CMP_03_재구매,재구매,VIP,CRS_신상품_겨울_v1,12169,358,59167,25,10,799380
2025-01-13,메타,외부,META_CMP_03_재구매,재구매,윈백,IMG_배송혜택_겨울_A_v1,18062,439,67695,20,11,724142
2025-01-13,메타,외부,META_CMP_03_재구매,재구매,윈백,VID_적립혜택_겨울_B_v1,23671,512,113421,28,10,602535
2025-01-13,메타,외부,META_CMP_03_재구매,재구매,윈백,CRS_신상품_겨울_v1,19904,533,99923,34,12,1018928
2025-01-13,네이버,자체,NVR_CMP_01_브랜드KW,브랜드KW,논타겟,TXT_플러스멤버십_겨울_A_v1,8770,1004,67490,174,104,7023198
2025-01-13,네이버,자체,NVR_CMP_02_일반KW,일반KW,논타겟,TXT_할인쿠폰_겨울_A_v1,12790,1269,114063,200,74,5567561
2025-01-13,네이버,자체,NVR_CMP_02_일반KW,일반KW,논타겟,TXT_플러스멤버십_겨울_B_v1,14377,1204,115758,202,56,3283087
2025-01-13,네이버,자체,NVR_CMP_03_재구매,재구매,VIP,IMG_배송혜택_겨울_A_v1,5148,321,33846,31,17,1792775
2025-01-13,네이버,자체,NVR_CMP_03_재구매,재구매,VIP,VID_적립혜택_겨울_B_v1,6818,445,46587,40,27,2084489
2025-01-13,네이버,자체,NVR_CMP_03_재구매,재구매,VIP,CRS_신상품_겨울_v1,4590,299,42700,33,26,1944847
2025-01-13,네이버,자체,NVR_CMP_03_재구매,재구매,윈백,IMG_배송혜택_겨울_A_v1,8374,575,67305,70,45,3868125
2025-01-13,네이버,자체,NVR_CMP_03_재구매,재구매,윈백,VID_적립혜택_겨울_B_v1,7110,507,49574,54,35,2900558
2025-01-13,네이버,자체,NVR_CMP_03_재구매,재구매,윈백,CRS_신상품_겨울_v1,7010,336,58829,27,18,1918167
2025-01-14,구글,외부,GGL_CMP_01_플러스가입,플러스가입,논타겟,VID_플러스멤버십_겨울_A_v1,57932,1569,307175,137,39,1978454
2025-01-14,구글,외부,GGL_CMP_01_플러스가입,플러스가입,논타겟,IMG_플러스멤버십_겨울_B_v1,40114,870,234154,73,23,1433875
2025-01-14,구글,외부,GGL_CMP_01_플러스가입,플러스가입,논타겟,CRS_플러스멤버십_겨울_v1,52259,1159,307210,144,43,2595550
2025-01-14,구글,외부,GGL_CMP_01_플러스가입,플러스가입,논타겟,IMG_적립혜택_겨울_v2,69238,1439,350237,155,38,1742711
2025-01-14,구글,외부,GGL_CMP_01_플러스가입,플러스가입,유사타겟,VID_플러스멤버십_겨울_A_v1,61422,1460,341477,173,52,3163236
2025-01-14,구글,외부,GGL_CMP_01_플러스가입,플러스가입,유사타겟,IMG_플러스멤버십_겨울_B_v1,54460,1667,351515,251,59,3583850
2025-01-14,구글,외부,GGL_CMP_01_플러스가입,플러스가입,유사타겟,CRS_플러스멤버십_겨울_v1,42780,1220,237145,154,41,2006845
2025-01-14,구글,외부,GGL_CMP_01_플러스가입,플러스가입,유사타겟,IMG_적립혜택_겨울_v2,39291,1161,183074,164,52,3716551
2025-01-14,구글,외부,GGL_CMP_02_리타겟팅,리타겟팅,리마케팅,VID_할인쿠폰_겨울_A_v1,23323,669,117072,84,33,1911820
2025-01-14,구글,외부,GGL_CMP_02_리타겟팅,리타겟팅,리마케팅,IMG_할인쿠폰_겨울_B_v1,37443,1401,167148,121,48,2558076
2025-01-14,구글,외부,GGL_CMP_02_리타겟팅,리타겟팅,리마케팅,CRS_특가_겨울_v1,32633,1229,207628,135,54,3540223
2025-01-14,구글,외부,GGL_CMP_03_첫구매,첫구매,논타겟,VID_적립혜택_겨울_A_v1,62423,1387,348255,102,44,3193781
2025-01-14,구글,외부,GGL_CMP_03_첫구매,첫구매,논타겟,IMG_적립혜택_겨울_B_v1,39528,1274,228406,138,56,3370325
2025-01-14,구글,외부,GGL_CMP_03_첫구매,첫구매,논타겟,CRS_할인쿠폰_겨울_v1,48878,878,259567,78,25,1551754
2025-01-14,구글,외부,GGL_CMP_03_첫구매,첫구매,유사타겟,VID_적립혜택_겨울_A_v1,64403,1878,412783,163,45,2835025
2025-01-14,구글,외부,GGL_CMP_03_첫구매,첫구매,유사타겟,IMG_적립혜택_겨울_B_v1,55779,1625,263012,178,82,6295568
2025-01-14,구글,외부,GGL_CMP_03_첫구매,첫구매,유사타겟,CRS_할인쿠폰_겨울_v1,62051,1572,273585,178,77,5111044
2025-01-14,메타,외부,META_CMP_01_신규유저,신규유저,논타겟,VID_플러스멤버십_겨울_A_v1,46006,661,199220,41,11,481756
2025-01-14,메타,외부,META_CMP_01_신규유저,신규유저,논타겟,IMG_적립혜택_겨울_B_v1,32364,413,123621,20,4,192802
2025-01-14,메타,외부,META_CMP_01_신규유저,신규유저,논타겟,CRS_플러스멤버십_겨울_v1,47149,664,177813,34,8,353625
2025-01-14,메타,외부,META_CMP_02_룩얼라이크,룩얼라이크,유사타겟,VID_플러스멤버십_겨울_A_v1,32069,422,130728,26,6,315756
2025-01-14,메타,외부,META_CMP_02_룩얼라이크,룩얼라이크,유사타겟,IMG_할인쿠폰_겨울_B_v1,49999,1014,224349,79,25,1413445
2025-01-14,메타,외부,META_CMP_02_룩얼라이크,룩얼라이크,유사타겟,CRS_특가_겨울_v1,41200,721,185809,62,15,659409
2025-01-14,메타,외부,META_CMP_03_재구매,재구매,VIP,IMG_배송혜택_겨울_A_v1,11784,308,52763,20,12,827883
2025-01-14,메타,외부,META_CMP_03_재구매,재구매,VIP,VID_적립혜택_겨울_B_v1,10111,274,44240,11,4,324919
2025-01-14,메타,외부,META_CMP_03_재구매,재구매,VIP,CRS_신상품_겨울_v1,12847,282,52089,16,8,691862
2025-01-14,메타,외부,META_CMP_03_재구매,재구매,윈백,IMG_배송혜택_겨울_A_v1,24582,552,115110,31,13,988309
2025-01-14,메타,외부,META_CMP_03_재구매,재구매,윈백,VID_적립혜택_겨울_B_v1,22161,507,95127,33,13,1116409
2025-01-14,메타,외부,META_CMP_03_재구매,재구매,윈백,CRS_신상품_겨울_v1,19474,454,87031,19,11,919291
2025-01-14,네이버,자체,NVR_CMP_01_브랜드KW,브랜드KW,논타겟,TXT_플러스멤버십_겨울_A_v1,7105,977,54339,245,105,8168970
2025-01-14,네이버,자체,NVR_CMP_02_일반KW,일반KW,논타겟,TXT_할인쿠폰_겨울_A_v1,15951,1241,152240,175,50,2492584
2025-01-14,네이버,자체,NVR_CMP_02_일반KW,일반KW,논타겟,TXT_플러스멤버십_겨울_B_v1,11611,968,76284,169,77,4676716
2025-01-14,네이버,자체,NVR_CMP_03_재구매,재구매,VIP,IMG_배송혜택_겨울_A_v1,5057,263,38559,23,16,1571071
2025-01-14,네이버,자체,NVR_CMP_03_재구매,재구매,VIP,VID_적립혜택_겨울_B_v1,6501,301,62357,31,16,1160860
2025-01-14,네이버,자체,NVR_CMP_03_재구매,재구매,VIP,CRS_신상품_겨울_v1,6988,306,59085,27,18,1866230
2025-01-14,네이버,자체,NVR_CMP_03_재구매,재구매,윈백,IMG_배송혜택_겨울_A_v1,9281,526,69951,40,29,2741153
2025-01-14,네이버,자체,NVR_CMP_03_재구매,재구매,윈백,VID_적립혜택_겨울_B_v1,9249,497,88146,49,38,2825350
2025-01-14,네이버,자체,NVR_CMP_03_재구매,재구매,윈백,CRS_신상품_겨울_v1,11611,876,103249,82,42,4538617
2025-01-15,구글,외부,GGL_CMP_01_플러스가입,플러스가입,논타겟,VID_플러스멤버십_겨울_A_v1,41076,1220,252856,126,34,1817215
2025-01-15,구글,외부,GGL_CMP_01_플러스가입,플러스가입,논타겟,IMG_플러스멤버십_겨울_B_v1,62715,1642,408480,226,74,3327888
2025-01-15,구글,외부,GGL_CMP_01_플러스가입,플러스가입,논타겟,CRS_플러스멤버십_겨울_v1,40526,1096,193389,93,45,2981008
2025-01-15,구글,외부,GGL_CMP_01_플러스가입,플러스가입,논타겟,IMG_적립혜택_겨울_v2,66597,1587,312446,161,73,3240512
2025-01-15,구글,외부,GGL_CMP_01_플러스가입,플러스가입,유사타겟,VID_플러스멤버십_겨울_A_v1,53239,1734,264851,227,85,5608532
2025-01-15,구글,외부,GGL_CMP_01_플러스가입,플러스가입,유사타겟,IMG_플러스멤버십_겨울_B_v1,69320,1510,380642,228,100,5054355
2025-01-15,구글,외부,GGL_CMP_01_플러스가입,플러스가입,유사타겟,CRS_플러스멤버십_겨울_v1,49887,1488,302418,133,40,2198619
2025-01-15,구글,외부,GGL_CMP_01_플러스가입,플러스가입,유사타겟,IMG_적립혜택_겨울_v2,51033,1576,277829,145,66,2925531
2025-01-15,구글,외부,GGL_CMP_02_리타겟팅,리타겟팅,리마케팅,VID_할인쿠폰_겨울_A_v1,36620,928,235063,108,86,4805173
2025-01-15,구글,외부,GGL_CMP_02_리타겟팅,리타겟팅,리마케팅,IMG_할인쿠폰_겨울_B_v1,25045,957,131750,120,86,5520651
2025-01-15,구글,외부,GGL_CMP_02_리타겟팅,리타겟팅,리마케팅,CRS_특가_겨울_v1,26662,959,156777,124,55,2567769
2025-01-15,구글,외부,GGL_CMP_03_첫구매,첫구매,논타겟,VID_적립혜택_겨울_A_v1,44871,801,206508,91,54,3978322
2025-01-15,구글,외부,GGL_CMP_03_첫구매,첫구매,논타겟,IMG_적립혜택_겨울_B_v1,66762,1298,390162,144,81,6290197
2025-01-15,구글,외부,GGL_CMP_03_첫구매,첫구매,논타겟,CRS_할인쿠폰_겨울_v1,69394,1879,446199,146,76,5755297
2025-01-15,구글,외부,GGL_CMP_03_첫구매,첫구매,유사타겟,VID_적립혜택_겨울_A_v1,64144,1490,329177,98,68,3835615
2025-01-15,구글,외부,GGL_CMP_03_첫구매,첫구매,유사타겟,IMG_적립혜택_겨울_B_v1,44388,1104,209357,115,52,3528770
2025-01-15,구글,외부,GGL_CMP_03_첫구매,첫구매,유사타겟,CRS_할인쿠폰_겨울_v1,57354,1219,308618,135,58,3930668
2025-01-15,메타,외부,META_CMP_01_신규유저,신규유저,논타겟,VID_플러스멤버십_겨울_A_v1,52196,883,220572,78,24,1114130
2025-01-15,메타,외부,META_CMP_01_신규유저,신규유저,논타겟,IMG_적립혜택_겨울_B_v1,29483,607,139578,42,13,751386
2025-01-15,메타,외부,META_CMP_01_신규유저,신규유저,논타겟,CRS_플러스멤버십_겨울_v1,53562,654,228076,58,13,610477
2025-01-15,메타,외부,META_CMP_02_룩얼라이크,룩얼라이크,유사타겟,VID_플러스멤버십_겨울_A_v1,39080,573,176997,54,20,940445
2025-01-15,메타,외부,META_CMP_02_룩얼라이크,룩얼라이크,유사타겟,IMG_할인쿠폰_겨울_B_v1,34265,698,149263,53,13,667852
2025-01-15,메타,외부,META_CMP_02_룩얼라이크,룩얼라이크,유사타겟,CRS_특가_겨울_v1,54495,708,188235,63,16,659783
2025-01-15,메타,외부,META_CMP_03_재구매,재구매,VIP,IMG_배송혜택_겨울_A_v1,15429,284,66858,19,9,526656
2025-01-15,메타,외부,META_CMP_03_재구매,재구매,VIP,VID_적립혜택_겨울_B_v1,14121,257,51533,10,6,482569
2025-01-15,메타,외부,META_CMP_03_재구매,재구매,VIP,CRS_신상품_겨울_v1,9623,224,45253,10,8,544645
2025-01-15,메타,외부,META_CMP_03_재구매,재구매,윈백,IMG_배송혜택_겨울_A_v1,26995,660,96931,44,36,2859770
2025-01-15,메타,외부,META_CMP_03_재구매,재구매,윈백,VID_적립혜택_겨울_B_v1,19930,521,85494,28,24,1323059
2025-01-15,메타,외부,META_CMP_03_재구매,재구매,윈백,CRS_신상품_겨울_v1,14896,345,50209,15,7,529612
2025-01-15,네이버,자체,NVR_CMP_01_브랜드KW,브랜드KW,논타겟,TXT_플러스멤버십_겨울_A_v1,10038,1116,84795,271,188,16271184
2025-01-15,네이버,자체,NVR_CMP_02_일반KW,일반KW,논타겟,TXT_할인쿠폰_겨울_A_v1,16004,1395,142504,197,74,4210955
2025-01-15,네이버,자체,NVR_CMP_02_일반KW,일반KW,논타겟,TXT_플러스멤버십_겨울_B_v1,14574,1208,103500,219,129,7503829
2025-01-15,네이버,자체,NVR_CMP_03_재구매,재구매,VIP,IMG_배송혜택_겨울_A_v1,5317,250,45431,17,18,1472612
2025-01-15,네이버,자체,NVR_CMP_03_재구매,재구매,VIP,VID_적립혜택_겨울_B_v1,3920,262,36689,20,22,1990816
2025-01-15,네이버,자체,NVR_CMP_03_재구매,재구매,VIP,CRS_신상품_겨울_v1,4836,231,41425,19,21,1755476
2025-01-15,네이버,자체,NVR_CMP_03_재구매,재구매,윈백,IMG_배송혜택_겨울_A_v1,7491,430,59554,50,38,4168991
2025-01-15,네이버,자체,NVR_CMP_03_재구매,재구매,윈백,VID_적립혜택_겨울_B_v1,9712,730,68441,54,59,4249704
2025-01-15,네이버,자체,NVR_CMP_03_재구매,재구매,윈백,CRS_신상품_겨울_v1,8155,587,67944,66,70,6718622
2025-01-16,구글,외부,GGL_CMP_01_플러스가입,플러스가입,논타겟,VID_플러스멤버십_겨울_A_v1,66780,1824,440111,225,73,3772435
2025-01-16,구글,외부,GGL_CMP_01_플러스가입,플러스가입,논타겟,IMG_플러스멤버십_겨울_B_v1,57622,1957,328555,180,50,2206981
2025-01-16,구글,외부,GGL_CMP_01_플러스가입,플러스가입,논타겟,CRS_플러스멤버십_겨울_v1,39609,1109,216043,152,48,2709222
2025-01-16,구글,외부,GGL_CMP_01_플러스가입,플러스가입,논타겟,IMG_적립혜택_겨울_v2,69847,1497,352779,190,38,2173373
2025-01-16,구글,외부,GGL_CMP_01_플러스가입,플러스가입,유사타겟,VID_플러스멤버십_겨울_A_v1,39305,1051,239683,150,38,2497402
2025-01-16,구글,외부,GGL_CMP_01_플러스가입,플러스가입,유사타겟,IMG_플러스멤버십_겨울_B_v1,40833,1387,209571,116,29,1491157
2025-01-16,구글,외부,GGL_CMP_01_플러스가입,플러스가입,유사타겟,CRS_플러스멤버십_겨울_v1,41171,1390,247795,119,40,2502118
2025-01-16,구글,외부,GGL_CMP_01_플러스가입,플러스가입,유사타겟,IMG_적립혜택_겨울_v2,50563,1119,284636,96,29,1439258
2025-01-16,구글,외부,GGL_CMP_02_리타겟팅,리타겟팅,리마케팅,VID_할인쿠폰_겨울_A_v1,41695,1529,271436,136,70,3513966
2025-01-16,구글,외부,GGL_CMP_02_리타겟팅,리타겟팅,리마케팅,IMG_할인쿠폰_겨울_B_v1,24354,773,133209,84,29,1842085
2025-01-16,구글,외부,GGL_CMP_02_리타겟팅,리타겟팅,리마케팅,CRS_특가_겨울_v1,38938,1727,240612,235,78,5345132
2025-01-16,구글,외부,GGL_CMP_03_첫구매,첫구매,논타겟,VID_적립혜택_겨울_A_v1,70068,1341,350836,134,52,3893164
2025-01-16,구글,외부,GGL_CMP_03_첫구매,첫구매,논타겟,IMG_적립혜택_겨울_B_v1,56367,1098,291008,95,40,2288735
2025-01-16,구글,외부,GGL_CMP_03_첫구매,첫구매,논타겟,CRS_할인쿠폰_겨울_v1,59774,1415,308084,138,48,3184754
2025-01-16,구글,외부,GGL_CMP_03_첫구매,첫구매,유사타겟,VID_적립혜택_겨울_A_v1,42854,1257,204749,96,37,2877282
2025-01-16,구글,외부,GGL_CMP_03_첫구매,첫구매,유사타겟,IMG_적립혜택_겨울_B_v1,43989,1379,262438,108,54,3984648
2025-01-16,구글,외부,GGL_CMP_03_첫구매,첫구매,유사타겟,CRS_할인쿠폰_겨울_v1,39857,886,186461,68,21,1373720
2025-01-16,메타,외부,META_CMP_01_신규유저,신규유저,논타겟,VID_플러스멤버십_겨울_A_v1,43004,555,166280,48,10,478667
2025-01-16,메타,외부,META_CMP_01_신규유저,신규유저,논타겟,IMG_적립혜택_겨울_B_v1,48010,999,188034,78,17,732497
2025-01-16,메타,외부,META_CMP_01_신규유저,신규유저,논타겟,CRS_플러스멤버십_겨울_v1,43643,879,179056,68,17,969067
2025-01-16,메타,외부,META_CMP_02_룩얼라이크,룩얼라이크,유사타겟,VID_플러스멤버십_겨울_A_v1,50590,881,177842,49,13,681230
2025-01-16,메타,외부,META_CMP_02_룩얼라이크,룩얼라이크,유사타겟,IMG_할인쿠폰_겨울_B_v1,42967,748,192845,43,10,430668
2025-01-16,메타,외부,META_CMP_02_룩얼라이크,룩얼라이크,유사타겟,CRS_특가_겨울_v1,38498,546,184574,38,8,361852
2025-01-16,메타,외부,META_CMP_03_재구매,재구매,VIP,IMG_배송혜택_겨울_A_v1,14322,323,72005,21,9,727475
2025-01-16,메타,외부,META_CMP_03_재구매,재구매,VIP,VID_적립혜택_겨울_B_v1,13259,233,49179,12,7,608377
2025-01-16,메타,외부,META_CMP_03_재구매,재구매,VIP,CRS_신상품_겨울_v1,11915,348,48332,20,11,870498
2025-01-16,메타,외부,META_CMP_03_재구매,재구매,윈백,IMG_배송혜택_겨울_A_v1,15232,426,72536,21,10,693319
2025-01-16,메타,외부,META_CMP_03_재구매,재구매,윈백,VID_적립혜택_겨울_B_v1,25211,580,112401,40,19,1335460
2025-01-16,메타,외부,META_CMP_03_재구매,재구매,윈백,CRS_신상품_겨울_v1,27228,471,125591,27,14,1161109
2025-01-16,네이버,자체,NVR_CMP_01_브랜드KW,브랜드KW,논타겟,TXT_플러스멤버십_겨울_A_v1,9067,1279,82554,244,94,6153345
2025-01-16,네이버,자체,NVR_CMP_02_일반KW,일반KW,논타겟,TXT_할인쿠폰_겨울_A_v1,11991,1211,90402,165,64,5032052
2025-01-16,네이버,자체,NVR_CMP_02_일반KW,일반KW,논타겟,TXT_플러스멤버십_겨울_B_v1,14509,1206,133364,225,96,5657591
2025-01-16,네이버,자체,NVR_CMP_03_재구매,재구매,VIP,IMG_배송혜택_겨울_A_v1,6447,266,51951,23,15,1263143
2025-01-16,네이버,자체,NVR_CMP_03_재구매,재구매,VIP,VID_적립혜택_겨울_B_v1,4390,317,36713,36,25,2313323
2025-01-16,네이버,자체,NVR_CMP_03_재구매,재구매,VIP,CRS_신상품_겨울_v1,4027,280,37672,26,16,1362807
2025-01-16,네이버,자체,NVR_CMP_03_재구매,재구매,윈백,IMG_배송혜택_겨울_A_v1,8147,536,52891,61,35,3731902
2025-01-16,네이버,자체,NVR_CMP_03_재구매,재구매,윈백,VID_적립혜택_겨울_B_v1,6724,438,59903,31,25,2557707
2025-01-16,네이버,자체,NVR_CMP_03_재구매,재구매,윈백,CRS_신상품_겨울_v1,6620,298,47728,21,16,1634999
2025-01-17,구글,외부,GGL_CMP_01_플러스가입,플러스가입,논타겟,VID_플러스멤버십_겨울_A_v1,44597,1117,205133,157,53,3714863
2025-01-17,구글,외부,GGL_CMP_01_플러스가입,플러스가입,논타겟,IMG_플러스멤버십_겨울_B_v1,46480,1332,214646,163,31,1548990
2025-01-17,구글,외부,GGL_CMP_01_플러스가입,플러스가입,논타겟,CRS_플러스멤버십_겨울_v1,70628,1474,344017,172,52,2812042
2025-01-17,구글,외부,GGL_CMP_01_플러스가입,플러스가입,논타겟,IMG_적립혜택_겨울_v2,50209,1281,244588,125,25,1776921
2025-01-17,구글,외부,GGL_CMP_01_플러스가입,플러스가입,유사타겟,VID_플러스멤버십_겨울_A_v1,61756,1756,277244,184,38,1968373
2025-01-17,구글,외부,GGL_CMP_01_플러스가입,플러스가입,유사타겟,IMG_플러스멤버십_겨울_B_v1,56779,1365,356675,129,25,1678227
2025-01-17,구글,외부,GGL_CMP_01_플러스가입,플러스가입,유사타겟,CRS_플러스멤버십_겨울_v1,54724,1148,293525,147,29,1390335
2025-01-17,구글,외부,GGL_CMP_01_플러스가입,플러스가입,유사타겟,IMG_적립혜택_겨울_v2,70769,1437,463215,151,43,3063457
2025-01-17,구글,외부,GGL_CMP_02_리타겟팅,리타겟팅,리마케팅,VID_할인쿠폰_겨울_A_v1,37227,1366,186155,173,84,4620544
2025-01-17,구글,외부,GGL_CMP_02_리타겟팅,리타겟팅,리마케팅,IMG_할인쿠폰_겨울_B_v1,28622,1162,132740,106,47,2880169
2025-01-17,구글,외부,GGL_CMP_02_리타겟팅,리타겟팅,리마케팅,CRS_특가_겨울_v1,36526,1640,191462,196,69,4216181
2025-01-17,구글,외부,GGL_CMP_03_첫구매,첫구매,논타겟,VID_적립혜택_겨울_A_v1,64660,1327,378688,118,39,2292980
2025-01-17,구글,외부,GGL_CMP_03_첫구매,첫구매,논타겟,IMG_적립혜택_겨울_B_v1,52703,1645,276374,131,47,2928316
2025-01-17,구글,외부,GGL_CMP_03_첫구매,첫구매,논타겟,CRS_할인쿠폰_겨울_v1,61799,1537,290200,156,60,3102528
2025-01-17,구글,외부,GGL_CMP_03_첫구매,첫구매,유사타겟,VID_적립혜택_겨울_A_v1,54205,1643,298925,138,53,4121748
2025-01-17,구글,외부,GGL_CMP_03_첫구매,첫구매,유사타겟,IMG_적립혜택_겨울_B_v1,39428,716,246080,58,25,1230343
2025-01-17,구글,외부,GGL_CMP_03_첫구매,첫구매,유사타겟,CRS_할인쿠폰_겨울_v1,50293,1145,294452,87,36,2387666
2025-01-17,메타,외부,META_CMP_01_신규유저,신규유저,논타겟,VID_플러스멤버십_겨울_A_v1,29896,433,123600,36,8,456257
2025-01-17,메타,외부,META_CMP_01_신규유저,신규유저,논타겟,IMG_적립혜택_겨울_B_v1,38918,588,168198,48,8,414980
2025-01-17,메타,외부,META_CMP_01_신규유저,신규유저,논타겟,CRS_플러스멤버십_겨울_v1,44893,667,183723,46,12,653124
2025-01-17,메타,외부,META_CMP_02_룩얼라이크,룩얼라이크,유사타겟,VID_플러스멤버십_겨울_A_v1,54504,923,203817,81,15,879907
2025-01-17,메타,외부,META_CMP_02_룩얼라이크,룩얼라이크,유사타겟,IMG_할인쿠폰_겨울_B_v1,41376,615,194330,51,11,634689
2025-01-17,메타,외부,META_CMP_02_룩얼라이크,룩얼라이크,유사타겟,CRS_특가_겨울_v1,45149,789,209608,49,8,442239
2025-01-17,메타,외부,META_CMP_03_재구매,재구매,VIP,IMG_배송혜택_겨울_A_v1,14431,331,71209,18,9,716421
2025-01-17,메타,외부,META_CMP_03_재구매,재구매,VIP,VID_적립혜택_겨울_B_v1,11573,213,41811,13,5,341945
2025-01-17,메타,외부,META_CMP_03_재구매,재구매,VIP,CRS_신상품_겨울_v1,11938,333,53069,15,7,471779
2025-01-17,메타,외부,META_CMP_03_재구매,재구매,윈백,IMG_배송혜택_겨울_A_v1,20548,498,84097,30,10,591144
2025-01-17,메타,외부,META_CMP_03_재구매,재구매,윈백,VID_적립혜택_겨울_B_v1,16917,479,84232,26,9,743778
2025-01-17,메타,외부,META_CMP_03_재구매,재구매,윈백,CRS_신상품_겨울_v1,19828,425,88522,17,10,780942
2025-01-17,네이버,자체,NVR_CMP_01_브랜드KW,브랜드KW,논타겟,TXT_플러스멤버십_겨울_A_v1,9118,1473,86064,445,198,16775285
2025-01-17,네이버,자체,NVR_CMP_02_일반KW,일반KW,논타겟,TXT_할인쿠폰_겨울_A_v1,13237,1001,116417,131,48,2595485
2025-01-17,네이버,자체,NVR_CMP_02_일반KW,일반KW,논타겟,TXT_플러스멤버십_겨울_B_v1,13276,1069,100885,211,72,4517079
2025-01-17,네이버,자체,NVR_CMP_03_재구매,재구매,VIP,IMG_배송혜택_겨울_A_v1,4956,327,44745,22,19,1818914
2025-01-17,네이버,자체,NVR_CMP_03_재구매,재구매,VIP,VID_적립혜택_겨울_B_v1,6335,312,51749,26,23,1959321
2025-01-17,네이버,자체,NVR_CMP_03_재구매,재구매,VIP,CRS_신상품_겨울_v1,5038,367,38579,45,26,1907278
2025-01-17,네이버,자체,NVR_CMP_03_재구매,재구매,윈백,IMG_배송혜택_겨울_A_v1,11245,709,103615,78,51,3616433
2025-01-17,네이버,자체,NVR_CMP_03_재구매,재구매,윈백,VID_적립혜택_겨울_B_v1,8529,601,74165,70,58,6102701
2025-01-17,네이버,자체,NVR_CMP_03_재구매,재구매,윈백,CRS_신상품_겨울_v1,10692,714,83937,49,25,2432127
2025-01-18,구글,외부,GGL_CMP_01_플러스가입,플러스가입,논타겟,VID_플러스멤버십_겨울_A_v1,44425,1085,203507,100,27,1907975
2025-01-18,구글,외부,GGL_CMP_01_플러스가입,플러스가입,논타겟,IMG_플러스멤버십_겨울_B_v1,48492,1189,264398,158,36,2264592
2025-01-18,구글,외부,GGL_CMP_01_플러스가입,플러스가입,논타겟,CRS_플러스멤버십_겨울_v1,33376,1125,216225,161,36,2522628
2025-01-18,구글,외부,GGL_CMP_01_플러스가입,플러스가입,논타겟,IMG_적립혜택_겨울_v2,52984,1193,314872,111,28,1562255
2025-01-18,구글,외부,GGL_CMP_01_플러스가입,플러스가입,유사타겟,VID_플러스멤버십_겨울_A_v1,31779,988,170251,144,37,2313398
2025-01-18,구글,외부,GGL_CMP_01_플러스가입,플러스가입,유사타겟,IMG_플러스멤버십_겨울_B_v1,48232,1157,264657,105,34,2057077
2025-01-18,구글,외부,GGL_CMP_01_플러스가입,플러스가입,유사타겟,CRS_플러스멤버십_겨울_v1,38985,844,196423,84,24,1654836
2025-01-18,구글,외부,GGL_CMP_01_플러스가입,플러스가입,유사타겟,IMG_적립혜택_겨울_v2,32171,790,190602,102,31,1967956
2025-01-18,구글,외부,GGL_CMP_02_리타겟팅,리타겟팅,리마케팅,VID_할인쿠폰_겨울_A_v1,22268,655,142473,91,51,3600511
2025-01-18,구글,외부,GGL_CMP_02_리타겟팅,리타겟팅,리마케팅,IMG_할인쿠폰_겨울_B_v1,26526,818,139748,81,46,2731843
2025-01-18,구글,외부,GGL_CMP_02_리타겟팅,리타겟팅,리마케팅,CRS_특가_겨울_v1,30361,827,154783,90,31,1463607
2025-01-18,구글,외부,GGL_CMP_03_첫구매,첫구매,논타겟,VID_적립혜택_겨울_A_v1,47383,1487,237978,164,68,4857736
2025-01-18,구글,외부,GGL_CMP_03_첫구매,첫구매,논타겟,IMG_적립혜택_겨울_B_v1,53490,1548,253157,168,71,5150777
2025-01-18,구글,외부,GGL_CMP_03_첫구매,첫구매,논타겟,CRS_할인쿠폰_겨울_v1,35315,991,189294,115,56,2779501
2025-01-18,구글,외부,GGL_CMP_03_첫구매,첫구매,유사타겟,VID_적립혜택_겨울_A_v1,49809,1519,232710,103,49,2639375
2025-01-18,구글,외부,GGL_CMP_03_첫구매,첫구매,유사타겟,IMG_적립혜택_겨울_B_v1,43370,1138,283535,104,42,2561860
2025-01-18,구글,외부,GGL_CMP_03_첫구매,첫구매,유사타겟,CRS_할인쿠폰_겨울_v1,29517,818,174074,68,27,2083708
2025-01-18,메타,외부,META_CMP_01_신규유저,신규유저,논타겟,VID_플러스멤버십_겨울_A_v1,34515,543,171358,40,6,351544
2025-01-18,메타,외부,META_CMP_01_신규유저,신규유저,논타겟,IMG_적립혜택_겨울_B_v1,35928,741,155072,42,6,306930
2025-01-18,메타,외부,META_CMP_01_신규유저,신규유저,논타겟,CRS_플러스멤버십_겨울_v1,29258,445,107057,39,10,385134
2025-01-18,메타,외부,META_CMP_02_룩얼라이크,룩얼라이크,유사타겟,VID_플러스멤버십_겨울_A_v1,36273,713,129227,54,12,693029
2025-01-18,메타,외부,META_CMP_02_룩얼라이크,룩얼라이크,유사타겟,IMG_할인쿠폰_겨울_B_v1,37775,685,157996,64,15,778700
2025-01-18,메타,외부,META_CMP_02_룩얼라이크,룩얼라이크,유사타겟,CRS_특가_겨울_v1,30254,520,103709,36,8,350252
2025-01-18,메타,외부,META_CMP_03_재구매,재구매,VIP,IMG_배송혜택_겨울_A_v1,9589,196,39265,13,6,352519
2025-01-18,메타,외부,META_CMP_03_재구매,재구매,VIP,VID_적립혜택_겨울_B_v1,8290,141,28920,5,1,68037
2025-01-18,메타,외부,META_CMP_03_재구매,재구매,VIP,CRS_신상품_겨울_v1,8060,141,33899,6,3,179378
2025-01-18,메타,외부,META_CMP_03_재구매,재구매,윈백,IMG_배송혜택_겨울_A_v1,13837,340,57069,20,10,626664
2025-01-18,메타,외부,META_CMP_03_재구매,재구매,윈백,VID_적립혜택_겨울_B_v1,18084,449,87243,19,9,485608
2025-01-18,메타,외부,META_CMP_03_재구매,재구매,윈백,CRS_신상품_겨울_v1,19234,575,84075,31,16,1383740
2025-01-18,네이버,자체,NVR_CMP_01_브랜드KW,브랜드KW,논타겟,TXT_플러스멤버십_겨울_A_v1,5950,622,38344,114,42,3681499
2025-01-18,네이버,자체,NVR_CMP_02_일반KW,일반KW,논타겟,TXT_할인쿠폰_겨울_A_v1,9085,791,81111,100,33,2110884
2025-01-18,네이버,자체,NVR_CMP_02_일반KW,일반KW,논타겟,TXT_플러스멤버십_겨울_B_v1,10598,1097,83817,208,84,4690685
2025-01-18,네이버,자체,NVR_CMP_03_재구매,재구매,VIP,IMG_배송혜택_겨울_A_v1,4366,288,41627,33,26,2477785
2025-01-18,네이버,자체,NVR_CMP_03_재구매,재구매,VIP,VID_적립혜택_겨울_B_v1,4271,266,36610,30,20,2008804
2025-01-18,네이버,자체,NVR_CMP_03_재구매,재구매,VIP,CRS_신상품_겨울_v1,5004,278,39605,26,22,1858770
2025-01-18,네이버,자체,NVR_CMP_03_재구매,재구매,윈백,IMG_배송혜택_겨울_A_v1,6117,300,43449,35,22,2102565
2025-01-18,네이버,자체,NVR_CMP_03_재구매,재구매,윈백,VID_적립혜택_겨울_B_v1,7606,567,68955,60,47,4887305
2025-01-18,네이버,자체,NVR_CMP_03_재구매,재구매,윈백,CRS_신상품_겨울_v1,7759,499,52863,39,29,2140757
2025-01-19,구글,외부,GGL_CMP_01_플러스가입,플러스가입,논타겟,VID_플러스멤버십_겨울_A_v1,30039,587,190387,62,13,867991
2025-01-19,구글,외부,GGL_CMP_01_플러스가입,플러스가입,논타겟,IMG_플러스멤버십_겨울_B_v1,44159,937,216070,93,22,1182920
2025-01-19,구글,외부,GGL_CMP_01_플러스가입,플러스가입,논타겟,CRS_플러스멤버십_겨울_v1,45955,1275,269888,167,56,3138253
2025-01-19,구글,외부,GGL_CMP_01_플러스가입,플러스가입,논타겟,IMG_적립혜택_겨울_v2,43986,1414,285216,197,38,1782154
2025-01-19,구글,외부,GGL_CMP_01_플러스가입,플러스가입,유사타겟,VID_플러스멤버십_겨울_A_v1,36105,958,199046,127,26,1606671
2025-01-19,구글,외부,GGL_CMP_01_플러스가입,플러스가입,유사타겟,IMG_플러스멤버십_겨울_B_v1,39164,1250,193458,173,42,2431301
2025-01-19,구글,외부,GGL_CMP_01_플러스가입,플러스가입,유사타겟,CRS_플러스멤버십_겨울_v1,45333,986,274614,109,24,1585167
2025-01-19,구글,외부,GGL_CMP_01_플러스가입,플러스가입,유사타겟,IMG_적립혜택_겨울_v2,48541,1224,216759,112,21,1389607
2025-01-19,구글,외부,GGL_CMP_02_리타겟팅,리타겟팅,리마케팅,VID_할인쿠폰_겨울_A_v1,19765,509,119978,60,29,1995752
2025-01-19,구글,외부,GGL_CMP_02_리타겟팅,리타겟팅,리마케팅,IMG_할인쿠폰_겨울_B_v1,25043,769,132337,92,42,2199493
2025-01-19,구글,외부,GGL_CMP_02_리타겟팅,리타겟팅,리마케팅,CRS_특가_겨울_v1,25162,1102,149479,115,42,2476811
2025-01-19,구글,외부,GGL_CMP_03_첫구매,첫구매,논타겟,VID_적립혜택_겨울_A_v1,48218,1136,233088,90,25,1462960
2025-01-19,구글,외부,GGL_CMP_03_첫구매,첫구매,논타겟,IMG_적립혜택_겨울_B_v1,35902,678,201551,61,27,1437502
2025-01-19,구글,외부,GGL_CMP_03_첫구매,첫구매,논타겟,CRS_할인쿠폰_겨울_v1,48035,1364,315652,94,26,1551747
2025-01-19,구글,외부,GGL_CMP_03_첫구매,첫구매,유사타겟,VID_적립혜택_겨울_A_v1,31962,702,192446,61,30,2182889
2025-01-19,구글,외부,GGL_CMP_03_첫구매,첫구매,유사타겟,IMG_적립혜택_겨울_B_v1,42073,1112,217549,87,39,2730949
2025-01-19,구글,외부,GGL_CMP_03_첫구매,첫구매,유사타겟,CRS_할인쿠폰_겨울_v1,36989,970,229711,80,23,1608323
2025-01-19,메타,외부,META_CMP_01_신규유저,신규유저,논타겟,VID_플러스멤버십_겨울_A_v1,31051,486,123596,34,8,386495
2025-01-19,메타,외부,META_CMP_01_신규유저,신규유저,논타겟,IMG_적립혜택_겨울_B_v1,30367,619,127008,55,14,556795
2025-01-19,메타,외부,META_CMP_01_신규유저,신규유저,논타겟,CRS_플러스멤버십_겨울_v1,38365,479,142612,32,8,464038
2025-01-19,메타,외부,META_CMP_02_룩얼라이크,룩얼라이크,유사타겟,VID_플러스멤버십_겨울_A_v1,24334,456,83409,27,6,373106
2025-01-19,메타,외부,META_CMP_02_룩얼라이크,룩얼라이크,유사타겟,IMG_할인쿠폰_겨울_B_v1,33193,435,161396,41,8,464472
2025-01-19,메타,외부,META_CMP_02_룩얼라이크,룩얼라이크,유사타겟,CRS_특가_겨울_v1,29942,562,129064,53,15,747081
2025-01-19,메타,외부,META_CMP_03_재구매,재구매,VIP,IMG_배송혜택_겨울_A_v1,9228,209,37968,14,6,483802
2025-01-19,메타,외부,META_CMP_03_재구매,재구매,VIP,VID_적립혜택_겨울_B_v1,9682,288,47009,18,9,745704
2025-01-19,메타,외부,META_CMP_03_재구매,재구매,VIP,CRS_신상품_겨울_v1,9796,177,42120,8,4,292569
2025-01-19,메타,외부,META_CMP_03_재구매,재구매,윈백,IMG_배송혜택_겨울_A_v1,19500,352,96189,15,5,400975
2025-01-19,메타,외부,META_CMP_03_재구매,재구매,윈백,VID_적립혜택_겨울_B_v1,18650,464,75253,18,10,545416
2025-01-19,메타,외부,META_CMP_03_재구매,재구매,윈백,CRS_신상품_겨울_v1,13455,242,47454,10,3,187039
2025-01-19,네이버,자체,NVR_CMP_01_브랜드KW,브랜드KW,논타겟,TXT_플러스멤버십_겨울_A_v1,7213,871,46790,153,75,4910506
2025-01-19,네이버,자체,NVR_CMP_02_일반KW,일반KW,논타겟,TXT_할인쿠폰_겨울_A_v1,7300,485,64290,79,30,2187722
2025-01-19,네이버,자체,NVR_CMP_02_일반KW,일반KW,논타겟,TXT_플러스멤버십_겨울_B_v1,8923,715,68743,93,44,2549533
2025-01-19,네이버,자체,NVR_CMP_03_재구매,재구매,VIP,IMG_배송혜택_겨울_A_v1,4743,244,36529,17,12,939240
2025-01-19,네이버,자체,NVR_CMP_03_재구매,재구매,VIP,VID_적립혜택_겨울_B_v1,4141,231,38581,21,10,896058
2025-01-19,네이버,자체,NVR_CMP_03_재구매,재구매,VIP,CRS_신상품_겨울_v1,5103,295,42422,34,22,1863213
2025-01-19,네이버,자체,NVR_CMP_03_재구매,재구매,윈백,IMG_배송혜택_겨울_A_v1,7718,468,56820,42,22,1661018
2025-01-19,네이버,자체,NVR_CMP_03_재구매,재구매,윈백,VID_적립혜택_겨울_B_v1,8602,448,73829,38,22,2246352
2025-01-19,네이버,자체,NVR_CMP_03_재구매,재구매,윈백,CRS_신상품_겨울_v1,6587,408,42491,43,32,2224923
2025-01-20,구글,외부,GGL_CMP_01_플러스가입,플러스가입,논타겟,VID_플러스멤버십_겨울_A_v1,68043,2099,413526,251,79,4886163
2025-01-20,구글,외부,GGL_CMP_01_플러스가입,플러스가입,논타겟,IMG_플러스멤버십_겨울_B_v1,60684,1521,375520,212,52,2541376
2025-01-20,구글,외부,GGL_CMP_01_플러스가입,플러스가입,논타겟,CRS_플러스멤버십_겨울_v1,69396,1844,339162,153,35,2426846
2025-01-20,구글,외부,GGL_CMP_01_플러스가입,플러스가입,논타겟,IMG_적립혜택_겨울_v2,62187,1437,341181,154,36,2479462
2025-01-20,구글,외부,GGL_CMP_01_플러스가입,플러스가입,유사타겟,VID_플러스멤버십_겨울_A_v1,51570,1732,291475,201,55,3418005
2025-01-20,구글,외부,GGL_CMP_01_플러스가입,플러스가입,유사타겟,IMG_플러스멤버십_겨울_B_v1,42732,868,212428,105,23,1342848
2025-01-20,구글,외부,GGL_CMP_01_플러스가입,플러스가입,유사타겟,CRS_플러스멤버십_겨울_v1,61368,1720,304166,208,54,3768767
2025-01-20,구글,외부,GGL_CMP_01_플러스가입,플러스가입,유사타겟,IMG_적립혜택_겨울_v2,52774,1882,264022,243,64,3452190
2025-01-20,구글,외부,GGL_CMP_02_리타겟팅,리타겟팅,리마케팅,VID_할인쿠폰_겨울_A_v1,31417,1065,138591,93,31,1851476
2025-01-20,구글,외부,GGL_CMP_02_리타겟팅,리타겟팅,리마케팅,IMG_할인쿠폰_겨울_B_v1,24573,731,117013,69,33,1539778
2025-01-20,구글,외부,GGL_CMP_02_리타겟팅,리타겟팅,리마케팅,CRS_특가_겨울_v1,29719,884,137814,80,32,1455900
2025-01-20,구글,외부,GGL_CMP_03_첫구매,첫구매,논타겟,VID_적립혜택_겨울_A_v1,58945,1707,340453,160,46,2310845
2025-01-20,구글,외부,GGL_CMP_03_첫구매,첫구매,논타겟,IMG_적립혜택_겨울_B_v1,42708,1336,229437,105,44,2217166
2025-01-20,구글,외부,GGL_CMP_03_첫구매,첫구매,논타겟,CRS_할인쿠폰_겨울_v1,41662,1199,204679,114,48,2338600
2025-01-20,구글,외부,GGL_CMP_03_첫구매,첫구매,유사타겟,VID_적립혜택_겨울_A_v1,49707,1568,304328,137,47,2548460
2025-01-20,구글,외부,GGL_CMP_03_첫구매,첫구매,유사타겟,IMG_적립혜택_겨울_B_v1,44889,1171,260455,89,33,2320554
2025-01-20,구글,외부,GGL_CMP_03_첫구매,첫구매,유사타겟,CRS_할인쿠폰_겨울_v1,48785,1172,317660,121,41,3082296
2025-01-20,메타,외부,META_CMP_01_신규유저,신규유저,논타겟,VID_플러스멤버십_겨울_A_v1,38694,441,168134,34,5,240210
2025-01-20,메타,외부,META_CMP_01_신규유저,신규유저,논타겟,IMG_적립혜택_겨울_B_v1,34449,694,161195,43,10,523210
2025-01-20,메타,외부,META_CMP_01_신규유저,신규유저,논타겟,CRS_플러스멤버십_겨울_v1,53669,930,218079,51,11,599209
2025-01-20,메타,외부,META_CMP_02_룩얼라이크,룩얼라이크,유사타겟,VID_플러스멤버십_겨울_A_v1,35202,680,132414,59,18,834414
2025-01-20,메타,외부,META_CMP_02_룩얼라이크,룩얼라이크,유사타겟,IMG_할인쿠폰_겨울_B_v1,38542,516,131445,30,6,258394
2025-01-20,메타,외부,META_CMP_02_룩얼라이크,룩얼라이크,유사타겟,CRS_특가_겨울_v1,34385,497,166679,43,9,465373
2025-01-20,메타,외부,META_CMP_03_재구매,재구매,VIP,IMG_배송혜택_겨울_A_v1,8978,232,35881,15,5,426067
2025-01-20,메타,외부,META_CMP_03_재구매,재구매,VIP,VID_적립혜택_겨울_B_v1,15935,479,80251,32,19,1063177
2025-01-20,메타,외부,META_CMP_03_재구매,재구매,VIP,CRS_신상품_겨울_v1,11679,252,51005,18,7,387185
2025-01-20,메타,외부,META_CMP_03_재구매,재구매,윈백,IMG_배송혜택_겨울_A_v1,18828,322,88428,22,13,1121870
2025-01-20,메타,외부,META_CMP_03_재구매,재구매,윈백,VID_적립혜택_겨울_B_v1,23060,398,97186,25,13,921280
2025-01-20,메타,외부,META_CMP_03_재구매,재구매,윈백,CRS_신상품_겨울_v1,23450,619,98285,29,13,1101253
2025-01-20,네이버,자체,NVR_CMP_01_브랜드KW,브랜드KW,논타겟,TXT_플러스멤버십_겨울_A_v1,10961,1387,80883,410,224,19367154
2025-01-20,네이버,자체,NVR_CMP_02_일반KW,일반KW,논타겟,TXT_할인쿠폰_겨울_A_v1,12180,898,100713,137,56,3517313
2025-01-20,네이버,자체,NVR_CMP_02_일반KW,일반KW,논타겟,TXT_플러스멤버십_겨울_B_v1,11710,766,83705,129,45,2346973
2025-01-20,네이버,자체,NVR_CMP_03_재구매,재구매,VIP,IMG_배송혜택_겨울_A_v1,6782,301,44953,20,11,857718
2025-01-20,네이버,자체,NVR_CMP_03_재구매,재구매,VIP,VID_적립혜택_겨울_B_v1,4669,306,44792,38,30,3046446
2025-01-20,네이버,자체,NVR_CMP_03_재구매,재구매,VIP,CRS_신상품_겨울_v1,6317,348,48631,35,26,2338049
2025-01-20,네이버,자체,NVR_CMP_03_재구매,재구매,윈백,IMG_배송혜택_겨울_A_v1,7525,506,59584,49,40,4092830
2025-01-20,네이버,자체,NVR_CMP_03_재구매,재구매,윈백,VID_적립혜택_겨울_B_v1,7314,497,63145,39,26,2435591
2025-01-20,네이버,자체,NVR_CMP_03_재구매,재구매,윈백,CRS_신상품_겨울_v1,6352,440,57611,38,25,2480052
2025-01-21,구글,외부,GGL_CMP_01_플러스가입,플러스가입,논타겟,VID_플러스멤버십_겨울_A_v1,39266,1264,252430,117,40,2123275
2025-01-21,구글,외부,GGL_CMP_01_플러스가입,플러스가입,논타겟,IMG_플러스멤버십_겨울_B_v1,70845,1602,372602,191,41,1926489
2025-01-21,구글,외부,GGL_CMP_01_플러스가입,플러스가입,논타겟,CRS_플러스멤버십_겨울_v1,41942,1190,187503,155,41,2014495
2025-01-21,구글,외부,GGL_CMP_01_플러스가입,플러스가입,논타겟,IMG_적립혜택_겨울_v2,60265,1229,272783,145,31,2096900
2025-01-21,구글,외부,GGL_CMP_01_플러스가입,플러스가입,유사타겟,VID_플러스멤버십_겨울_A_v1,54282,1106,352899,157,32,1588995
2025-01-21,구글,외부,GGL_CMP_01_플러스가입,플러스가입,유사타겟,IMG_플러스멤버십_겨울_B_v1,69492,2011,382584,261,60,2652281
2025-01-21,구글,외부,GGL_CMP_01_플러스가입,플러스가입,유사타겟,CRS_플러스멤버십_겨울_v1,55853,1914,353791,218,61,3920805
2025-01-21,구글,외부,GGL_CMP_01_플러스가입,플러스가입,유사타겟,IMG_적립혜택_겨울_v2,61984,1497,356325,207,44,2237453
2025-01-21,구글,외부,GGL_CMP_02_리타겟팅,리타겟팅,리마케팅,VID_할인쿠폰_겨울_A_v1,26732,974,140766,133,50,3396991
2025-01-21,구글,외부,GGL_CMP_02_리타겟팅,리타겟팅,리마케팅,IMG_할인쿠폰_겨울_B_v1,36921,1464,180099,157,91,5387441
2025-01-21,구글,외부,GGL_CMP_02_리타겟팅,리타겟팅,리마케팅,CRS_특가_겨울_v1,29555,1003,146477,108,47,2162605
2025-01-21,구글,외부,GGL_CMP_03_첫구매,첫구매,논타겟,VID_적립혜택_겨울_A_v1,66740,1565,295233,108,52,3031344
2025-01-21,구글,외부,GGL_CMP_03_첫구매,첫구매,논타겟,IMG_적립혜택_겨울_B_v1,46495,1476,218925,158,74,3963463
2025-01-21,구글,외부,GGL_CMP_03_첫구매,첫구매,논타겟,CRS_할인쿠폰_겨울_v1,51398,959,312494,95,29,1717731
2025-01-21,구글,외부,GGL_CMP_03_첫구매,첫구매,유사타겟,VID_적립혜택_겨울_A_v1,61492,1847,380348,180,79,5967229
2025-01-21,구글,외부,GGL_CMP_03_첫구매,첫구매,유사타겟,IMG_적립혜택_겨울_B_v1,63989,1856,412307,154,50,2558221
2025-01-21,구글,외부,GGL_CMP_03_첫구매,첫구매,유사타겟,CRS_할인쿠폰_겨울_v1,60575,1260,384108,133,62,3315664
2025-01-21,메타,외부,META_CMP_01_신규유저,신규유저,논타겟,VID_플러스멤버십_겨울_A_v1,43563,574,161530,41,11,431577
2025-01-21,메타,외부,META_CMP_01_신규유저,신규유저,논타겟,IMG_적립혜택_겨울_B_v1,37369,565,154362,29,7,359091
2025-01-21,메타,외부,META_CMP_01_신규유저,신규유저,논타겟,CRS_플러스멤버십_겨울_v1,44491,929,157100,66,19,1061541
2025-01-21,메타,외부,META_CMP_02_룩얼라이크,룩얼라이크,유사타겟,VID_플러스멤버십_겨울_A_v1,46947,935,234433,80,17,912024
2025-01-21,메타,외부,META_CMP_02_룩얼라이크,룩얼라이크,유사타겟,IMG_할인쿠폰_겨울_B_v1,37844,725,164351,51,13,571716
2025-01-21,메타,외부,META_CMP_02_룩얼라이크,룩얼라이크,유사타겟,CRS_특가_겨울_v1,51998,828,239175,73,19,756924
2025-01-21,메타,외부,META_CMP_03_재구매,재구매,VIP,IMG_배송혜택_겨울_A_v1,9106,267,39746,18,10,648039
2025-01-21,메타,외부,META_CMP_03_재구매,재구매,VIP,VID_적립혜택_겨울_B_v1,16210,413,62321,16,9,584016
2025-01-21,메타,외부,META_CMP_03_재구매,재구매,VIP,CRS_신상품_겨울_v1,10697,278,48872,16,7,451969
2025-01-21,메타,외부,META_CMP_03_재구매,재구매,윈백,IMG_배송혜택_겨울_A_v1,17125,433,61612,19,7,515706
2025-01-21,메타,외부,META_CMP_03_재구매,재구매,윈백,VID_적립혜택_겨울_B_v1,23834,494,108979,23,9,559128
2025-01-21,메타,외부,META_CMP_03_재구매,재구매,윈백,CRS_신상품_겨울_v1,24544,429,122570,22,8,548721
2025-01-21,네이버,자체,NVR_CMP_01_브랜드KW,브랜드KW,논타겟,TXT_플러스멤버십_겨울_A_v1,10585,1017,80663,295,178,15305197
2025-01-21,네이버,자체,NVR_CMP_02_일반KW,일반KW,논타겟,TXT_할인쿠폰_겨울_A_v1,12325,970,93676,160,45,2422635
2025-01-21,네이버,자체,NVR_CMP_02_일반KW,일반KW,논타겟,TXT_플러스멤버십_겨울_B_v1,12605,1159,100495,226,109,8685694
2025-01-21,네이버,자체,NVR_CMP_03_재구매,재구매,VIP,IMG_배송혜택_겨울_A_v1,5104,215,47718,19,13,1012303
2025-01-21,네이버,자체,NVR_CMP_03_재구매,재구매,VIP,VID_적립혜택_겨울_B_v1,5431,315,46724,33,25,2741272
2025-01-21,네이버,자체,NVR_CMP_03_재구매,재구매,VIP,CRS_신상품_겨울_v1,5824,376,50272,39,23,2051770
2025-01-21,네이버,자체,NVR_CMP_03_재구매,재구매,윈백,IMG_배송혜택_겨울_A_v1,10844,448,96155,46,40,3467949
2025-01-21,네이버,자체,NVR_CMP_03_재구매,재구매,윈백,VID_적립혜택_겨울_B_v1,8583,601,61876,50,44,4312804
2025-01-21,네이버,자체,NVR_CMP_03_재구매,재구매,윈백,CRS_신상품_겨울_v1,10229,450,86290,50,31,2344646
2025-01-22,구글,외부,GGL_CMP_01_플러스가입,플러스가입,논타겟,VID_플러스멤버십_겨울_A_v1,71071,2325,312959,201,60,3506187
2025-01-22,구글,외부,GGL_CMP_01_플러스가입,플러스가입,논타겟,IMG_플러스멤버십_겨울_B_v1,61733,1390,296341,206,53,3518944
2025-01-22,구글,외부,GGL_CMP_01_플러스가입,플러스가입,논타겟,CRS_플러스멤버십_겨울_v1,47058,1606,249376,202,58,3937037
2025-01-22,구글,외부,GGL_CMP_01_플러스가입,플러스가입,논타겟,IMG_적립혜택_겨울_v2,49791,1439,271429,185,37,1690124
2025-01-22,구글,외부,GGL_CMP_01_플러스가입,플러스가입,유사타겟,VID_플러스멤버십_겨울_A_v1,41695,1161,184124,144,50,3246875
2025-01-22,구글,외부,GGL_CMP_01_플러스가입,플러스가입,유사타겟,IMG_플러스멤버십_겨울_B_v1,50735,1721,334789,239,81,5045461
2025-01-22,구글,외부,GGL_CMP_01_플러스가입,플러스가입,유사타겟,CRS_플러스멤버십_겨울_v1,41805,1119,248166,148,49,2343117
2025-01-22,구글,외부,GGL_CMP_01_플러스가입,플러스가입,유사타겟,IMG_적립혜택_겨울_v2,65396,1656,376705,212,56,3100214
2025-01-22,구글,외부,GGL_CMP_02_리타겟팅,리타겟팅,리마케팅,VID_할인쿠폰_겨울_A_v1,23429,751,105446,96,38,2136299
2025-01-22,구글,외부,GGL_CMP_02_리타겟팅,리타겟팅,리마케팅,IMG_할인쿠폰_겨울_B_v1,31572,1391,203572,194,106,7302666
2025-01-22,구글,외부,GGL_CMP_02_리타겟팅,리타겟팅,리마케팅,CRS_특가_겨울_v1,33397,1219,209899,132,46,3031978
2025-01-22,구글,외부,GGL_CMP_03_첫구매,첫구매,논타겟,VID_적립혜택_겨울_A_v1,44045,1065,205007,105,34,1863272
2025-01-22,구글,외부,GGL_CMP_03_첫구매,첫구매,논타겟,IMG_적립혜택_겨울_B_v1,62120,1236,400284,138,62,3414115
2025-01-22,구글,외부,GGL_CMP_03_첫구매,첫구매,논타겟,CRS_할인쿠폰_겨울_v1,42979,1096,257698,74,32,2392838
2025-01-22,구글,외부,GGL_CMP_03_첫구매,첫구매,유사타겟,VID_적립혜택_겨울_A_v1,50941,1439,306624,120,50,3269873
2025-01-22,구글,외부,GGL_CMP_03_첫구매,첫구매,유사타겟,IMG_적립혜택_겨울_B_v1,41393,779,249570,88,39,2024576
2025-01-22,구글,외부,GGL_CMP_03_첫구매,첫구매,유사타겟,CRS_할인쿠폰_겨울_v1,38555,710,215072,77,38,2206629
2025-01-22,메타,외부,META_CMP_01_신규유저,신규유저,논타겟,VID_플러스멤버십_겨울_A_v1,44560,601,179315,43,9,358012
2025-01-22,메타,외부,META_CMP_01_신규유저,신규유저,논타겟,IMG_적립혜택_겨울_B_v1,44556,568,199512,46,11,551479
2025-01-22,메타,외부,META_CMP_01_신규유저,신규유저,논타겟,CRS_플러스멤버십_겨울_v1,47204,754,224323,52,13,585896
2025-01-22,메타,외부,META_CMP_02_룩얼라이크,룩얼라이크,유사타겟,VID_플러스멤버십_겨울_A_v1,47862,1021,217135,57,17,725840
2025-01-22,메타,외부,META_CMP_02_룩얼라이크,룩얼라이크,유사타겟,IMG_할인쿠폰_겨울_B_v1,50782,1183,217375,82,22,1367685
2025-01-22,메타,외부,META_CMP_02_룩얼라이크,룩얼라이크,유사타겟,CRS_특가_겨울_v1,46948,690,225280,49,9,508089
2025-01-22,메타,외부,META_CMP_03_재구매,재구매,VIP,IMG_배송혜택_겨울_A_v1,12278,229,44092,14,6,351756
2025-01-22,메타,외부,META_CMP_03_재구매,재구매,VIP,VID_적립혜택_겨울_B_v1,14308,350,64380,25,9,771240
2025-01-22,메타,외부,META_CMP_03_재구매,재구매,VIP,CRS_신상품_겨울_v1,16184,305,55805,22,11,810677
2025-01-22,메타,외부,META_CMP_03_재구매,재구매,윈백,IMG_배송혜택_겨울_A_v1,17734,412,80083,29,15,995587
2025-01-22,메타,외부,META_CMP_03_재구매,재구매,윈백,VID_적립혜택_겨울_B_v1,25597,652,97841,39,17,982464
2025-01-22,메타,외부,META_CMP_03_재구매,재구매,윈백,CRS_신상품_겨울_v1,14990,366,64787,17,9,724049
2025-01-22,네이버,자체,NVR_CMP_01_브랜드KW,브랜드KW,논타겟,TXT_플러스멤버십_겨울_A_v1,9385,962,61971,287,177,10773059
2025-01-22,네이버,자체,NVR_CMP_02_일반KW,일반KW,논타겟,TXT_할인쿠폰_겨울_A_v1,14960,1203,120585,197,85,6297828
2025-01-22,네이버,자체,NVR_CMP_02_일반KW,일반KW,논타겟,TXT_플러스멤버십_겨울_B_v1,10185,874,71049,140,63,3365107
2025-01-22,네이버,자체,NVR_CMP_03_재구매,재구매,VIP,IMG_배송혜택_겨울_A_v1,6538,275,62345,26,16,1489090
2025-01-22,네이버,자체,NVR_CMP_03_재구매,재구매,VIP,VID_적립혜택_겨울_B_v1,6845,405,60954,42,28,2645577
2025-01-22,네이버,자체,NVR_CMP_03_재구매,재구매,VIP,CRS_신상품_겨울_v1,5523,266,37097,30,17,1319240
2025-01-22,네이버,자체,NVR_CMP_03_재구매,재구매,윈백,IMG_배송혜택_겨울_A_v1,7466,399,50852,41,21,1690617
2025-01-22,네이버,자체,NVR_CMP_03_재구매,재구매,윈백,VID_적립혜택_겨울_B_v1,7672,428,66151,41,21,2125999
2025-01-22,네이버,자체,NVR_CMP_03_재구매,재구매,윈백,CRS_신상품_겨울_v1,9849,686,82100,62,34,3825417
2025-01-23,구글,외부,GGL_CMP_01_플러스가입,플러스가입,논타겟,VID_플러스멤버십_겨울_A_v1,42612,897,238900,77,22,1187505
2025-01-23,구글,외부,GGL_CMP_01_플러스가입,플러스가입,논타겟,IMG_플러스멤버십_겨울_B_v1,38825,988,253578,107,22,1528009
2025-01-23,구글,외부,GGL_CMP_01_플러스가입,플러스가입,논타겟,CRS_플러스멤버십_겨울_v1,54657,1529,324717,218,60,3642320
2025-01-23,구글,외부,GGL_CMP_01_플러스가입,플러스가입,논타겟,IMG_적립혜택_겨울_v2,49890,1570,325762,187,53,3570335
2025-01-23,구글,외부,GGL_CMP_01_플러스가입,플러스가입,유사타겟,VID_플러스멤버십_겨울_A_v1,43631,930,228337,124,24,1534776
2025-01-23,구글,외부,GGL_CMP_01_플러스가입,플러스가입,유사타겟,IMG_플러스멤버십_겨울_B_v1,61823,1376,406161,189,51,2630841
2025-01-23,구글,외부,GGL_CMP_01_플러스가입,플러스가입,유사타겟,CRS_플러스멤버십_겨울_v1,48571,1622,314954,179,42,1952112
2025-01-23,구글,외부,GGL_CMP_01_플러스가입,플러스가입,유사타겟,IMG_적립혜택_겨울_v2,40394,1273,226980,148,48,3382059
2025-01-23,구글,외부,GGL_CMP_02_리타겟팅,리타겟팅,리마케팅,VID_할인쿠폰_겨울_A_v1,33297,1513,211562,182,77,4692986
2025-01-23,구글,외부,GGL_CMP_02_리타겟팅,리타겟팅,리마케팅,IMG_할인쿠폰_겨울_B_v1,37943,1124,228636,154,82,5593148
2025-01-23,구글,외부,GGL_CMP_02_리타겟팅,리타겟팅,리마케팅,CRS_특가_겨울_v1,36455,1568,202389,141,47,3152936
2025-01-23,구글,외부,GGL_CMP_03_첫구매,첫구매,논타겟,VID_적립혜택_겨울_A_v1,50818,975,325789,74,29,2075936
2025-01-23,구글,외부,GGL_CMP_03_첫구매,첫구매,논타겟,IMG_적립혜택_겨울_B_v1,62854,1636,306628,129,63,4274547
2025-01-23,구글,외부,GGL_CMP_03_첫구매,첫구매,논타겟,CRS_할인쿠폰_겨울_v1,54612,1247,314247,100,35,1699457
2025-01-23,구글,외부,GGL_CMP_03_첫구매,첫구매,유사타겟,VID_적립혜택_겨울_A_v1,54737,1027,302778,73,22,1389172
2025-01-23,구글,외부,GGL_CMP_03_첫구매,첫구매,유사타겟,IMG_적립혜택_겨울_B_v1,48376,1157,232244,123,36,2220004
2025-01-23,구글,외부,GGL_CMP_03_첫구매,첫구매,유사타겟,CRS_할인쿠폰_겨울_v1,50354,1538,243543,112,31,1870385
2025-01-23,메타,외부,META_CMP_01_신규유저,신규유저,논타겟,VID_플러스멤버십_겨울_A_v1,41478,738,157888,49,11,601874
2025-01-23,메타,외부,META_CMP_01_신규유저,신규유저,논타겟,IMG_적립혜택_겨울_B_v1,42046,854,200826,55,9,350456
2025-01-23,메타,외부,META_CMP_01_신규유저,신규유저,논타겟,CRS_플러스멤버십_겨울_v1,35359,634,139130,57,14,649357
2025-01-23,메타,외부,META_CMP_02_룩얼라이크,룩얼라이크,유사타겟,VID_플러스멤버십_겨울_A_v1,33242,602,125625,53,16,996194
2025-01-23,메타,외부,META_CMP_02_룩얼라이크,룩얼라이크,유사타겟,IMG_할인쿠폰_겨울_B_v1,49810,1004,209397,62,20,1051774
2025-01-23,메타,외부,META_CMP_02_룩얼라이크,룩얼라이크,유사타겟,CRS_특가_겨울_v1,54358,1230,221573,101,19,752835
2025-01-23,메타,외부,META_CMP_03_재구매,재구매,VIP,IMG_배송혜택_겨울_A_v1,11361,262,47904,15,6,376840
2025-01-23,메타,외부,META_CMP_03_재구매,재구매,VIP,VID_적립혜택_겨울_B_v1,9179,155,31645,9,3,208863
2025-01-23,메타,외부,META_CMP_03_재구매,재구매,VIP,CRS_신상품_겨울_v1,11568,238,40751,9,4,330889
2025-01-23,메타,외부,META_CMP_03_재구매,재구매,윈백,IMG_배송혜택_겨울_A_v1,21363,461,95117,21,9,752127
2025-01-23,메타,외부,META_CMP_03_재구매,재구매,윈백,VID_적립혜택_겨울_B_v1,26193,669,96388,42,26,1463174
2025-01-23,메타,외부,META_CMP_03_재구매,재구매,윈백,CRS_신상품_겨울_v1,17245,456,59212,20,10,622448
2025-01-23,네이버,자체,NVR_CMP_01_브랜드KW,브랜드KW,논타겟,TXT_플러스멤버십_겨울_A_v1,11132,1456,96798,435,169,11635319
2025-01-23,네이버,자체,NVR_CMP_02_일반KW,일반KW,논타겟,TXT_할인쿠폰_겨울_A_v1,14087,887,92205,143,64,4550905
2025-01-23,네이버,자체,NVR_CMP_02_일반KW,일반KW,논타겟,TXT_플러스멤버십_겨울_B_v1,16164,1046,142281,151,67,4155763
2025-01-23,네이버,자체,NVR_CMP_03_재구매,재구매,VIP,IMG_배송혜택_겨울_A_v1,6037,433,53911,40,31,2859073
2025-01-23,네이버,자체,NVR_CMP_03_재구매,재구매,VIP,VID_적립혜택_겨울_B_v1,4334,184,31041,12,6,646730
2025-01-23,네이버,자체,NVR_CMP_03_재구매,재구매,VIP,CRS_신상품_겨울_v1,4586,320,37196,21,13,1244151
2025-01-23,네이버,자체,NVR_CMP_03_재구매,재구매,윈백,IMG_배송혜택_겨울_A_v1,10199,563,85230,48,24,2516424
2025-01-23,네이버,자체,NVR_CMP_03_재구매,재구매,윈백,VID_적립혜택_겨울_B_v1,11546,690,110057,77,62,4591696
2025-01-23,네이버,자체,NVR_CMP_03_재구매,재구매,윈백,CRS_신상품_겨울_v1,9725,586,87660,46,27,2556473
2025-01-24,구글,외부,GGL_CMP_01_플러스가입,플러스가입,논타겟,VID_플러스멤버십_겨울_A_v1,62467,1582,398837,139,30,1472648
2025-01-24,구글,외부,GGL_CMP_01_플러스가입,플러스가입,논타겟,IMG_플러스멤버십_겨울_B_v1,59869,1173,284882,110,27,1639307
2025-01-24,구글,외부,GGL_CMP_01_플러스가입,플러스가입,논타겟,CRS_플러스멤버십_겨울_v1,70522,1474,392026,195,62,3756615
2025-01-24,구글,외부,GGL_CMP_01_플러스가입,플러스가입,논타겟,IMG_적립혜택_겨울_v2,59767,1193,295629,104,22,1347567
2025-01-24,구글,외부,GGL_CMP_01_플러스가입,플러스가입,유사타겟,VID_플러스멤버십_겨울_A_v1,62792,1559,374014,149,39,2319657
2025-01-24,구글,외부,GGL_CMP_01_플러스가입,플러스가입,유사타겟,IMG_플러스멤버십_겨울_B_v1,40343,1237,233201,111,35,1638959
2025-01-24,구글,외부,GGL_CMP_01_플러스가입,플러스가입,유사타겟,CRS_플러스멤버십_겨울_v1,68601,1347,366309,124,36,1807625
2025-01-24,구글,외부,GGL_CMP_01_플러스가입,플러스가입,유사타겟,IMG_적립혜택_겨울_v2,42209,930,195947,82,28,1507127
2025-01-24,구글,외부,GGL_CMP_02_리타겟팅,리타겟팅,리마케팅,VID_할인쿠폰_겨울_A_v1,40832,1518,195657,166,79,4952068
2025-01-24,구글,외부,GGL_CMP_02_리타겟팅,리타겟팅,리마케팅,IMG_할인쿠폰_겨울_B_v1,29998,800,192459,94,53,3513623
2025-01-24,구글,외부,GGL_CMP_02_리타겟팅,리타겟팅,리마케팅,CRS_특가_겨울_v1,26043,996,132938,100,50,3280125
2025-01-24,구글,외부,GGL_CMP_03_첫구매,첫구매,논타겟,VID_적립혜택_겨울_A_v1,47689,899,314199,65,23,1335363
2025-01-24,구글,외부,GGL_CMP_03_첫구매,첫구매,논타겟,IMG_적립혜택_겨울_B_v1,49504,1461,289039,111,41,2600931
2025-01-24,구글,외부,GGL_CMP_03_첫구매,첫구매,논타겟,CRS_할인쿠폰_겨울_v1,57671,1374,327071,138,61,4249782
2025-01-24,구글,외부,GGL_CMP_03_첫구매,첫구매,유사타겟,VID_적립혜택_겨울_A_v1,56926,1813,365806,120,42,3111138
2025-01-24,구글,외부,GGL_CMP_03_첫구매,첫구매,유사타겟,IMG_적립혜택_겨울_B_v1,66659,2138,427184,162,75,3756745
2025-01-24,구글,외부,GGL_CMP_03_첫구매,첫구매,유사타겟,CRS_할인쿠폰_겨울_v1,39369,1258,205416,126,53,2683472
2025-01-24,메타,외부,META_CMP_01_신규유저,신규유저,논타겟,VID_플러스멤버십_겨울_A_v1,31390,379,135486,31,5,203196
2025-01-24,메타,외부,META_CMP_01_신규유저,신규유저,논타겟,IMG_적립혜택_겨울_B_v1,39770,581,185835,45,8,320273
2025-01-24,메타,외부,META_CMP_01_신규유저,신규유저,논타겟,CRS_플러스멤버십_겨울_v1,29673,576,133595,49,11,609323
2025-01-24,메타,외부,META_CMP_02_룩얼라이크,룩얼라이크,유사타겟,VID_플러스멤버십_겨울_A_v1,33351,770,141279,76,14,608786
2025-01-24,메타,외부,META_CMP_02_룩얼라이크,룩얼라이크,유사타겟,IMG_할인쿠폰_겨울_B_v1,43494,943,205806,71,15,807080
2025-01-24,메타,외부,META_CMP_02_룩얼라이크,룩얼라이크,유사타겟,CRS_특가_겨울_v1,34307,472,119756,38,11,429804
2025-01-24,메타,외부,META_CMP_03_재구매,재구매,VIP,IMG_배송혜택_겨울_A_v1,14539,301,62326,18,6,376824
2025-01-24,메타,외부,META_CMP_03_재구매,재구매,VIP,VID_적립혜택_겨울_B_v1,9165,190,45322,7,3,189746
2025-01-24,메타,외부,META_CMP_03_재구매,재구매,VIP,CRS_신상품_겨울_v1,16182,424,57019,22,12,685844
2025-01-24,메타,외부,META_CMP_03_재구매,재구매,윈백,IMG_배송혜택_겨울_A_v1,22088,626,84981,27,13,1085537
2025-01-24,메타,외부,META_CMP_03_재구매,재구매,윈백,VID_적립혜택_겨울_B_v1,22943,623,83296,44,22,1721390
2025-01-24,메타,외부,META_CMP_03_재구매,재구매,윈백,CRS_신상품_겨울_v1,18971,406,91023,21,12,957267
2025-01-24,네이버,자체,NVR_CMP_01_브랜드KW,브랜드KW,논타겟,TXT_플러스멤버십_겨울_A_v1,7122,1035,56920,293,120,10109112
2025-01-24,네이버,자체,NVR_CMP_02_일반KW,일반KW,논타겟,TXT_할인쿠폰_겨울_A_v1,9531,685,89486,85,28,1704168
2025-01-24,네이버,자체,NVR_CMP_02_일반KW,일반KW,논타겟,TXT_플러스멤버십_겨울_B_v1,12397,857,114118,145,43,2298046
2025-01-24,네이버,자체,NVR_CMP_03_재구매,재구매,VIP,IMG_배송혜택_겨울_A_v1,6556,479,44664,42,35,3876556
2025-01-24,네이버,자체,NVR_CMP_03_재구매,재구매,VIP,VID_적립혜택_겨울_B_v1,6616,429,55482,44,35,2802276
2025-01-24,네이버,자체,NVR_CMP_03_재구매,재구매,VIP,CRS_신상품_겨울_v1,4292,235,28471,21,14,1028972
2025-01-24,네이버,자체,NVR_CMP_03_재구매,재구매,윈백,IMG_배송혜택_겨울_A_v1,6763,450,63139,54,43,3358172
2025-01-24,네이버,자체,NVR_CMP_03_재구매,재구매,윈백,VID_적립혜택_겨울_B_v1,10092,581,73579,40,22,1976405
2025-01-24,네이버,자체,NVR_CMP_03_재구매,재구매,윈백,CRS_신상품_겨울_v1,8353,616,63122,56,38,2727904
2025-01-25,구글,외부,GGL_CMP_01_플러스가입,플러스가입,논타겟,VID_플러스멤버십_겨울_A_v1,44608,920,203072,101,33,2098327
2025-01-25,구글,외부,GGL_CMP_01_플러스가입,플러스가입,논타겟,IMG_플러스멤버십_겨울_B_v1,49431,1026,315548,108,47,2280659
2025-01-25,구글,외부,GGL_CMP_01_플러스가입,플러스가입,논타겟,CRS_플러스멤버십_겨울_v1,32852,1010,170184,131,46,2036563
2025-01-25,구글,외부,GGL_CMP_01_플러스가입,플러스가입,논타겟,IMG_적립혜택_겨울_v2,44133,1085,289954,160,69,4433924
2025-01-25,구글,외부,GGL_CMP_01_플러스가입,플러스가입,유사타겟,VID_플러스멤버십_겨울_A_v1,50266,1061,328435,117,44,1940449
2025-01-25,구글,외부,GGL_CMP_01_플러스가입,플러스가입,유사타겟,IMG_플러스멤버십_겨울_B_v1,52869,1102,258052,165,59,3482024
2025-01-25,구글,외부,GGL_CMP_01_플러스가입,플러스가입,유사타겟,CRS_플러스멤버십_겨울_v1,52925,1522,234543,211,56,3844848
2025-01-25,구글,외부,GGL_CMP_01_플러스가입,플러스가입,유사타겟,IMG_적립혜택_겨울_v2,40160,1045,207823,125,47,3056867
2025-01-25,구글,외부,GGL_CMP_02_리타겟팅,리타겟팅,리마케팅,VID_할인쿠폰_겨울_A_v1,26159,939,137058,122,85,4762641
2025-01-25,구글,외부,GGL_CMP_02_리타겟팅,리타겟팅,리마케팅,IMG_할인쿠폰_겨울_B_v1,32106,1329,148599,156,105,5807570
2025-01-25,구글,외부,GGL_CMP_02_리타겟팅,리타겟팅,리마케팅,CRS_특가_겨울_v1,23919,877,106961,82,49,2456329
2025-01-25,구글,외부,GGL_CMP_03_첫구매,첫구매,논타겟,VID_적립혜택_겨울_A_v1,31954,1022,204853,87,56,3902696
2025-01-25,구글,외부,GGL_CMP_03_첫구매,첫구매,논타겟,IMG_적립혜택_겨울_B_v1,35894,1101,178820,119,76,4631833
2025-01-25,구글,외부,GGL_CMP_03_첫구매,첫구매,논타겟,CRS_할인쿠폰_겨울_v1,32671,755,202454,80,46,2692677
2025-01-25,구글,외부,GGL_CMP_03_첫구매,첫구매,유사타겟,VID_적립혜택_겨울_A_v1,33643,913,209354,97,55,2876408
2025-01-25,구글,외부,GGL_CMP_03_첫구매,첫구매,유사타겟,IMG_적립혜택_겨울_B_v1,41677,1002,192509,106,58,3915063
2025-01-25,구글,외부,GGL_CMP_03_첫구매,첫구매,유사타겟,CRS_할인쿠폰_겨울_v1,42559,1350,206338,91,47,3168930
2025-01-25,메타,외부,META_CMP_01_신규유저,신규유저,논타겟,VID_플러스멤버십_겨울_A_v1,23538,354,108443,19,5,254391
2025-01-25,메타,외부,META_CMP_01_신규유저,신규유저,논타겟,IMG_적립혜택_겨울_B_v1,32169,441,150244,36,13,669643
2025-01-25,메타,외부,META_CMP_01_신규유저,신규유저,논타겟,CRS_플러스멤버십_겨울_v1,32999,407,136330,30,7,300441
2025-01-25,메타,외부,META_CMP_02_룩얼라이크,룩얼라이크,유사타겟,VID_플러스멤버십_겨울_A_v1,37894,637,158584,34,8,491369
2025-01-25,메타,외부,META_CMP_02_룩얼라이크,룩얼라이크,유사타겟,IMG_할인쿠폰_겨울_B_v1,39216,836,143612,45,12,624180
2025-01-25,메타,외부,META_CMP_02_룩얼라이크,룩얼라이크,유사타겟,CRS_특가_겨울_v1,31195,599,133455,36,14,848931
2025-01-25,메타,외부,META_CMP_03_재구매,재구매,VIP,IMG_배송혜택_겨울_A_v1,7478,213,26568,9,5,305719
2025-01-25,메타,외부,META_CMP_03_재구매,재구매,VIP,VID_적립혜택_겨울_B_v1,12019,255,51520,12,9,633770
2025-01-25,메타,외부,META_CMP_03_재구매,재구매,VIP,CRS_신상품_겨울_v1,10510,303,40277,15,11,874639
2025-01-25,메타,외부,META_CMP_03_재구매,재구매,윈백,IMG_배송혜택_겨울_A_v1,19368,432,89385,28,21,1557467
2025-01-25,메타,외부,META_CMP_03_재구매,재구매,윈백,VID_적립혜택_겨울_B_v1,11632,217,39743,12,8,508965
2025-01-25,메타,외부,META_CMP_03_재구매,재구매,윈백,CRS_신상품_겨울_v1,11307,213,44121,14,8,449605
2025-01-25,네이버,자체,NVR_CMP_01_브랜드KW,브랜드KW,논타겟,TXT_플러스멤버십_겨울_A_v1,6015,573,44826,134,115,9798824
2025-01-25,네이버,자체,NVR_CMP_02_일반KW,일반KW,논타겟,TXT_할인쿠폰_겨울_A_v1,7198,505,60069,96,62,3219012
2025-01-25,네이버,자체,NVR_CMP_02_일반KW,일반KW,논타겟,TXT_플러스멤버십_겨울_B_v1,8430,558,75606,86,59,3696842
2025-01-25,네이버,자체,NVR_CMP_03_재구매,재구매,VIP,IMG_배송혜택_겨울_A_v1,4235,215,35827,25,31,3379164
2025-01-25,네이버,자체,NVR_CMP_03_재구매,재구매,VIP,VID_적립혜택_겨울_B_v1,5065,214,42867,15,11,1146959
2025-01-25,네이버,자체,NVR_CMP_03_재구매,재구매,VIP,CRS_신상품_겨울_v1,4187,217,35001,19,20,1783376
2025-01-25,네이버,자체,NVR_CMP_03_재구매,재구매,윈백,IMG_배송혜택_겨울_A_v1,7227,303,47359,20,14,1168329
2025-01-25,네이버,자체,NVR_CMP_03_재구매,재구매,윈백,VID_적립혜택_겨울_B_v1,8379,451,77834,56,69,7390717
2025-01-25,네이버,자체,NVR_CMP_03_재구매,재구매,윈백,CRS_신상품_겨울_v1,5028,264,42038,30,25,1920817
2025-01-26,구글,외부,GGL_CMP_01_플러스가입,플러스가입,논타겟,VID_플러스멤버십_겨울_A_v1,47512,1610,310008,178,46,2178802
2025-01-26,구글,외부,GGL_CMP_01_플러스가입,플러스가입,논타겟,IMG_플러스멤버십_겨울_B_v1,36842,1153,180409,115,27,1249474
2025-01-26,구글,외부,GGL_CMP_01_플러스가입,플러스가입,논타겟,CRS_플러스멤버십_겨울_v1,33970,697,222092,60,11,549380
2025-01-26,구글,외부,GGL_CMP_01_플러스가입,플러스가입,논타겟,IMG_적립혜택_겨울_v2,43490,1215,273492,164,39,2202938
2025-01-26,구글,외부,GGL_CMP_01_플러스가입,플러스가입,유사타겟,VID_플러스멤버십_겨울_A_v1,37875,1338,238964,157,49,2409267
2025-01-26,구글,외부,GGL_CMP_01_플러스가입,플러스가입,유사타겟,IMG_플러스멤버십_겨울_B_v1,44922,973,284250,130,29,1989043
2025-01-26,구글,외부,GGL_CMP_01_플러스가입,플러스가입,유사타겟,CRS_플러스멤버십_겨울_v1,35448,1224,162527,137,29,1676496
2025-01-26,구글,외부,GGL_CMP_01_플러스가입,플러스가입,유사타겟,IMG_적립혜택_겨울_v2,44928,1407,239453,144,36,2172108
2025-01-26,구글,외부,GGL_CMP_02_리타겟팅,리타겟팅,리마케팅,VID_할인쿠폰_겨울_A_v1,26923,1201,131467,94,30,1539597
2025-01-26,구글,외부,GGL_CMP_02_리타겟팅,리타겟팅,리마케팅,IMG_할인쿠폰_겨울_B_v1,27954,914,129228,112,61,3134017
2025-01-26,구글,외부,GGL_CMP_02_리타겟팅,리타겟팅,리마케팅,CRS_특가_겨울_v1,26180,1044,120620,112,56,3198207
2025-01-26,구글,외부,GGL_CMP_03_첫구매,첫구매,논타겟,VID_적립혜택_겨울_A_v1,30594,621,195181,43,11,690323
2025-01-26,구글,외부,GGL_CMP_03_첫구매,첫구매,논타겟,IMG_적립혜택_겨울_B_v1,45685,1384,260716,159,65,4106134
2025-01-26,구글,외부,GGL_CMP_03_첫구매,첫구매,논타겟,CRS_할인쿠폰_겨울_v1,53387,1603,296596,115,35,1793427
2025-01-26,구글,외부,GGL_CMP_03_첫구매,첫구매,유사타겟,VID_적립혜택_겨울_A_v1,53372,1140,291960,94,25,1476673
2025-01-26,구글,외부,GGL_CMP_03_첫구매,첫구매,유사타겟,IMG_적립혜택_겨울_B_v1,51203,1353,237995,135,59,2892593
2025-01-26,구글,외부,GGL_CMP_03_첫구매,첫구매,유사타겟,CRS_할인쿠폰_겨울_v1,41196,871,248421,100,35,2482096
2025-01-26,메타,외부,META_CMP_01_신규유저,신규유저,논타겟,VID_플러스멤버십_겨울_A_v1,38628,692,188145,46,13,630415
2025-01-26,메타,외부,META_CMP_01_신규유저,신규유저,논타겟,IMG_적립혜택_겨울_B_v1,29936,628,116142,31,7,310146
2025-01-26,메타,외부,META_CMP_01_신규유저,신규유저,논타겟,CRS_플러스멤버십_겨울_v1,37025,523,184707,36,9,424008
2025-01-26,메타,외부,META_CMP_02_룩얼라이크,룩얼라이크,유사타겟,VID_플러스멤버십_겨울_A_v1,27788,436,130705,23,4,180769
2025-01-26,메타,외부,META_CMP_02_룩얼라이크,룩얼라이크,유사타겟,IMG_할인쿠폰_겨울_B_v1,34528,435,130599,30,6,354097
2025-01-26,메타,외부,META_CMP_02_룩얼라이크,룩얼라이크,유사타겟,CRS_특가_겨울_v1,27165,634,100252,51,9,392873
2025-01-26,메타,외부,META_CMP_03_재구매,재구매,VIP,IMG_배송혜택_겨울_A_v1,9010,269,31759,12,5,321003
2025-01-26,메타,외부,META_CMP_03_재구매,재구매,VIP,VID_적립혜택_겨울_B_v1,10489,201,37634,11,4,226544
2025-01-26,메타,외부,META_CMP_03_재구매,재구매,VIP,CRS_신상품_겨울_v1,11581,260,41609,14,6,511031
2025-01-26,메타,외부,META_CMP_03_재구매,재구매,윈백,IMG_배송혜택_겨울_A_v1,14901,249,64059,17,8,633254
2025-01-26,메타,외부,META_CMP_03_재구매,재구매,윈백,VID_적립혜택_겨울_B_v1,12227,293,52700,14,8,535626
2025-01-26,메타,외부,META_CMP_03_재구매,재구매,윈백,CRS_신상품_겨울_v1,15374,263,53069,17,9,584685
2025-01-26,네이버,자체,NVR_CMP_01_브랜드KW,브랜드KW,논타겟,TXT_플러스멤버십_겨울_A_v1,4971,767,42542,210,80,4924215
2025-01-26,네이버,자체,NVR_CMP_02_일반KW,일반KW,논타겟,TXT_할인쿠폰_겨울_A_v1,10446,1024,76912,141,70,3485998
2025-01-26,네이버,자체,NVR_CMP_02_일반KW,일반KW,논타겟,TXT_플러스멤버십_겨울_B_v1,10038,628,67355,80,30,2262435
2025-01-26,네이버,자체,NVR_CMP_03_재구매,재구매,VIP,IMG_배송혜택_겨울_A_v1,5222,364,47486,35,29,2871269
2025-01-26,네이버,자체,NVR_CMP_03_재구매,재구매,VIP,VID_적립혜택_겨울_B_v1,3284,228,27927,17,13,1211157
2025-01-26,네이버,자체,NVR_CMP_03_재구매,재구매,VIP,CRS_신상품_겨울_v1,4032,259,30852,27,14,1225466
2025-01-26,네이버,자체,NVR_CMP_03_재구매,재구매,윈백,IMG_배송혜택_겨울_A_v1,4769,245,40366,29,21,1497094
2025-01-26,네이버,자체,NVR_CMP_03_재구매,재구매,윈백,VID_적립혜택_겨울_B_v1,5846,440,44107,51,35,2960278
2025-01-26,네이버,자체,NVR_CMP_03_재구매,재구매,윈백,CRS_신상품_겨울_v1,6150,407,46037,44,36,2934718
2025-01-27,구글,외부,GGL_CMP_01_플러스가입,플러스가입,논타겟,VID_플러스멤버십_겨울_A_v1,59789,1522,325124,195,55,3822711
2025-01-27,구글,외부,GGL_CMP_01_플러스가입,플러스가입,논타겟,IMG_플러스멤버십_겨울_B_v1,70021,1750,403212,192,37,2494941
2025-01-27,구글,외부,GGL_CMP_01_플러스가입,플러스가입,논타겟,CRS_플러스멤버십_겨울_v1,54221,1723,355631,238,73,3687009
2025-01-27,구글,외부,GGL_CMP_01_플러스가입,플러스가입,논타겟,IMG_적립혜택_겨울_v2,52361,1063,300876,95,30,1380127
2025-01-27,구글,외부,GGL_CMP_01_플러스가입,플러스가입,유사타겟,VID_플러스멤버십_겨울_A_v1,49098,1511,256821,228,64,3167532
2025-01-27,구글,외부,GGL_CMP_01_플러스가입,플러스가입,유사타겟,IMG_플러스멤버십_겨울_B_v1,43848,1432,270940,136,38,2329425
2025-01-27,구글,외부,GGL_CMP_01_플러스가입,플러스가입,유사타겟,CRS_플러스멤버십_겨울_v1,50365,1308,282169,113,24,1537784
2025-01-27,구글,외부,GGL_CMP_01_플러스가입,플러스가입,유사타겟,IMG_적립혜택_겨울_v2,57322,1551,296620,194,54,2580742
2025-01-27,구글,외부,GGL_CMP_02_리타겟팅,리타겟팅,리마케팅,VID_할인쿠폰_겨울_A_v1,24647,1008,124618,83,31,1876769
2025-01-27,구글,외부,GGL_CMP_02_리타겟팅,리타겟팅,리마케팅,IMG_할인쿠폰_겨울_B_v1,28077,1102,127736,145,83,3822678
2025-01-27,구글,외부,GGL_CMP_02_리타겟팅,리타겟팅,리마케팅,CRS_특가_겨울_v1,31004,796,183994,65,28,1938391
2025-01-27,구글,외부,GGL_CMP_03_첫구매,첫구매,논타겟,VID_적립혜택_겨울_A_v1,49539,1435,233152,132,58,4428663
2025-01-27,구글,외부,GGL_CMP_03_첫구매,첫구매,논타겟,IMG_적립혜택_겨울_B_v1,69783,2167,414986,226,63,4918847
2025-01-27,구글,외부,GGL_CMP_03_첫구매,첫구매,논타겟,CRS_할인쿠폰_겨울_v1,56697,1797,283208,117,32,2040160
2025-01-27,구글,외부,GGL_CMP_03_첫구매,첫구매,유사타겟,VID_적립혜택_겨울_A_v1,70558,1257,319048,131,60,3873547
2025-01-27,구글,외부,GGL_CMP_03_첫구매,첫구매,유사타겟,IMG_적립혜택_겨울_B_v1,40220,1165,238503,100,37,1944999
2025-01-27,구글,외부,GGL_CMP_03_첫구매,첫구매,유사타겟,CRS_할인쿠폰_겨울_v1,44890,1079,203236,81,33,1823928
2025-01-27,메타,외부,META_CMP_01_신규유저,신규유저,논타겟,VID_플러스멤버십_겨울_A_v1,54371,624,248438,51,8,314952
2025-01-27,메타,외부,META_CMP_01_신규유저,신규유저,논타겟,IMG_적립혜택_겨울_B_v1,35554,504,155666,34,5,191155
2025-01-27,메타,외부,META_CMP_01_신규유저,신규유저,논타겟,CRS_플러스멤버십_겨울_v1,38395,776,143217,61,17,922568
2025-01-27,메타,외부,META_CMP_02_룩얼라이크,룩얼라이크,유사타겟,VID_플러스멤버십_겨울_A_v1,46983,847,162125,80,22,1173148
2025-01-27,메타,외부,META_CMP_02_룩얼라이크,룩얼라이크,유사타겟,IMG_할인쿠폰_겨울_B_v1,35209,725,130769,51,15,627106
2025-01-27,메타,외부,META_CMP_02_룩얼라이크,룩얼라이크,유사타겟,CRS_특가_겨울_v1,32278,580,110285,38,8,466018
2025-01-27,메타,외부,META_CMP_03_재구매,재구매,VIP,IMG_배송혜택_겨울_A_v1,15342,334,52694,15,6,409466
2025-01-27,메타,외부,META_CMP_03_재구매,재구매,VIP,VID_적립혜택_겨울_B_v1,9016,224,43822,15,9,728857
2025-01-27,메타,외부,META_CMP_03_재구매,재구매,VIP,CRS_신상품_겨울_v1,12101,270,55484,17,6,344576
2025-01-27,메타,외부,META_CMP_03_재구매,재구매,윈백,IMG_배송혜택_겨울_A_v1,26518,606,114610,35,17,1006767
2025-01-27,메타,외부,META_CMP_03_재구매,재구매,윈백,VID_적립혜택_겨울_B_v1,14891,411,73824,17,7,503987
2025-01-27,메타,외부,META_CMP_03_재구매,재구매,윈백,CRS_신상품_겨울_v1,23006,629,108617,37,14,1020034
2025-01-27,네이버,자체,NVR_CMP_01_브랜드KW,브랜드KW,논타겟,TXT_플러스멤버십_겨울_A_v1,8675,1147,82333,272,172,10662009
2025-01-27,네이버,자체,NVR_CMP_02_일반KW,일반KW,논타겟,TXT_할인쿠폰_겨울_A_v1,11194,669,78082,121,40,3061628
2025-01-27,네이버,자체,NVR_CMP_02_일반KW,일반KW,논타겟,TXT_플러스멤버십_겨울_B_v1,9194,572,59974,99,46,3108524
2025-01-27,네이버,자체,NVR_CMP_03_재구매,재구매,VIP,IMG_배송혜택_겨울_A_v1,4619,230,39589,26,16,1609840
2025-01-27,네이버,자체,NVR_CMP_03_재구매,재구매,VIP,VID_적립혜택_겨울_B_v1,5435,267,40450,23,19,1662368
2025-01-27,네이버,자체,NVR_CMP_03_재구매,재구매,VIP,CRS_신상품_겨울_v1,6333,333,48802,34,23,2568868
2025-01-27,네이버,자체,NVR_CMP_03_재구매,재구매,윈백,IMG_배송혜택_겨울_A_v1,11224,469,93708,53,37,3823207
2025-01-27,네이버,자체,NVR_CMP_03_재구매,재구매,윈백,VID_적립혜택_겨울_B_v1,10785,453,94089,40,36,2622402
2025-01-27,네이버,자체,NVR_CMP_03_재구매,재구매,윈백,CRS_신상품_겨울_v1,9401,565,72744,61,51,4709576
2025-01-28,구글,외부,GGL_CMP_01_플러스가입,플러스가입,논타겟,VID_플러스멤버십_겨울_A_v1,47383,1565,239035,154,35,2278856
2025-01-28,구글,외부,GGL_CMP_01_플러스가입,플러스가입,논타겟,IMG_플러스멤버십_겨울_B_v1,46454,1455,294356,156,38,2200397
2025-01-28,구글,외부,GGL_CMP_01_플러스가입,플러스가입,논타겟,CRS_플러스멤버십_겨울_v1,52322,1498,325387,135,37,2418036
2025-01-28,구글,외부,GGL_CMP_01_플러스가입,플러스가입,논타겟,IMG_적립혜택_겨울_v2,47967,1171,219656,130,45,2692814
2025-01-28,구글,외부,GGL_CMP_01_플러스가입,플러스가입,유사타겟,VID_플러스멤버십_겨울_A_v1,39011,828,194252,100,33,2126139
2025-01-28,구글,외부,GGL_CMP_01_플러스가입,플러스가입,유사타겟,IMG_플러스멤버십_겨울_B_v1,71167,1525,448860,223,74,3977138
2025-01-28,구글,외부,GGL_CMP_01_플러스가입,플러스가입,유사타겟,CRS_플러스멤버십_겨울_v1,68115,2320,388341,290,101,4569647
2025-01-28,구글,외부,GGL_CMP_01_플러스가입,플러스가입,유사타겟,IMG_적립혜택_겨울_v2,53341,1761,268649,203,42,2059885
2025-01-28,구글,외부,GGL_CMP_02_리타겟팅,리타겟팅,리마케팅,VID_할인쿠폰_겨울_A_v1,40832,1509,212887,177,73,4092463
2025-01-28,구글,외부,GGL_CMP_02_리타겟팅,리타겟팅,리마케팅,IMG_할인쿠폰_겨울_B_v1,28987,917,163518,122,57,3831072
2025-01-28,구글,외부,GGL_CMP_02_리타겟팅,리타겟팅,리마케팅,CRS_특가_겨울_v1,25935,1078,156030,150,55,3205191
2025-01-28,구글,외부,GGL_CMP_03_첫구매,첫구매,논타겟,VID_적립혜택_겨울_A_v1,42412,916,227567,101,34,2589447
2025-01-28,구글,외부,GGL_CMP_03_첫구매,첫구매,논타겟,IMG_적립혜택_겨울_B_v1,43153,889,269505,92,25,1892546
2025-01-28,구글,외부,GGL_CMP_03_첫구매,첫구매,논타겟,CRS_할인쿠폰_겨울_v1,65972,1180,319760,134,54,3809468
2025-01-28,구글,외부,GGL_CMP_03_첫구매,첫구매,유사타겟,VID_적립혜택_겨울_A_v1,61808,1864,332384,160,53,3951214
2025-01-28,구글,외부,GGL_CMP_03_첫구매,첫구매,유사타겟,IMG_적립혜택_겨울_B_v1,41109,1208,246662,97,37,2099833
2025-01-28,구글,외부,GGL_CMP_03_첫구매,첫구매,유사타겟,CRS_할인쿠폰_겨울_v1,48888,1533,261719,173,79,4582410
2025-01-28,메타,외부,META_CMP_01_신규유저,신규유저,논타겟,VID_플러스멤버십_겨울_A_v1,45389,518,162944,33,9,466490
2025-01-28,메타,외부,META_CMP_01_신규유저,신규유저,논타겟,IMG_적립혜택_겨울_B_v1,36521,484,176449,43,11,589241
2025-01-28,메타,외부,META_CMP_01_신규유저,신규유저,논타겟,CRS_플러스멤버십_겨울_v1,33888,522,128841,33,7,357139
2025-01-28,메타,외부,META_CMP_02_룩얼라이크,룩얼라이크,유사타겟,VID_플러스멤버십_겨울_A_v1,35243,555,147136,50,11,516681
2025-01-28,메타,외부,META_CMP_02_룩얼라이크,룩얼라이크,유사타겟,IMG_할인쿠폰_겨울_B_v1,48425,760,241569,52,14,576515
2025-01-28,메타,외부,META_CMP_02_룩얼라이크,룩얼라이크,유사타겟,CRS_특가_겨울_v1,47161,988,196788,89,22,1062337
2025-01-28,메타,외부,META_CMP_03_재구매,재구매,VIP,IMG_배송혜택_겨울_A_v1,14738,253,68629,12,5,334551
2025-01-28,메타,외부,META_CMP_03_재구매,재구매,VIP,VID_적립혜택_겨울_B_v1,14325,302,67831,14,6,437977
2025-01-28,메타,외부,META_CMP_03_재구매,재구매,VIP,CRS_신상품_겨울_v1,13456,282,58888,11,6,484326
2025-01-28,메타,외부,META_CMP_03_재구매,재구매,윈백,IMG_배송혜택_겨울_A_v1,21666,554,91676,28,11,649384
2025-01-28,메타,외부,META_CMP_03_재구매,재구매,윈백,VID_적립혜택_겨울_B_v1,26174,550,97426,35,22,1209386
2025-01-28,메타,외부,META_CMP_03_재구매,재구매,윈백,CRS_신상품_겨울_v1,20809,386,80457,18,10,620695
2025-01-28,네이버,자체,NVR_CMP_01_브랜드KW,브랜드KW,논타겟,TXT_플러스멤버십_겨울_A_v1,7008,1082,50906,195,76,6017987
2025-01-28,네이버,자체,NVR_CMP_02_일반KW,일반KW,논타겟,TXT_할인쿠폰_겨울_A_v1,13392,858,117244,157,49,3350445
2025-01-28,네이버,자체,NVR_CMP_02_일반KW,일반KW,논타겟,TXT_플러스멤버십_겨울_B_v1,10891,724,78913,123,46,2696906
2025-01-28,네이버,자체,NVR_CMP_03_재구매,재구매,VIP,IMG_배송혜택_겨울_A_v1,6720,400,48268,27,18,1557435
2025-01-28,네이버,자체,NVR_CMP_03_재구매,재구매,VIP,VID_적립혜택_겨울_B_v1,6939,380,49564,33,23,2238781
2025-01-28,네이버,자체,NVR_CMP_03_재구매,재구매,VIP,CRS_신상품_겨울_v1,4328,308,34483,25,13,1250542
2025-01-28,네이버,자체,NVR_CMP_03_재구매,재구매,윈백,IMG_배송혜택_겨울_A_v1,10444,520,77251,45,24,2001375
2025-01-28,네이버,자체,NVR_CMP_03_재구매,재구매,윈백,VID_적립혜택_겨울_B_v1,10377,714,84530,60,45,3753349
2025-01-28,네이버,자체,NVR_CMP_03_재구매,재구매,윈백,CRS_신상품_겨울_v1,6739,300,58209,26,21,1605971
2025-01-29,구글,외부,GGL_CMP_01_플러스가입,플러스가입,논타겟,VID_플러스멤버십_겨울_A_v1,39789,1044,190016,144,38,2454698
2025-01-29,구글,외부,GGL_CMP_01_플러스가입,플러스가입,논타겟,IMG_플러스멤버십_겨울_B_v1,48209,1661,283888,196,56,3036312
2025-01-29,구글,외부,GGL_CMP_01_플러스가입,플러스가입,논타겟,CRS_플러스멤버십_겨울_v1,58761,1823,325691,181,47,3278041
2025-01-29,구글,외부,GGL_CMP_01_플러스가입,플러스가입,논타겟,IMG_적립혜택_겨울_v2,55804,1837,246743,204,43,1971284
2025-01-29,구글,외부,GGL_CMP_01_플러스가입,플러스가입,유사타겟,VID_플러스멤버십_겨울_A_v1,56245,1389,255039,159,34,1823673
2025-01-29,구글,외부,GGL_CMP_01_플러스가입,플러스가입,유사타겟,IMG_플러스멤버십_겨울_B_v1,47561,1559,300101,191,45,2752819
2025-01-29,구글,외부,GGL_CMP_01_플러스가입,플러스가입,유사타겟,CRS_플러스멤버십_겨울_v1,41056,893,246642,90,20,936277
2025-01-29,구글,외부,GGL_CMP_01_플러스가입,플러스가입,유사타겟,IMG_적립혜택_겨울_v2,63975,1856,320510,257,84,5240227
2025-01-29,구글,외부,GGL_CMP_02_리타겟팅,리타겟팅,리마케팅,VID_할인쿠폰_겨울_A_v1,24908,1030,117623,88,48,2538805
2025-01-29,구글,외부,GGL_CMP_02_리타겟팅,리타겟팅,리마케팅,IMG_할인쿠폰_겨울_B_v1,36263,1137,199476,94,43,2338168
2025-01-29,구글,외부,GGL_CMP_02_리타겟팅,리타겟팅,리마케팅,CRS_특가_겨울_v1,33607,1446,210139,198,112,7495503
2025-01-29,구글,외부,GGL_CMP_03_첫구매,첫구매,논타겟,VID_적립혜택_겨울_A_v1,64535,1792,363164,155,54,2654920
2025-01-29,구글,외부,GGL_CMP_03_첫구매,첫구매,논타겟,IMG_적립혜택_겨울_B_v1,45554,1179,300446,134,48,2583116
2025-01-29,구글,외부,GGL_CMP_03_첫구매,첫구매,논타겟,CRS_할인쿠폰_겨울_v1,38685,857,178223,71,23,1754378
2025-01-29,구글,외부,GGL_CMP_03_첫구매,첫구매,유사타겟,VID_적립혜택_겨울_A_v1,39949,1115,198015,107,53,3885196
2025-01-29,구글,외부,GGL_CMP_03_첫구매,첫구매,유사타겟,IMG_적립혜택_겨울_B_v1,54679,1345,345837,139,64,3171542
2025-01-29,구글,외부,GGL_CMP_03_첫구매,첫구매,유사타겟,CRS_할인쿠폰_겨울_v1,67240,1309,357923,142,40,2707348
2025-01-29,메타,외부,META_CMP_01_신규유저,신규유저,논타겟,VID_플러스멤버십_겨울_A_v1,34293,593,116185,49,13,568044
2025-01-29,메타,외부,META_CMP_01_신규유저,신규유저,논타겟,IMG_적립혜택_겨울_B_v1,42411,868,171227,73,18,683297
2025-01-29,메타,외부,META_CMP_01_신규유저,신규유저,논타겟,CRS_플러스멤버십_겨울_v1,40573,568,149868,39,7,374553
2025-01-29,메타,외부,META_CMP_02_룩얼라이크,룩얼라이크,유사타겟,VID_플러스멤버십_겨울_A_v1,38004,712,172149,57,13,535473
2025-01-29,메타,외부,META_CMP_02_룩얼라이크,룩얼라이크,유사타겟,IMG_할인쿠폰_겨울_B_v1,53737,1122,251762,71,16,645609
2025-01-29,메타,외부,META_CMP_02_룩얼라이크,룩얼라이크,유사타겟,CRS_특가_겨울_v1,52117,764,241291,45,8,442735
2025-01-29,메타,외부,META_CMP_03_재구매,재구매,VIP,IMG_배송혜택_겨울_A_v1,10243,294,37464,14,7,438541
2025-01-29,메타,외부,META_CMP_03_재구매,재구매,VIP,VID_적립혜택_겨울_B_v1,12219,308,58130,12,7,467032
2025-01-29,메타,외부,META_CMP_03_재구매,재구매,VIP,CRS_신상품_겨울_v1,14950,412,55442,25,12,979718
2025-01-29,메타,외부,META_CMP_03_재구매,재구매,윈백,IMG_배송혜택_겨울_A_v1,20592,346,73178,21,8,467662
2025-01-29,메타,외부,META_CMP_03_재구매,재구매,윈백,VID_적립혜택_겨울_B_v1,15126,396,66819,27,9,611273
2025-01-29,메타,외부,META_CMP_03_재구매,재구매,윈백,CRS_신상품_겨울_v1,18559,425,68163,16,9,621869
2025-01-29,네이버,자체,NVR_CMP_01_브랜드KW,브랜드KW,논타겟,TXT_플러스멤버십_겨울_A_v1,7663,955,57329,253,116,10168920
2025-01-29,네이버,자체,NVR_CMP_02_일반KW,일반KW,논타겟,TXT_할인쿠폰_겨울_A_v1,12002,1132,113452,166,45,2946525
2025-01-29,네이버,자체,NVR_CMP_02_일반KW,일반KW,논타겟,TXT_플러스멤버십_겨울_B_v1,10320,1072,90877,130,45,3571079
2025-01-29,네이버,자체,NVR_CMP_03_재구매,재구매,VIP,IMG_배송혜택_겨울_A_v1,5266,246,33717,18,15,1237734
2025-01-29,네이버,자체,NVR_CMP_03_재구매,재구매,VIP,VID_적립혜택_겨울_B_v1,4572,297,41633,26,17,1434808
2025-01-29,네이버,자체,NVR_CMP_03_재구매,재구매,VIP,CRS_신상품_겨울_v1,5945,416,51483,46,24,1800408
2025-01-29,네이버,자체,NVR_CMP_03_재구매,재구매,윈백,IMG_배송혜택_겨울_A_v1,10726,714,83220,64,33,2990876
2025-01-29,네이버,자체,NVR_CMP_03_재구매,재구매,윈백,VID_적립혜택_겨울_B_v1,10446,563,78215,64,47,4796965
2025-01-29,네이버,자체,NVR_CMP_03_재구매,재구매,윈백,CRS_신상품_겨울_v1,7440,418,55701,43,28,2290608
2025-01-30,구글,외부,GGL_CMP_01_플러스가입,플러스가입,논타겟,VID_플러스멤버십_겨울_A_v1,52417,1150,309320,161,42,1943449
2025-01-30,구글,외부,GGL_CMP_01_플러스가입,플러스가입,논타겟,IMG_플러스멤버십_겨울_B_v1,38903,953,220358,103,27,1548958
2025-01-30,구글,외부,GGL_CMP_01_플러스가입,플러스가입,논타겟,CRS_플러스멤버십_겨울_v1,47035,1397,269416,193,50,2712634
2025-01-30,구글,외부,GGL_CMP_01_플러스가입,플러스가입,논타겟,IMG_적립혜택_겨울_v2,64421,2282,358810,248,73,3513902
2025-01-30,구글,외부,GGL_CMP_01_플러스가입,플러스가입,유사타겟,VID_플러스멤버십_겨울_A_v1,65323,2041,352808,174,40,1893706
2025-01-30,구글,외부,GGL_CMP_01_플러스가입,플러스가입,유사타겟,IMG_플러스멤버십_겨울_B_v1,46826,1162,236542,161,44,2152261
2025-01-30,구글,외부,GGL_CMP_01_플러스가입,플러스가입,유사타겟,CRS_플러스멤버십_겨울_v1,58160,1462,260589,195,44,2037696
2025-01-30,구글,외부,GGL_CMP_01_플러스가입,플러스가입,유사타겟,IMG_적립혜택_겨울_v2,47564,1678,281378,166,53,3548892
2025-01-30,구글,외부,GGL_CMP_02_리타겟팅,리타겟팅,리마케팅,VID_할인쿠폰_겨울_A_v1,30481,840,199622,98,54,2943140
2025-01-30,구글,외부,GGL_CMP_02_리타겟팅,리타겟팅,리마케팅,IMG_할인쿠폰_겨울_B_v1,31466,785,204239,72,35,2389815
2025-01-30,구글,외부,GGL_CMP_02_리타겟팅,리타겟팅,리마케팅,CRS_특가_겨울_v1,28267,872,156342,114,43,2836763
2025-01-30,구글,외부,GGL_CMP_03_첫구매,첫구매,논타겟,VID_적립혜택_겨울_A_v1,63146,1842,316303,182,75,5693987
2025-01-30,구글,외부,GGL_CMP_03_첫구매,첫구매,논타겟,IMG_적립혜택_겨울_B_v1,52172,1014,260209,96,48,2785167
2025-01-30,구글,외부,GGL_CMP_03_첫구매,첫구매,논타겟,CRS_할인쿠폰_겨울_v1,47998,1352,298516,128,53,3092271
2025-01-30,구글,외부,GGL_CMP_03_첫구매,첫구매,유사타겟,VID_적립혜택_겨울_A_v1,49930,1206,270435,124,39,2710741
2025-01-30,구글,외부,GGL_CMP_03_첫구매,첫구매,유사타겟,IMG_적립혜택_겨울_B_v1,70434,1899,396890,155,49,3831421
2025-01-30,구글,외부,GGL_CMP_03_첫구매,첫구매,유사타겟,CRS_할인쿠폰_겨울_v1,39475,1060,188170,86,32,2512759
2025-01-30,메타,외부,META_CMP_01_신규유저,신규유저,논타겟,VID_플러스멤버십_겨울_A_v1,35314,716,126468,53,14,541675
2025-01-30,메타,외부,META_CMP_01_신규유저,신규유저,논타겟,IMG_적립혜택_겨울_B_v1,33409,631,153477,41,8,428873
2025-01-30,메타,외부,META_CMP_01_신규유저,신규유저,논타겟,CRS_플러스멤버십_겨울_v1,32062,639,159451,51,10,486922
2025-01-30,메타,외부,META_CMP_02_룩얼라이크,룩얼라이크,유사타겟,VID_플러스멤버십_겨울_A_v1,50218,876,246679,54,11,563023
2025-01-30,메타,외부,META_CMP_02_룩얼라이크,룩얼라이크,유사타겟,IMG_할인쿠폰_겨울_B_v1,39060,767,195172,55,14,745542
2025-01-30,메타,외부,META_CMP_02_룩얼라이크,룩얼라이크,유사타겟,CRS_특가_겨울_v1,47850,1091,186904,71,18,895066
2025-01-30,메타,외부,META_CMP_03_재구매,재구매,VIP,IMG_배송혜택_겨울_A_v1,13765,332,66218,22,8,529284
2025-01-30,메타,외부,META_CMP_03_재구매,재구매,VIP,VID_적립혜택_겨울_B_v1,11259,230,54749,10,4,247974
2025-01-30,메타,외부,META_CMP_03_재구매,재구매,VIP,CRS_신상품_겨울_v1,12601,226,55126,11,6,354668
2025-01-30,메타,외부,META_CMP_03_재구매,재구매,윈백,IMG_배송혜택_겨울_A_v1,23228,663,116895,45,16,1084387
2025-01-30,메타,외부,META_CMP_03_재구매,재구매,윈백,VID_적립혜택_겨울_B_v1,22853,545,77697,30,17,1081260
2025-01-30,메타,외부,META_CMP_03_재구매,재구매,윈백,CRS_신상품_겨울_v1,23729,559,105627,29,11,645315
2025-01-30,네이버,자체,NVR_CMP_01_브랜드KW,브랜드KW,논타겟,TXT_플러스멤버십_겨울_A_v1,7212,922,54000,276,170,10493062
2025-01-30,네이버,자체,NVR_CMP_02_일반KW,일반KW,논타겟,TXT_할인쿠폰_겨울_A_v1,12536,859,90660,117,43,3182369
2025-01-30,네이버,자체,NVR_CMP_02_일반KW,일반KW,논타겟,TXT_플러스멤버십_겨울_B_v1,9939,702,70639,101,35,2051971
2025-01-30,네이버,자체,NVR_CMP_03_재구매,재구매,VIP,IMG_배송혜택_겨울_A_v1,5205,267,45700,28,15,1231908
2025-01-30,네이버,자체,NVR_CMP_03_재구매,재구매,VIP,VID_적립혜택_겨울_B_v1,4761,292,34423,31,24,2704116
2025-01-30,네이버,자체,NVR_CMP_03_재구매,재구매,VIP,CRS_신상품_겨울_v1,4285,303,31734,26,22,1990992
2025-01-30,네이버,자체,NVR_CMP_03_재구매,재구매,윈백,IMG_배송혜택_겨울_A_v1,6376,473,47792,40,23,1874934
2025-01-30,네이버,자체,NVR_CMP_03_재구매,재구매,윈백,VID_적립혜택_겨울_B_v1,8780,640,81655,73,61,6308985
2025-01-30,네이버,자체,NVR_CMP_03_재구매,재구매,윈백,CRS_신상품_겨울_v1,8451,375,62998,26,18,1667669
2025-01-31,구글,외부,GGL_CMP_01_플러스가입,플러스가입,논타겟,VID_플러스멤버십_겨울_A_v1,57201,1335,283909,178,53,3280551
2025-01-31,구글,외부,GGL_CMP_01_플러스가입,플러스가입,논타겟,IMG_플러스멤버십_겨울_B_v1,58601,1661,269623,158,51,2333295
2025-01-31,구글,외부,GGL_CMP_01_플러스가입,플러스가입,논타겟,CRS_플러스멤버십_겨울_v1,57827,1667,313503,199,62,3271653
2025-01-31,구글,외부,GGL_CMP_01_플러스가입,플러스가입,논타겟,IMG_적립혜택_겨울_v2,45014,1269,219353,147,41,2459882
2025-01-31,구글,외부,GGL_CMP_01_플러스가입,플러스가입,유사타겟,VID_플러스멤버십_겨울_A_v1,44928,1462,258413,166,31,2007262
2025-01-31,구글,외부,GGL_CMP_01_플러스가입,플러스가입,유사타겟,IMG_플러스멤버십_겨울_B_v1,55468,1938,280624,276,63,3248937
2025-01-31,구글,외부,GGL_CMP_01_플러스가입,플러스가입,유사타겟,CRS_플러스멤버십_겨울_v1,69708,1902,355668,285,75,3636457
2025-01-31,구글,외부,GGL_CMP_01_플러스가입,플러스가입,유사타겟,IMG_적립혜택_겨울_v2,53125,1581,296698,149,46,2989008
2025-01-31,구글,외부,GGL_CMP_02_리타겟팅,리타겟팅,리마케팅,VID_할인쿠폰_겨울_A_v1,25137,774,144310,87,31,1497320
2025-01-31,구글,외부,GGL_CMP_02_리타겟팅,리타겟팅,리마케팅,IMG_할인쿠폰_겨울_B_v1,26211,1168,171906,137,72,4711914
2025-01-31,구글,외부,GGL_CMP_02_리타겟팅,리타겟팅,리마케팅,CRS_특가_겨울_v1,29111,801,149461,78,40,2254678
2025-01-31,구글,외부,GGL_CMP_03_첫구매,첫구매,논타겟,VID_적립혜택_겨울_A_v1,51834,1660,268394,176,88,6301083
2025-01-31,구글,외부,GGL_CMP_03_첫구매,첫구매,논타겟,IMG_적립혜택_겨울_B_v1,48228,1114,246352,117,40,2613566
2025-01-31,구글,외부,GGL_CMP_03_첫구매,첫구매,논타겟,CRS_할인쿠폰_겨울_v1,42025,888,215003,78,34,2128863
2025-01-31,구글,외부,GGL_CMP_03_첫구매,첫구매,유사타겟,VID_적립혜택_겨울_A_v1,68493,1699,343582,162,58,2985176
2025-01-31,구글,외부,GGL_CMP_03_첫구매,첫구매,유사타겟,IMG_적립혜택_겨울_B_v1,42164,822,255076,66,29,1766586
2025-01-31,구글,외부,GGL_CMP_03_첫구매,첫구매,유사타겟,CRS_할인쿠폰_겨울_v1,41404,876,234347,91,30,1933907
2025-01-31,메타,외부,META_CMP_01_신규유저,신규유저,논타겟,VID_플러스멤버십_겨울_A_v1,49204,898,191278,76,21,979548
2025-01-31,메타,외부,META_CMP_01_신규유저,신규유저,논타겟,IMG_적립혜택_겨울_B_v1,37791,677,171678,40,10,370075
2025-01-31,메타,외부,META_CMP_01_신규유저,신규유저,논타겟,CRS_플러스멤버십_겨울_v1,30610,504,149800,35,5,232241
2025-01-31,메타,외부,META_CMP_02_룩얼라이크,룩얼라이크,유사타겟,VID_플러스멤버십_겨울_A_v1,41798,786,184987,69,17,1050284
2025-01-31,메타,외부,META_CMP_02_룩얼라이크,룩얼라이크,유사타겟,IMG_할인쿠폰_겨울_B_v1,31610,713,138605,71,20,1136215
2025-01-31,메타,외부,META_CMP_02_룩얼라이크,룩얼라이크,유사타겟,CRS_특가_겨울_v1,48021,942,167242,78,17,868107
2025-01-31,메타,외부,META_CMP_03_재구매,재구매,VIP,IMG_배송혜택_겨울_A_v1,13165,216,62552,8,3,204336
2025-01-31,메타,외부,META_CMP_03_재구매,재구매,VIP,VID_적립혜택_겨울_B_v1,12280,315,57145,18,8,666707
2025-01-31,메타,외부,META_CMP_03_재구매,재구매,VIP,CRS_신상품_겨울_v1,10192,170,44552,11,6,431439
2025-01-31,메타,외부,META_CMP_03_재구매,재구매,윈백,IMG_배송혜택_겨울_A_v1,17330,357,70582,17,10,610591
2025-01-31,메타,외부,META_CMP_03_재구매,재구매,윈백,VID_적립혜택_겨울_B_v1,25210,545,103508,34,19,1264297
2025-01-31,메타,외부,META_CMP_03_재구매,재구매,윈백,CRS_신상품_겨울_v1,24962,441,91215,30,17,983437
2025-01-31,네이버,자체,NVR_CMP_01_브랜드KW,브랜드KW,논타겟,TXT_플러스멤버십_겨울_A_v1,10348,1243,72551,385,238,15905819
2025-01-31,네이버,자체,NVR_CMP_02_일반KW,일반KW,논타겟,TXT_할인쿠폰_겨울_A_v1,14893,1134,136181,161,78,5891540
2025-01-31,네이버,자체,NVR_CMP_02_일반KW,일반KW,논타겟,TXT_플러스멤버십_겨울_B_v1,9458,832,72325,127,62,3603204
2025-01-31,네이버,자체,NVR_CMP_03_재구매,재구매,VIP,IMG_배송혜택_겨울_A_v1,5609,254,38693,27,21,1514000
2025-01-31,네이버,자체,NVR_CMP_03_재구매,재구매,VIP,VID_적립혜택_겨울_B_v1,5124,238,35621,28,25,2541033
2025-01-31,네이버,자체,NVR_CMP_03_재구매,재구매,VIP,CRS_신상품_겨울_v1,4306,251,31776,25,21,1699926
2025-01-31,네이버,자체,NVR_CMP_03_재구매,재구매,윈백,IMG_배송혜택_겨울_A_v1,6484,463,60453,32,20,1908304
2025-01-31,네이버,자체,NVR_CMP_03_재구매,재구매,윈백,VID_적립혜택_겨울_B_v1,6797,514,45946,48,43,4583649
2025-01-31,네이버,자체,NVR_CMP_03_재구매,재구매,윈백,CRS_신상품_겨울_v1,7981,458,74137,34,26,2217963
2025-02-01,구글,외부,GGL_CMP_01_플러스가입,플러스가입,논타겟,VID_플러스멤버십_겨울_A_v1,62451,1404,304916,127,43,2158715
2025-02-01,구글,외부,GGL_CMP_01_플러스가입,플러스가입,논타겟,IMG_플러스멤버십_겨울_B_v1,39349,904,189118,115,27,1911162
2025-02-01,구글,외부,GGL_CMP_01_플러스가입,플러스가입,논타겟,CRS_플러스멤버십_겨울_v1,59602,1276,317586,163,46,3206299
2025-02-01,구글,외부,GGL_CMP_01_플러스가입,플러스가입,논타겟,IMG_적립혜택_겨울_v2,42216,939,199027,79,25,1211296
2025-02-01,구글,외부,GGL_CMP_01_플러스가입,플러스가입,유사타겟,VID_플러스멤버십_겨울_A_v1,55544,1817,314926,206,46,2809960
2025-02-01,구글,외부,GGL_CMP_01_플러스가입,플러스가입,유사타겟,IMG_플러스멤버십_겨울_B_v1,64676,1604,411570,160,51,2927515
2025-02-01,구글,외부,GGL_CMP_01_플러스가입,플러스가입,유사타겟,CRS_플러스멤버십_겨울_v1,52152,1058,271395,134,46,2183678
2025-02-01,구글,외부,GGL_CMP_01_플러스가입,플러스가입,유사타겟,IMG_적립혜택_겨울_v2,45242,1522,229624,171,59,2730614
2025-02-01,구글,외부,GGL_CMP_02_리타겟팅,리타겟팅,리마케팅,VID_할인쿠폰_겨울_A_v1,40191,1149,251115,103,32,2053402
2025-02-01,구글,외부,GGL_CMP_02_리타겟팅,리타겟팅,리마케팅,IMG_할인쿠폰_겨울_B_v1,31402,1297,163223,117,66,3867529
2025-02-01,구글,외부,GGL_CMP_02_리타겟팅,리타겟팅,리마케팅,CRS_특가_겨울_v1,33131,1398,200523,119,67,4071308
2025-02-01,구글,외부,GGL_CMP_03_첫구매,첫구매,논타겟,VID_적립혜택_겨울_A_v1,45266,1403,295968,156,59,3098539
2025-02-01,구글,외부,GGL_CMP_03_첫구매,첫구매,논타겟,IMG_적립혜택_겨울_B_v1,45734,1433,262918,164,47,2858251
2025-02-01,구글,외부,GGL_CMP_03_첫구매,첫구매,논타겟,CRS_할인쿠폰_겨울_v1,65512,1384,401581,135,49,2658224
2025-02-01,구글,외부,GGL_CMP_03_첫구매,첫구매,유사타겟,VID_적립혜택_겨울_A_v1,63709,1232,383989,140,43,2657928
2025-02-01,구글,외부,GGL_CMP_03_첫구매,첫구매,유사타겟,IMG_적립혜택_겨울_B_v1,45720,870,264390,76,32,1838059
2025-02-01,구글,외부,GGL_CMP_03_첫구매,첫구매,유사타겟,CRS_할인쿠폰_겨울_v1,66381,2068,341931,160,80,4795234
2025-02-01,메타,외부,META_CMP_01_신규유저,신규유저,논타겟,VID_플러스멤버십_겨울_A_v1,48263,871,226580,70,13,504784
2025-02-01,메타,외부,META_CMP_01_신규유저,신규유저,논타겟,IMG_적립혜택_겨울_B_v1,48101,856,229234,76,16,816444
2025-02-01,메타,외부,META_CMP_01_신규유저,신규유저,논타겟,CRS_플러스멤버십_겨울_v1,33508,545,136210,45,13,498868
2025-02-01,메타,외부,META_CMP_02_룩얼라이크,룩얼라이크,유사타겟,VID_플러스멤버십_겨울_A_v1,41526,821,146780,73,20,1037121
2025-02-01,메타,외부,META_CMP_02_룩얼라이크,룩얼라이크,유사타겟,IMG_할인쿠폰_겨울_B_v1,36601,699,159279,63,20,1044300
2025-02-01,메타,외부,META_CMP_02_룩얼라이크,룩얼라이크,유사타겟,CRS_특가_겨울_v1,48914,839,196707,74,16,917044
2025-02-01,메타,외부,META_CMP_03_재구매,재구매,VIP,IMG_배송혜택_겨울_A_v1,14032,353,65479,21,7,509661
2025-02-01,메타,외부,META_CMP_03_재구매,재구매,VIP,VID_적립혜택_겨울_B_v1,13952,371,66789,17,10,653200
2025-02-01,메타,외부,META_CMP_03_재구매,재구매,VIP,CRS_신상품_겨울_v1,11516,348,43785,22,9,716932
2025-02-01,메타,외부,META_CMP_03_재구매,재구매,윈백,IMG_배송혜택_겨울_A_v1,23413,661,112363,33,17,1336527
2025-02-01,메타,외부,META_CMP_03_재구매,재구매,윈백,VID_적립혜택_겨울_B_v1,22309,565,86686,31,12,799423
2025-02-01,메타,외부,META_CMP_03_재구매,재구매,윈백,CRS_신상품_겨울_v1,24362,657,121119,32,12,879720
2025-02-01,네이버,자체,NVR_CMP_01_브랜드KW,브랜드KW,논타겟,TXT_플러스멤버십_겨울_A_v1,8631,1093,74451,214,84,6295863
2025-02-01,네이버,자체,NVR_CMP_02_일반KW,일반KW,논타겟,TXT_할인쿠폰_겨울_A_v1,12045,915,112597,108,52,3892291
2025-02-01,네이버,자체,NVR_CMP_02_일반KW,일반KW,논타겟,TXT_플러스멤버십_겨울_B_v1,15352,1200,100256,192,81,4705082
2025-02-01,네이버,자체,NVR_CMP_03_재구매,재구매,VIP,IMG_배송혜택_겨울_A_v1,4229,269,29988,18,10,703415
2025-02-01,네이버,자체,NVR_CMP_03_재구매,재구매,VIP,VID_적립혜택_겨울_B_v1,5269,292,48018,29,21,2268113
2025-02-01,네이버,자체,NVR_CMP_03_재구매,재구매,VIP,CRS_신상품_겨울_v1,5984,300,45387,35,30,2500041
2025-02-01,네이버,자체,NVR_CMP_03_재구매,재구매,윈백,IMG_배송혜택_겨울_A_v1,10899,540,88527,40,36,3725103
2025-02-01,네이버,자체,NVR_CMP_03_재구매,재구매,윈백,VID_적립혜택_겨울_B_v1,8964,593,77953,61,44,4936463
2025-02-01,네이버,자체,NVR_CMP_03_재구매,재구매,윈백,CRS_신상품_겨울_v1,8422,473,79589,36,26,2436211
2025-02-02,구글,외부,GGL_CMP_01_플러스가입,플러스가입,논타겟,VID_플러스멤버십_겨울_A_v1,57193,1162,342101,141,48,3072643
2025-02-02,구글,외부,GGL_CMP_01_플러스가입,플러스가입,논타겟,IMG_플러스멤버십_겨울_B_v1,66604,1518,359305,181,53,2813752
2025-02-02,구글,외부,GGL_CMP_01_플러스가입,플러스가입,논타겟,CRS_플러스멤버십_겨울_v1,52788,1609,268786,132,37,2352575
2025-02-02,구글,외부,GGL_CMP_01_플러스가입,플러스가입,논타겟,IMG_적립혜택_겨울_v2,52483,1642,315508,163,46,2983908
2025-02-02,구글,외부,GGL_CMP_01_플러스가입,플러스가입,유사타겟,VID_플러스멤버십_겨울_A_v1,39790,824,257900,100,34,1858266
2025-02-02,구글,외부,GGL_CMP_01_플러스가입,플러스가입,유사타겟,IMG_플러스멤버십_겨울_B_v1,39059,980,232635,140,37,1815796
2025-02-02,구글,외부,GGL_CMP_01_플러스가입,플러스가입,유사타겟,CRS_플러스멤버십_겨울_v1,46603,1475,258764,122,35,2485184
2025-02-02,구글,외부,GGL_CMP_01_플러스가입,플러스가입,유사타겟,IMG_적립혜택_겨울_v2,52463,1013,275245,84,28,1665790
2025-02-02,구글,외부,GGL_CMP_02_리타겟팅,리타겟팅,리마케팅,VID_할인쿠폰_겨울_A_v1,25030,728,129143,96,53,3206089
2025-02-02,구글,외부,GGL_CMP_02_리타겟팅,리타겟팅,리마케팅,IMG_할인쿠폰_겨울_B_v1,24950,689,154735,53,17,999323
2025-02-02,구글,외부,GGL_CMP_02_리타겟팅,리타겟팅,리마케팅,CRS_특가_겨울_v1,27065,861,129829,94,52,2999641
2025-02-02,구글,외부,GGL_CMP_03_첫구매,첫구매,논타겟,VID_적립혜택_겨울_A_v1,64822,1667,340669,145,43,2802416
2025-02-02,구글,외부,GGL_CMP_03_첫구매,첫구매,논타겟,IMG_적립혜택_겨울_B_v1,41920,987,217494,111,54,3938217
2025-02-02,구글,외부,GGL_CMP_03_첫구매,첫구매,논타겟,CRS_할인쿠폰_겨울_v1,52176,1432,266370,130,52,3353519
2025-02-02,구글,외부,GGL_CMP_03_첫구매,첫구매,유사타겟,VID_적립혜택_겨울_A_v1,49950,1022,323543,87,32,1628552
2025-02-02,구글,외부,GGL_CMP_03_첫구매,첫구매,유사타겟,IMG_적립혜택_겨울_B_v1,45557,1475,277699,154,67,4312012
2025-02-02,구글,외부,GGL_CMP_03_첫구매,첫구매,유사타겟,CRS_할인쿠폰_겨울_v1,63946,1639,371530,168,66,3288649
2025-02-02,메타,외부,META_CMP_01_신규유저,신규유저,논타겟,VID_플러스멤버십_겨울_A_v1,47062,933,216520,66,11,494282
2025-02-02,메타,외부,META_CMP_01_신규유저,신규유저,논타겟,IMG_적립혜택_겨울_B_v1,48644,888,169407,51,9,459734
2025-02-02,메타,외부,META_CMP_01_신규유저,신규유저,논타겟,CRS_플러스멤버십_겨울_v1,49399,562,185930,46,12,707092
2025-02-02,메타,외부,META_CMP_02_룩얼라이크,룩얼라이크,유사타겟,VID_플러스멤버십_겨울_A_v1,28619,404,107996,34,10,485481
2025-02-02,메타,외부,META_CMP_02_룩얼라이크,룩얼라이크,유사타겟,IMG_할인쿠폰_겨울_B_v1,48321,993,184489,85,20,966547
2025-02-02,메타,외부,META_CMP_02_룩얼라이크,룩얼라이크,유사타겟,CRS_특가_겨울_v1,41740,808,167978,69,16,868977
2025-02-02,메타,외부,META_CMP_03_재구매,재구매,VIP,IMG_배송혜택_겨울_A_v1,11731,222,45868,15,6,459830
2025-02-02,메타,외부,META_CMP_03_재구매,재구매,VIP,VID_적립혜택_겨울_B_v1,12309,220,43827,14,8,685496
2025-02-02,메타,외부,META_CMP_03_재구매,재구매,VIP,CRS_신상품_겨울_v1,11592,207,43402,13,5,396906
2025-02-02,메타,외부,META_CMP_03_재구매,재구매,윈백,IMG_배송혜택_겨울_A_v1,15467,382,53036,26,15,901640
2025-02-02,메타,외부,META_CMP_03_재구매,재구매,윈백,VID_적립혜택_겨울_B_v1,17813,529,87439,26,10,754029
2025-02-02,메타,외부,META_CMP_03_재구매,재구매,윈백,CRS_신상품_겨울_v1,15954,304,71242,16,9,504821
2025-02-02,네이버,자체,NVR_CMP_01_브랜드KW,브랜드KW,논타겟,TXT_플러스멤버십_겨울_A_v1,10787,1068,92674,242,129,9759338
2025-02-02,네이버,자체,NVR_CMP_02_일반KW,일반KW,논타겟,TXT_할인쿠폰_겨울_A_v1,9004,612,68609,99,45,3304330
2025-02-02,네이버,자체,NVR_CMP_02_일반KW,일반KW,논타겟,TXT_플러스멤버십_겨울_B_v1,8792,775,81894,152,63,3676460
2025-02-02,네이버,자체,NVR_CMP_03_재구매,재구매,VIP,IMG_배송혜택_겨울_A_v1,5404,286,51670,26,22,1673896
2025-02-02,네이버,자체,NVR_CMP_03_재구매,재구매,VIP,VID_적립혜택_겨울_B_v1,4073,305,39090,35,22,1547670
2025-02-02,네이버,자체,NVR_CMP_03_재구매,재구매,VIP,CRS_신상품_겨울_v1,5188,253,39881,29,18,1985717
2025-02-02,네이버,자체,NVR_CMP_03_재구매,재구매,윈백,IMG_배송혜택_겨울_A_v1,7872,422,58593,38,30,2351301
2025-02-02,네이버,자체,NVR_CMP_03_재구매,재구매,윈백,VID_적립혜택_겨울_B_v1,9244,579,85795,57,46,4009186
2025-02-02,네이버,자체,NVR_CMP_03_재구매,재구매,윈백,CRS_신상품_겨울_v1,9208,474,83473,53,39,2794289
2025-02-03,구글,외부,GGL_CMP_01_플러스가입,플러스가입,논타겟,VID_플러스멤버십_겨울_A_v1,69471,1544,373376,201,50,3117116
2025-02-03,구글,외부,GGL_CMP_01_플러스가입,플러스가입,논타겟,IMG_플러스멤버십_겨울_B_v1,64702,2080,312846,230,60,4072249
2025-02-03,구글,외부,GGL_CMP_01_플러스가입,플러스가입,논타겟,CRS_플러스멤버십_겨울_v1,73383,2302,464295,297,93,4311305
2025-02-03,구글,외부,GGL_CMP_01_플러스가입,플러스가입,논타겟,IMG_적립혜택_겨울_v2,61048,2083,295876,192,42,2818983
2025-02-03,구글,외부,GGL_CMP_01_플러스가입,플러스가입,유사타겟,VID_플러스멤버십_겨울_A_v1,67722,2089,341145,185,51,3507395
2025-02-03,구글,외부,GGL_CMP_01_플러스가입,플러스가입,유사타겟,IMG_플러스멤버십_겨울_B_v1,54654,1550,296938,233,70,4819529
2025-02-03,구글,외부,GGL_CMP_01_플러스가입,플러스가입,유사타겟,CRS_플러스멤버십_겨울_v1,79296,1703,415359,184,39,1737400
2025-02-03,구글,외부,GGL_CMP_01_플러스가입,플러스가입,유사타겟,IMG_적립혜택_겨울_v2,55625,1891,363490,280,78,5331620
2025-02-03,구글,외부,GGL_CMP_02_리타겟팅,리타겟팅,리마케팅,VID_할인쿠폰_겨울_A_v1,36302,1189,171667,166,87,5428352
2025-02-03,구글,외부,GGL_CMP_02_리타겟팅,리타겟팅,리마케팅,IMG_할인쿠폰_겨울_B_v1,30931,1149,190489,88,48,2663415
2025-02-03,구글,외부,GGL_CMP_02_리타겟팅,리타겟팅,리마케팅,CRS_특가_겨울_v1,41755,1826,228698,245,80,4045368
2025-02-03,구글,외부,GGL_CMP_03_첫구매,첫구매,논타겟,VID_적립혜택_겨울_A_v1,79062,2284,427551,153,61,3193481
2025-02-03,구글,외부,GGL_CMP_03_첫구매,첫구매,논타겟,IMG_적립혜택_겨울_B_v1,63827,1982,334201,128,55,3821394
2025-02-03,구글,외부,GGL_CMP_03_첫구매,첫구매,논타겟,CRS_할인쿠폰_겨울_v1,64921,1469,420324,149,59,3728040
2025-02-03,구글,외부,GGL_CMP_03_첫구매,첫구매,유사타겟,VID_적립혜택_겨울_A_v1,75606,1684,417295,116,53,3857782
2025-02-03,구글,외부,GGL_CMP_03_첫구매,첫구매,유사타겟,IMG_적립혜택_겨울_B_v1,81185,2369,511475,150,41,2985264
2025-02-03,구글,외부,GGL_CMP_03_첫구매,첫구매,유사타겟,CRS_할인쿠폰_겨울_v1,84068,2052,531434,216,64,3333750
2025-02-03,메타,외부,META_CMP_01_신규유저,신규유저,논타겟,VID_플러스멤버십_겨울_A_v1,39638,816,133439,67,12,451439
2025-02-03,메타,외부,META_CMP_01_신규유저,신규유저,논타겟,IMG_적립혜택_겨울_B_v1,42964,899,188061,51,10,518964
2025-02-03,메타,외부,META_CMP_01_신규유저,신규유저,논타겟,CRS_플러스멤버십_겨울_v1,42289,560,152314,40,11,576831
2025-02-03,메타,외부,META_CMP_02_룩얼라이크,룩얼라이크,유사타겟,VID_플러스멤버십_겨울_A_v1,67997,976,301043,79,20,1011194
2025-02-03,메타,외부,META_CMP_02_룩얼라이크,룩얼라이크,유사타겟,IMG_할인쿠폰_겨울_B_v1,53462,1051,266587,68,19,759081
2025-02-03,메타,외부,META_CMP_02_룩얼라이크,룩얼라이크,유사타겟,CRS_특가_겨울_v1,62507,841,290298,73,12,675149
2025-02-03,메타,외부,META_CMP_03_재구매,재구매,VIP,IMG_배송혜택_겨울_A_v1,17461,452,60601,21,12,826877
2025-02-03,메타,외부,META_CMP_03_재구매,재구매,VIP,VID_적립혜택_겨울_B_v1,13987,425,51468,25,9,590555
2025-02-03,메타,외부,META_CMP_03_재구매,재구매,VIP,CRS_신상품_겨울_v1,20213,462,98447,25,9,710806
2025-02-03,메타,외부,META_CMP_03_재구매,재구매,윈백,IMG_배송혜택_겨울_A_v1,33963,857,136906,33,19,1443915
2025-02-03,메타,외부,META_CMP_03_재구매,재구매,윈백,VID_적립혜택_겨울_B_v1,24537,453,96349,18,8,511666
2025-02-03,메타,외부,META_CMP_03_재구매,재구매,윈백,CRS_신상품_겨울_v1,29773,668,147421,29,18,1003823
2025-02-03,네이버,자체,NVR_CMP_01_브랜드KW,브랜드KW,논타겟,TXT_플러스멤버십_겨울_A_v1,9827,1115,92557,316,157,8635344
2025-02-03,네이버,자체,NVR_CMP_02_일반KW,일반KW,논타겟,TXT_할인쿠폰_겨울_A_v1,15079,944,102751,127,55,4104146
2025-02-03,네이버,자체,NVR_CMP_02_일반KW,일반KW,논타겟,TXT_플러스멤버십_겨울_B_v1,15249,1173,107814,163,52,3984660
2025-02-03,네이버,자체,NVR_CMP_03_재구매,재구매,VIP,IMG_배송혜택_겨울_A_v1,6972,426,52007,33,17,1417928
2025-02-03,네이버,자체,NVR_CMP_03_재구매,재구매,VIP,VID_적립혜택_겨울_B_v1,5684,396,45264,37,18,1649082
2025-02-03,네이버,자체,NVR_CMP_03_재구매,재구매,VIP,CRS_신상품_겨울_v1,6713,416,62101,50,30,2668429
2025-02-03,네이버,자체,NVR_CMP_03_재구매,재구매,윈백,IMG_배송혜택_겨울_A_v1,13597,584,97750,60,37,3893802
2025-02-03,네이버,자체,NVR_CMP_03_재구매,재구매,윈백,VID_적립혜택_겨울_B_v1,14525,903,117888,103,78,8658413
2025-02-03,네이버,자체,NVR_CMP_03_재구매,재구매,윈백,CRS_신상품_겨울_v1,9190,634,67122,71,47,4933432
2025-02-04,구글,외부,GGL_CMP_01_플러스가입,플러스가입,논타겟,VID_플러스멤버십_겨울_A_v1,60003,1909,274403,218,73,3508336
2025-02-04,구글,외부,GGL_CMP_01_플러스가입,플러스가입,논타겟,IMG_플러스멤버십_겨울_B_v1,42055,999,210573,131,34,1648312
2025-02-04,구글,외부,GGL_CMP_01_플러스가입,플러스가입,논타겟,CRS_플러스멤버십_겨울_v1,56734,1437,288980,190,52,3187313
2025-02-04,구글,외부,GGL_CMP_01_플러스가입,플러스가입,논타겟,IMG_적립혜택_겨울_v2,39639,948,223737,115,38,1730372
2025-02-04,구글,외부,GGL_CMP_01_플러스가입,플러스가입,유사타겟,VID_플러스멤버십_겨울_A_v1,43501,1212,281376,119,37,2617335
2025-02-04,구글,외부,GGL_CMP_01_플러스가입,플러스가입,유사타겟,IMG_플러스멤버십_겨울_B_v1,56488,1576,328308,172,36,2398617
2025-02-04,구글,외부,GGL_CMP_01_플러스가입,플러스가입,유사타겟,CRS_플러스멤버십_겨울_v1,47104,1092,274073,132,26,1746668
2025-02-04,구글,외부,GGL_CMP_01_플러스가입,플러스가입,유사타겟,IMG_적립혜택_겨울_v2,43536,1463,239504,152,47,2934314
2025-02-04,구글,외부,GGL_CMP_02_리타겟팅,리타겟팅,리마케팅,VID_할인쿠폰_겨울_A_v1,36903,1330,165631,151,56,3361418
2025-02-04,구글,외부,GGL_CMP_02_리타겟팅,리타겟팅,리마케팅,IMG_할인쿠폰_겨울_B_v1,40891,1142,199062,126,70,4512688
2025-02-04,구글,외부,GGL_CMP_02_리타겟팅,리타겟팅,리마케팅,CRS_특가_겨울_v1,27091,1009,139136,97,37,1749253
2025-02-04,구글,외부,GGL_CMP_03_첫구매,첫구매,논타겟,VID_적립혜택_겨울_A_v1,55389,1306,266234,85,39,2763934
2025-02-04,구글,외부,GGL_CMP_03_첫구매,첫구매,논타겟,IMG_적립혜택_겨울_B_v1,65986,1822,419053,195,69,3453078
2025-02-04,구글,외부,GGL_CMP_03_첫구매,첫구매,논타겟,CRS_할인쿠폰_겨울_v1,55366,1226,269972,89,31,1968893
2025-02-04,구글,외부,GGL_CMP_03_첫구매,첫구매,유사타겟,VID_적립혜택_겨울_A_v1,63377,1984,345809,188,86,5897663
2025-02-04,구글,외부,GGL_CMP_03_첫구매,첫구매,유사타겟,IMG_적립혜택_겨울_B_v1,39529,721,174903,56,15,927946
2025-02-04,구글,외부,GGL_CMP_03_첫구매,첫구매,유사타겟,CRS_할인쿠폰_겨울_v1,59810,1917,360778,159,53,3613125
2025-02-04,메타,외부,META_CMP_01_신규유저,신규유저,논타겟,VID_플러스멤버십_겨울_A_v1,40914,834,205058,72,12,611963
2025-02-04,메타,외부,META_CMP_01_신규유저,신규유저,논타겟,IMG_적립혜택_겨울_B_v1,33799,420,154721,28,7,366269
2025-02-04,메타,외부,META_CMP_01_신규유저,신규유저,논타겟,CRS_플러스멤버십_겨울_v1,46833,629,188637,40,6,278044
2025-02-04,메타,외부,META_CMP_02_룩얼라이크,룩얼라이크,유사타겟,VID_플러스멤버십_겨울_A_v1,45946,1055,222025,91,25,1081619
2025-02-04,메타,외부,META_CMP_02_룩얼라이크,룩얼라이크,유사타겟,IMG_할인쿠폰_겨울_B_v1,46779,998,235439,55,14,825551
2025-02-04,메타,외부,META_CMP_02_룩얼라이크,룩얼라이크,유사타겟,CRS_특가_겨울_v1,48111,755,168799,53,15,772052
2025-02-04,메타,외부,META_CMP_03_재구매,재구매,VIP,IMG_배송혜택_겨울_A_v1,11244,285,45468,16,7,607642
2025-02-04,메타,외부,META_CMP_03_재구매,재구매,VIP,VID_적립혜택_겨울_B_v1,13928,307,69294,12,5,291923
2025-02-04,메타,외부,META_CMP_03_재구매,재구매,VIP,CRS_신상품_겨울_v1,13963,403,54972,28,18,1055406
2025-02-04,메타,외부,META_CMP_03_재구매,재구매,윈백,IMG_배송혜택_겨울_A_v1,21928,660,102865,44,20,1628553
2025-02-04,메타,외부,META_CMP_03_재구매,재구매,윈백,VID_적립혜택_겨울_B_v1,21950,438,94050,31,17,1304626
2025-02-04,메타,외부,META_CMP_03_재구매,재구매,윈백,CRS_신상품_겨울_v1,19403,573,82246,38,15,983371
2025-02-04,네이버,자체,NVR_CMP_01_브랜드KW,브랜드KW,논타겟,TXT_플러스멤버십_겨울_A_v1,8749,1418,81057,276,101,8243777
2025-02-04,네이버,자체,NVR_CMP_02_일반KW,일반KW,논타겟,TXT_할인쿠폰_겨울_A_v1,16002,1095,123209,204,80,4207536
2025-02-04,네이버,자체,NVR_CMP_02_일반KW,일반KW,논타겟,TXT_플러스멤버십_겨울_B_v1,10223,965,67761,128,62,3886125
2025-02-04,네이버,자체,NVR_CMP_03_재구매,재구매,VIP,IMG_배송혜택_겨울_A_v1,5036,243,39136,24,16,1537959
2025-02-04,네이버,자체,NVR_CMP_03_재구매,재구매,VIP,VID_적립혜택_겨울_B_v1,3880,254,35524,22,15,1105402
2025-02-04,네이버,자체,NVR_CMP_03_재구매,재구매,VIP,CRS_신상품_겨울_v1,5368,224,35019,21,18,1620889
2025-02-04,네이버,자체,NVR_CMP_03_재구매,재구매,윈백,IMG_배송혜택_겨울_A_v1,11280,641,99230,51,46,3262800
2025-02-04,네이버,자체,NVR_CMP_03_재구매,재구매,윈백,VID_적립혜택_겨울_B_v1,8517,351,58008,41,33,3631397
2025-02-04,네이버,자체,NVR_CMP_03_재구매,재구매,윈백,CRS_신상품_겨울_v1,8396,616,71298,43,31,3092020
2025-02-05,구글,외부,GGL_CMP_01_플러스가입,플러스가입,논타겟,VID_플러스멤버십_겨울_A_v1,48079,1188,223148,110,35,1731655
2025-02-05,구글,외부,GGL_CMP_01_플러스가입,플러스가입,논타겟,IMG_플러스멤버십_겨울_B_v1,68378,2187,307463,207,50,3139170
2025-02-05,구글,외부,GGL_CMP_01_플러스가입,플러스가입,논타겟,CRS_플러스멤버십_겨울_v1,68584,1435,322774,192,65,3865952
2025-02-05,구글,외부,GGL_CMP_01_플러스가입,플러스가입,논타겟,IMG_적립혜택_겨울_v2,55830,1713,323626,153,40,2066792
2025-02-05,구글,외부,GGL_CMP_01_플러스가입,플러스가입,유사타겟,VID_플러스멤버십_겨울_A_v1,69805,1755,368774,256,85,5786558
2025-02-05,구글,외부,GGL_CMP_01_플러스가입,플러스가입,유사타겟,IMG_플러스멤버십_겨울_B_v1,53221,1899,277883,190,37,2431823
2025-02-05,구글,외부,GGL_CMP_01_플러스가입,플러스가입,유사타겟,CRS_플러스멤버십_겨울_v1,43363,930,257717,76,15,985085
2025-02-05,구글,외부,GGL_CMP_01_플러스가입,플러스가입,유사타겟,IMG_적립혜택_겨울_v2,67552,1453,434063,206,65,3197242
2025-02-05,구글,외부,GGL_CMP_02_리타겟팅,리타겟팅,리마케팅,VID_할인쿠폰_겨울_A_v1,35641,1278,219852,108,37,2146790
2025-02-05,구글,외부,GGL_CMP_02_리타겟팅,리타겟팅,리마케팅,IMG_할인쿠폰_겨울_B_v1,34309,1018,207827,132,54,2710632
2025-02-05,구글,외부,GGL_CMP_02_리타겟팅,리타겟팅,리마케팅,CRS_특가_겨울_v1,38556,967,226618,131,55,3337235
2025-02-05,구글,외부,GGL_CMP_03_첫구매,첫구매,논타겟,VID_적립혜택_겨울_A_v1,64585,1991,375968,206,63,4190703
2025-02-05,구글,외부,GGL_CMP_03_첫구매,첫구매,논타겟,IMG_적립혜택_겨울_B_v1,40689,763,258848,54,22,1310716
2025-02-05,구글,외부,GGL_CMP_03_첫구매,첫구매,논타겟,CRS_할인쿠폰_겨울_v1,48515,1238,248377,98,48,3065810
2025-02-05,구글,외부,GGL_CMP_03_첫구매,첫구매,유사타겟,VID_적립혜택_겨울_A_v1,68973,1833,403783,172,65,3324904
2025-02-05,구글,외부,GGL_CMP_03_첫구매,첫구매,유사타겟,IMG_적립혜택_겨울_B_v1,46802,1007,233858,79,31,1793964
2025-02-05,구글,외부,GGL_CMP_03_첫구매,첫구매,유사타겟,CRS_할인쿠폰_겨울_v1,48609,1452,269239,123,41,2510077
2025-02-05,메타,외부,META_CMP_01_신규유저,신규유저,논타겟,VID_플러스멤버십_겨울_A_v1,48801,693,220304,44,10,438020
2025-02-05,메타,외부,META_CMP_01_신규유저,신규유저,논타겟,IMG_적립혜택_겨울_B_v1,51478,903,190759,74,19,772429
2025-02-05,메타,외부,META_CMP_01_신규유저,신규유저,논타겟,CRS_플러스멤버십_겨울_v1,36222,610,154409,33,7,295664
2025-02-05,메타,외부,META_CMP_02_룩얼라이크,룩얼라이크,유사타겟,VID_플러스멤버십_겨울_A_v1,34160,775,168023,58,18,943308
2025-02-05,메타,외부,META_CMP_02_룩얼라이크,룩얼라이크,유사타겟,IMG_할인쿠폰_겨울_B_v1,40178,932,175178,70,16,660266
2025-02-05,메타,외부,META_CMP_02_룩얼라이크,룩얼라이크,유사타겟,CRS_특가_겨울_v1,50748,791,217276,52,15,909269
2025-02-05,메타,외부,META_CMP_03_재구매,재구매,VIP,IMG_배송혜택_겨울_A_v1,8894,187,39213,9,4,246017
2025-02-05,메타,외부,META_CMP_03_재구매,재구매,VIP,VID_적립혜택_겨울_B_v1,15176,280,65109,13,5,404159
2025-02-05,메타,외부,META_CMP_03_재구매,재구매,VIP,CRS_신상품_겨울_v1,9509,254,47585,12,5,284874
2025-02-05,메타,외부,META_CMP_03_재구매,재구매,윈백,IMG_배송혜택_겨울_A_v1,16886,328,59783,15,6,439414
2025-02-05,메타,외부,META_CMP_03_재구매,재구매,윈백,VID_적립혜택_겨울_B_v1,15733,415,64560,26,12,893109
2025-02-05,메타,외부,META_CMP_03_재구매,재구매,윈백,CRS_신상품_겨울_v1,20893,573,88591,28,13,967790
2025-02-05,네이버,자체,NVR_CMP_01_브랜드KW,브랜드KW,논타겟,TXT_플러스멤버십_겨울_A_v1,9545,1442,72623,405,175,11423058
2025-02-05,네이버,자체,NVR_CMP_02_일반KW,일반KW,논타겟,TXT_할인쿠폰_겨울_A_v1,13359,1062,86535,208,67,4772075
2025-02-05,네이버,자체,NVR_CMP_02_일반KW,일반KW,논타겟,TXT_플러스멤버십_겨울_B_v1,11700,942,101993,183,53,3047642
2025-02-05,네이버,자체,NVR_CMP_03_재구매,재구매,VIP,IMG_배송혜택_겨울_A_v1,4326,306,36615,31,25,2653804
2025-02-05,네이버,자체,NVR_CMP_03_재구매,재구매,VIP,VID_적립혜택_겨울_B_v1,6747,298,58193,20,10,1098892
2025-02-05,네이버,자체,NVR_CMP_03_재구매,재구매,VIP,CRS_신상품_겨울_v1,6747,330,49908,32,18,1322002
2025-02-05,네이버,자체,NVR_CMP_03_재구매,재구매,윈백,IMG_배송혜택_겨울_A_v1,11384,536,92818,65,56,4462810
2025-02-05,네이버,자체,NVR_CMP_03_재구매,재구매,윈백,VID_적립혜택_겨울_B_v1,6848,476,47744,35,23,2356610
2025-02-05,네이버,자체,NVR_CMP_03_재구매,재구매,윈백,CRS_신상품_겨울_v1,6347,450,56186,43,21,1918050
2025-02-06,구글,외부,GGL_CMP_01_플러스가입,플러스가입,논타겟,VID_플러스멤버십_겨울_A_v1,42865,1434,267281,175,40,2030367
2025-02-06,구글,외부,GGL_CMP_01_플러스가입,플러스가입,논타겟,IMG_플러스멤버십_겨울_B_v1,63398,1290,331593,105,27,1781137
2025-02-06,구글,외부,GGL_CMP_01_플러스가입,플러스가입,논타겟,CRS_플러스멤버십_겨울_v1,55826,1960,361486,209,60,3825287
2025-02-06,구글,외부,GGL_CMP_01_플러스가입,플러스가입,논타겟,IMG_적립혜택_겨울_v2,55104,1515,340027,146,41,2218357
2025-02-06,구글,외부,GGL_CMP_01_플러스가입,플러스가입,유사타겟,VID_플러스멤버십_겨울_A_v1,50829,1242,245867,103,26,1600494
2025-02-06,구글,외부,GGL_CMP_01_플러스가입,플러스가입,유사타겟,IMG_플러스멤버십_겨울_B_v1,59919,1451,295873,120,27,1513976
2025-02-06,구글,외부,GGL_CMP_01_플러스가입,플러스가입,유사타겟,CRS_플러스멤버십_겨울_v1,53788,1404,242743,208,69,4786911
2025-02-06,구글,외부,GGL_CMP_01_플러스가입,플러스가입,유사타겟,IMG_적립혜택_겨울_v2,60063,1585,343327,169,45,2570421
2025-02-06,구글,외부,GGL_CMP_02_리타겟팅,리타겟팅,리마케팅,VID_할인쿠폰_겨울_A_v1,26930,1181,128324,165,58,3686212
2025-02-06,구글,외부,GGL_CMP_02_리타겟팅,리타겟팅,리마케팅,IMG_할인쿠폰_겨울_B_v1,23577,777,145157,81,39,2021584
2025-02-06,구글,외부,GGL_CMP_02_리타겟팅,리타겟팅,리마케팅,CRS_특가_겨울_v1,32752,1327,146714,167,85,5063844
2025-02-06,구글,외부,GGL_CMP_03_첫구매,첫구매,논타겟,VID_적립혜택_겨울_A_v1,60300,1453,361173,112,34,2586672
2025-02-06,구글,외부,GGL_CMP_03_첫구매,첫구매,논타겟,IMG_적립혜택_겨울_B_v1,48496,1542,234133,144,53,3889359
2025-02-06,구글,외부,GGL_CMP_03_첫구매,첫구매,논타겟,CRS_할인쿠폰_겨울_v1,38518,712,242257,55,21,1058383
2025-02-06,구글,외부,GGL_CMP_03_첫구매,첫구매,유사타겟,VID_적립혜택_겨울_A_v1,41138,1003,262407,96,48,3558262
2025-02-06,구글,외부,GGL_CMP_03_첫구매,첫구매,유사타겟,IMG_적립혜택_겨울_B_v1,65374,1468,383279,134,57,4199167
2025-02-06,구글,외부,GGL_CMP_03_첫구매,첫구매,유사타겟,CRS_할인쿠폰_겨울_v1,46594,1384,249489,107,52,2989594
2025-02-06,메타,외부,META_CMP_01_신규유저,신규유저,논타겟,VID_플러스멤버십_겨울_A_v1,49602,686,235334,49,13,539137
2025-02-06,메타,외부,META_CMP_01_신규유저,신규유저,논타겟,IMG_적립혜택_겨울_B_v1,43063,640,198410,42,8,306637
2025-02-06,메타,외부,META_CMP_01_신규유저,신규유저,논타겟,CRS_플러스멤버십_겨울_v1,37311,745,152671,62,11,519952
2025-02-06,메타,외부,META_CMP_02_룩얼라이크,룩얼라이크,유사타겟,VID_플러스멤버십_겨울_A_v1,51553,923,256213,74,17,999375
2025-02-06,메타,외부,META_CMP_02_룩얼라이크,룩얼라이크,유사타겟,IMG_할인쿠폰_겨울_B_v1,37644,627,131725,36,10,386037
2025-02-06,메타,외부,META_CMP_02_룩얼라이크,룩얼라이크,유사타겟,CRS_특가_겨울_v1,49764,975,250128,52,10,416035
2025-02-06,메타,외부,META_CMP_03_재구매,재구매,VIP,IMG_배송혜택_겨울_A_v1,11520,281,39490,19,8,440547
2025-02-06,메타,외부,META_CMP_03_재구매,재구매,VIP,VID_적립혜택_겨울_B_v1,10273,192,41263,13,4,294788
2025-02-06,메타,외부,META_CMP_03_재구매,재구매,VIP,CRS_신상품_겨울_v1,9310,231,35348,14,7,398927
2025-02-06,메타,외부,META_CMP_03_재구매,재구매,윈백,IMG_배송혜택_겨울_A_v1,23079,603,108962,30,15,954401
2025-02-06,메타,외부,META_CMP_03_재구매,재구매,윈백,VID_적립혜택_겨울_B_v1,27105,561,105945,26,10,589753
2025-02-06,메타,외부,META_CMP_03_재구매,재구매,윈백,CRS_신상품_겨울_v1,20356,376,70908,24,13,951905
2025-02-06,네이버,자체,NVR_CMP_01_브랜드KW,브랜드KW,논타겟,TXT_플러스멤버십_겨울_A_v1,11389,1585,94307,480,208,14704993
2025-02-06,네이버,자체,NVR_CMP_02_일반KW,일반KW,논타겟,TXT_할인쿠폰_겨울_A_v1,9057,889,65274,112,43,3010353
2025-02-06,네이버,자체,NVR_CMP_02_일반KW,일반KW,논타겟,TXT_플러스멤버십_겨울_B_v1,11291,1170,87522,162,77,5171599
2025-02-06,네이버,자체,NVR_CMP_03_재구매,재구매,VIP,IMG_배송혜택_겨울_A_v1,5127,297,49028,22,18,1437426
2025-02-06,네이버,자체,NVR_CMP_03_재구매,재구매,VIP,VID_적립혜택_겨울_B_v1,5133,349,43225,37,30,2568877
2025-02-06,네이버,자체,NVR_CMP_03_재구매,재구매,VIP,CRS_신상품_겨울_v1,4463,234,37970,25,17,1572155
2025-02-06,네이버,자체,NVR_CMP_03_재구매,재구매,윈백,IMG_배송혜택_겨울_A_v1,8648,642,77494,59,46,4286516
2025-02-06,네이버,자체,NVR_CMP_03_재구매,재구매,윈백,VID_적립혜택_겨울_B_v1,8499,535,75929,50,42,4609949
2025-02-06,네이버,자체,NVR_CMP_03_재구매,재구매,윈백,CRS_신상품_겨울_v1,9490,538,69855,56,28,2223175
2025-02-07,구글,외부,GGL_CMP_01_플러스가입,플러스가입,논타겟,VID_플러스멤버십_겨울_A_v1,39837,1392,214656,152,39,2744138
2025-02-07,구글,외부,GGL_CMP_01_플러스가입,플러스가입,논타겟,IMG_플러스멤버십_겨울_B_v1,52252,1438,339414,197,57,2987974
2025-02-07,구글,외부,GGL_CMP_01_플러스가입,플러스가입,논타겟,CRS_플러스멤버십_겨울_v1,60322,1447,280794,142,49,2911616
2025-02-07,구글,외부,GGL_CMP_01_플러스가입,플러스가입,논타겟,IMG_적립혜택_겨울_v2,41129,1230,266618,102,21,1356784
2025-02-07,구글,외부,GGL_CMP_01_플러스가입,플러스가입,유사타겟,VID_플러스멤버십_겨울_A_v1,68396,1546,325606,137,46,2415507
2025-02-07,구글,외부,GGL_CMP_01_플러스가입,플러스가입,유사타겟,IMG_플러스멤버십_겨울_B_v1,67316,2243,296683,221,69,4543424
2025-02-07,구글,외부,GGL_CMP_01_플러스가입,플러스가입,유사타겟,CRS_플러스멤버십_겨울_v1,42507,1355,259930,155,32,1995838
2025-02-07,구글,외부,GGL_CMP_01_플러스가입,플러스가입,유사타겟,IMG_적립혜택_겨울_v2,51300,1147,332366,152,51,3114029
2025-02-07,구글,외부,GGL_CMP_02_리타겟팅,리타겟팅,리마케팅,VID_할인쿠폰_겨울_A_v1,29873,1059,176758,93,54,3500611
2025-02-07,구글,외부,GGL_CMP_02_리타겟팅,리타겟팅,리마케팅,IMG_할인쿠폰_겨울_B_v1,25150,886,155577,79,28,1722866
2025-02-07,구글,외부,GGL_CMP_02_리타겟팅,리타겟팅,리마케팅,CRS_특가_겨울_v1,27589,1056,176800,113,59,3224354
2025-02-07,구글,외부,GGL_CMP_03_첫구매,첫구매,논타겟,VID_적립혜택_겨울_A_v1,38622,881,253857,99,42,2560735
2025-02-07,구글,외부,GGL_CMP_03_첫구매,첫구매,논타겟,IMG_적립혜택_겨울_B_v1,66319,1752,373715,121,36,2280742
2025-02-07,구글,외부,GGL_CMP_03_첫구매,첫구매,논타겟,CRS_할인쿠폰_겨울_v1,39571,1188,201715,94,43,2462906
2025-02-07,구글,외부,GGL_CMP_03_첫구매,첫구매,유사타겟,VID_적립혜택_겨울_A_v1,43018,919,225203,65,22,1339005
2025-02-07,구글,외부,GGL_CMP_03_첫구매,첫구매,유사타겟,IMG_적립혜택_겨울_B_v1,48394,863,317405,69,30,2241075
2025-02-07,구글,외부,GGL_CMP_03_첫구매,첫구매,유사타겟,CRS_할인쿠폰_겨울_v1,41640,893,213793,99,31,1699494
2025-02-07,메타,외부,META_CMP_01_신규유저,신규유저,논타겟,VID_플러스멤버십_겨울_A_v1,43265,718,207825,59,13,645370
2025-02-07,메타,외부,META_CMP_01_신규유저,신규유저,논타겟,IMG_적립혜택_겨울_B_v1,51962,969,178149,84,17,875161
2025-02-07,메타,외부,META_CMP_01_신규유저,신규유저,논타겟,CRS_플러스멤버십_겨울_v1,44225,547,184034,37,7,341857
2025-02-07,메타,외부,META_CMP_02_룩얼라이크,룩얼라이크,유사타겟,VID_플러스멤버십_겨울_A_v1,31466,453,140007,36,10,535401
2025-02-07,메타,외부,META_CMP_02_룩얼라이크,룩얼라이크,유사타겟,IMG_할인쿠폰_겨울_B_v1,53523,1173,225667,116,20,1019028
2025-02-07,메타,외부,META_CMP_02_룩얼라이크,룩얼라이크,유사타겟,CRS_특가_겨울_v1,43198,571,160459,48,9,459600
2025-02-07,메타,외부,META_CMP_03_재구매,재구매,VIP,IMG_배송혜택_겨울_A_v1,10994,218,52753,9,4,302176
2025-02-07,메타,외부,META_CMP_03_재구매,재구매,VIP,VID_적립혜택_겨울_B_v1,10732,195,39383,11,4,305225
2025-02-07,메타,외부,META_CMP_03_재구매,재구매,VIP,CRS_신상품_겨울_v1,14348,372,51414,17,10,730657
2025-02-07,메타,외부,META_CMP_03_재구매,재구매,윈백,IMG_배송혜택_겨울_A_v1,16047,309,57810,19,11,912468
2025-02-07,메타,외부,META_CMP_03_재구매,재구매,윈백,VID_적립혜택_겨울_B_v1,20286,389,89804,17,7,580932
2025-02-07,메타,외부,META_CMP_03_재구매,재구매,윈백,CRS_신상품_겨울_v1,20211,402,82621,17,9,735947
2025-02-07,네이버,자체,NVR_CMP_01_브랜드KW,브랜드KW,논타겟,TXT_플러스멤버십_겨울_A_v1,7850,922,54688,257,132,10634685
2025-02-07,네이버,자체,NVR_CMP_02_일반KW,일반KW,논타겟,TXT_할인쿠폰_겨울_A_v1,10338,1020,93934,203,67,4320887
2025-02-07,네이버,자체,NVR_CMP_02_일반KW,일반KW,논타겟,TXT_플러스멤버십_겨울_B_v1,11727,1227,95758,207,62,3589672
2025-02-07,네이버,자체,NVR_CMP_03_재구매,재구매,VIP,IMG_배송혜택_겨울_A_v1,5453,282,41944,19,16,1185423
2025-02-07,네이버,자체,NVR_CMP_03_재구매,재구매,VIP,VID_적립혜택_겨울_B_v1,6797,482,55995,58,50,4833716
2025-02-07,네이버,자체,NVR_CMP_03_재구매,재구매,VIP,CRS_신상품_겨울_v1,6014,363,49420,24,13,963916
2025-02-07,네이버,자체,NVR_CMP_03_재구매,재구매,윈백,IMG_배송혜택_겨울_A_v1,9465,596,80864,73,53,4501232
2025-02-07,네이버,자체,NVR_CMP_03_재구매,재구매,윈백,VID_적립혜택_겨울_B_v1,10932,584,96514,57,39,3437371
2025-02-07,네이버,자체,NVR_CMP_03_재구매,재구매,윈백,CRS_신상품_겨울_v1,7549,538,53265,48,43,3121413
2025-02-08,구글,외부,GGL_CMP_01_플러스가입,플러스가입,논타겟,VID_플러스멤버십_겨울_A_v1,47141,1077,217465,107,36,1989046
2025-02-08,구글,외부,GGL_CMP_01_플러스가입,플러스가입,논타겟,IMG_플러스멤버십_겨울_B_v1,31188,1075,179203,95,21,1269531
2025-02-08,구글,외부,GGL_CMP_01_플러스가입,플러스가입,논타겟,CRS_플러스멤버십_겨울_v1,35732,786,216755,104,35,2011191
2025-02-08,구글,외부,GGL_CMP_01_플러스가입,플러스가입,논타겟,IMG_적립혜택_겨울_v2,41341,952,234258,77,23,1603169
2025-02-08,구글,외부,GGL_CMP_01_플러스가입,플러스가입,유사타겟,VID_플러스멤버십_겨울_A_v1,53147,1524,311870,145,46,2320287
2025-02-08,구글,외부,GGL_CMP_01_플러스가입,플러스가입,유사타겟,IMG_플러스멤버십_겨울_B_v1,36176,732,194946,91,17,1087285
2025-02-08,구글,외부,GGL_CMP_01_플러스가입,플러스가입,유사타겟,CRS_플러스멤버십_겨울_v1,49534,1306,292915,183,39,2121497
2025-02-08,구글,외부,GGL_CMP_01_플러스가입,플러스가입,유사타겟,IMG_적립혜택_겨울_v2,39278,811,186436,70,17,951184
2025-02-08,구글,외부,GGL_CMP_02_리타겟팅,리타겟팅,리마케팅,VID_할인쿠폰_겨울_A_v1,30449,1085,194326,123,70,4207319
2025-02-08,구글,외부,GGL_CMP_02_리타겟팅,리타겟팅,리마케팅,IMG_할인쿠폰_겨울_B_v1,27133,787,146191,68,36,2024625
2025-02-08,구글,외부,GGL_CMP_02_리타겟팅,리타겟팅,리마케팅,CRS_특가_겨울_v1,29734,851,150162,106,46,2139146
2025-02-08,구글,외부,GGL_CMP_03_첫구매,첫구매,논타겟,VID_적립혜택_겨울_A_v1,47115,1201,296155,111,40,2722082
2025-02-08,구글,외부,GGL_CMP_03_첫구매,첫구매,논타겟,IMG_적립혜택_겨울_B_v1,50551,1490,249169,97,45,2918071
2025-02-08,구글,외부,GGL_CMP_03_첫구매,첫구매,논타겟,CRS_할인쿠폰_겨울_v1,31190,667,174901,71,20,1264757
2025-02-08,구글,외부,GGL_CMP_03_첫구매,첫구매,유사타겟,VID_적립혜택_겨울_A_v1,31087,612,167036,52,21,1067319
2025-02-08,구글,외부,GGL_CMP_03_첫구매,첫구매,유사타겟,IMG_적립혜택_겨울_B_v1,37232,670,164765,43,18,884380
2025-02-08,구글,외부,GGL_CMP_03_첫구매,첫구매,유사타겟,CRS_할인쿠폰_겨울_v1,48872,1284,223921,94,46,2363129
2025-02-08,메타,외부,META_CMP_01_신규유저,신규유저,논타겟,VID_플러스멤버십_겨울_A_v1,36196,623,165354,56,11,569862
2025-02-08,메타,외부,META_CMP_01_신규유저,신규유저,논타겟,IMG_적립혜택_겨울_B_v1,25060,417,90430,32,7,301194
2025-02-08,메타,외부,META_CMP_01_신규유저,신규유저,논타겟,CRS_플러스멤버십_겨울_v1,27511,478,94399,31,5,231954
2025-02-08,메타,외부,META_CMP_02_룩얼라이크,룩얼라이크,유사타겟,VID_플러스멤버십_겨울_A_v1,26692,435,104998,30,7,357845
2025-02-08,메타,외부,META_CMP_02_룩얼라이크,룩얼라이크,유사타겟,IMG_할인쿠폰_겨울_B_v1,27141,408,105860,34,7,406825
2025-02-08,메타,외부,META_CMP_02_룩얼라이크,룩얼라이크,유사타겟,CRS_특가_겨울_v1,33862,446,125604,32,9,466184
2025-02-08,메타,외부,META_CMP_03_재구매,재구매,VIP,IMG_배송혜택_겨울_A_v1,10222,302,50225,13,4,251033
2025-02-08,메타,외부,META_CMP_03_재구매,재구매,VIP,VID_적립혜택_겨울_B_v1,7319,176,31100,6,3,187353
2025-02-08,메타,외부,META_CMP_03_재구매,재구매,VIP,CRS_신상품_겨울_v1,11893,280,47515,18,9,503243
2025-02-08,메타,외부,META_CMP_03_재구매,재구매,윈백,IMG_배송혜택_겨울_A_v1,16875,346,61544,20,11,861371
2025-02-08,메타,외부,META_CMP_03_재구매,재구매,윈백,VID_적립혜택_겨울_B_v1,17800,383,81495,21,8,513296
2025-02-08,메타,외부,META_CMP_03_재구매,재구매,윈백,CRS_신상품_겨울_v1,13780,415,55327,21,12,950607
2025-02-08,네이버,자체,NVR_CMP_01_브랜드KW,브랜드KW,논타겟,TXT_플러스멤버십_겨울_A_v1,7461,910,64062,191,127,10876262
2025-02-08,네이버,자체,NVR_CMP_02_일반KW,일반KW,논타겟,TXT_할인쿠폰_겨울_A_v1,8201,580,67595,107,41,3200443
2025-02-08,네이버,자체,NVR_CMP_02_일반KW,일반KW,논타겟,TXT_플러스멤버십_겨울_B_v1,9455,618,90232,86,42,2689518
2025-02-08,네이버,자체,NVR_CMP_03_재구매,재구매,VIP,IMG_배송혜택_겨울_A_v1,4503,193,41110,15,13,1020602
2025-02-08,네이버,자체,NVR_CMP_03_재구매,재구매,VIP,VID_적립혜택_겨울_B_v1,3600,236,27587,18,9,664869
2025-02-08,네이버,자체,NVR_CMP_03_재구매,재구매,VIP,CRS_신상품_겨울_v1,4748,285,39601,22,16,1549118
2025-02-08,네이버,자체,NVR_CMP_03_재구매,재구매,윈백,IMG_배송혜택_겨울_A_v1,5639,405,51515,44,39,4262187
2025-02-08,네이버,자체,NVR_CMP_03_재구매,재구매,윈백,VID_적립혜택_겨울_B_v1,6301,360,50422,32,23,2459580
2025-02-08,네이버,자체,NVR_CMP_03_재구매,재구매,윈백,CRS_신상품_겨울_v1,8763,367,59077,41,22,1649805
2025-02-09,구글,외부,GGL_CMP_01_플러스가입,플러스가입,논타겟,VID_플러스멤버십_겨울_A_v1,40563,1251,202026,127,44,2080838
2025-02-09,구글,외부,GGL_CMP_01_플러스가입,플러스가입,논타겟,IMG_플러스멤버십_겨울_B_v1,34164,865,209855,78,15,788381
2025-02-09,구글,외부,GGL_CMP_01_플러스가입,플러스가입,논타겟,CRS_플러스멤버십_겨울_v1,35974,1012,176160,111,29,1944357
2025-02-09,구글,외부,GGL_CMP_01_플러스가입,플러스가입,논타겟,IMG_적립혜택_겨울_v2,46768,1626,268189,190,38,2143600
2025-02-09,구글,외부,GGL_CMP_01_플러스가입,플러스가입,유사타겟,VID_플러스멤버십_겨울_A_v1,46086,1539,232582,182,46,2969138
2025-02-09,구글,외부,GGL_CMP_01_플러스가입,플러스가입,유사타겟,IMG_플러스멤버십_겨울_B_v1,41061,1058,219997,145,28,1766138
2025-02-09,구글,외부,GGL_CMP_01_플러스가입,플러스가입,유사타겟,CRS_플러스멤버십_겨울_v1,29918,671,196818,79,17,930600
2025-02-09,구글,외부,GGL_CMP_01_플러스가입,플러스가입,유사타겟,IMG_적립혜택_겨울_v2,32686,874,166857,117,24,1171835
2025-02-09,구글,외부,GGL_CMP_02_리타겟팅,리타겟팅,리마케팅,VID_할인쿠폰_겨울_A_v1,24884,705,140806,75,40,2226920
2025-02-09,구글,외부,GGL_CMP_02_리타겟팅,리타겟팅,리마케팅,IMG_할인쿠폰_겨울_B_v1,29671,907,193422,75,29,1718238
2025-02-09,구글,외부,GGL_CMP_02_리타겟팅,리타겟팅,리마케팅,CRS_특가_겨울_v1,20850,888,133607,109,49,2705048
2025-02-09,구글,외부,GGL_CMP_03_첫구매,첫구매,논타겟,VID_적립혜택_겨울_A_v1,31411,724,185967,46,21,1338725
2025-02-09,구글,외부,GGL_CMP_03_첫구매,첫구매,논타겟,IMG_적립혜택_겨울_B_v1,43083,1358,257302,118,39,2840041
2025-02-09,구글,외부,GGL_CMP_03_첫구매,첫구매,논타겟,CRS_할인쿠폰_겨울_v1,39288,1055,242712,116,49,3602285
2025-02-09,구글,외부,GGL_CMP_03_첫구매,첫구매,유사타겟,VID_적립혜택_겨울_A_v1,47711,1446,219339,131,40,2884072
2025-02-09,구글,외부,GGL_CMP_03_첫구매,첫구매,유사타겟,IMG_적립혜택_겨울_B_v1,42867,939,261448,104,42,3039415
2025-02-09,구글,외부,GGL_CMP_03_첫구매,첫구매,유사타겟,CRS_할인쿠폰_겨울_v1,49644,1469,242792,154,70,4298259
2025-02-09,메타,외부,META_CMP_01_신규유저,신규유저,논타겟,VID_플러스멤버십_겨울_A_v1,22483,376,81397,28,6,276021
2025-02-09,메타,외부,META_CMP_01_신규유저,신규유저,논타겟,IMG_적립혜택_겨울_B_v1,32665,686,122272,51,10,515859
2025-02-09,메타,외부,META_CMP_01_신규유저,신규유저,논타겟,CRS_플러스멤버십_겨울_v1,34472,578,116839,48,9,328950
2025-02-09,메타,외부,META_CMP_02_룩얼라이크,룩얼라이크,유사타겟,VID_플러스멤버십_겨울_A_v1,39102,731,159903,40,11,629396
2025-02-09,메타,외부,META_CMP_02_룩얼라이크,룩얼라이크,유사타겟,IMG_할인쿠폰_겨울_B_v1,34541,470,148009,37,8,428227
2025-02-09,메타,외부,META_CMP_02_룩얼라이크,룩얼라이크,유사타겟,CRS_특가_겨울_v1,23906,515,115759,45,13,597072
2025-02-09,메타,외부,META_CMP_03_재구매,재구매,VIP,IMG_배송혜택_겨울_A_v1,11021,242,39788,14,8,658496
2025-02-09,메타,외부,META_CMP_03_재구매,재구매,VIP,VID_적립혜택_겨울_B_v1,7546,203,25367,12,6,443599
2025-02-09,메타,외부,META_CMP_03_재구매,재구매,VIP,CRS_신상품_겨울_v1,12169,265,45019,11,4,297277
2025-02-09,메타,외부,META_CMP_03_재구매,재구매,윈백,IMG_배송혜택_겨울_A_v1,14570,250,64824,10,5,281091
2025-02-09,메타,외부,META_CMP_03_재구매,재구매,윈백,VID_적립혜택_겨울_B_v1,16974,324,73642,17,8,468692
2025-02-09,메타,외부,META_CMP_03_재구매,재구매,윈백,CRS_신상품_겨울_v1,15705,354,60196,15,8,550777
2025-02-09,네이버,자체,NVR_CMP_01_브랜드KW,브랜드KW,논타겟,TXT_플러스멤버십_겨울_A_v1,7140,873,58387,158,101,8007491
2025-02-09,네이버,자체,NVR_CMP_02_일반KW,일반KW,논타겟,TXT_할인쿠폰_겨울_A_v1,9820,1001,64947,182,50,3931690
2025-02-09,네이버,자체,NVR_CMP_02_일반KW,일반KW,논타겟,TXT_플러스멤버십_겨울_B_v1,9188,560,62704,109,38,2981059
2025-02-09,네이버,자체,NVR_CMP_03_재구매,재구매,VIP,IMG_배송혜택_겨울_A_v1,5088,291,35900,36,31,3064865
2025-02-09,네이버,자체,NVR_CMP_03_재구매,재구매,VIP,VID_적립혜택_겨울_B_v1,3860,269,36803,23,15,1397119
2025-02-09,네이버,자체,NVR_CMP_03_재구매,재구매,VIP,CRS_신상품_겨울_v1,5001,300,36921,30,23,1765509
2025-02-09,네이버,자체,NVR_CMP_03_재구매,재구매,윈백,IMG_배송혜택_겨울_A_v1,4899,341,38113,28,14,1246636
2025-02-09,네이버,자체,NVR_CMP_03_재구매,재구매,윈백,VID_적립혜택_겨울_B_v1,8482,616,74395,59,41,4475494
2025-02-09,네이버,자체,NVR_CMP_03_재구매,재구매,윈백,CRS_신상품_겨울_v1,8346,514,75510,37,21,1931643
2025-02-10,구글,외부,GGL_CMP_01_플러스가입,플러스가입,논타겟,VID_플러스멤버십_겨울_A_v1,54713,1713,313740,168,60,4003450
2025-02-10,구글,외부,GGL_CMP_01_플러스가입,플러스가입,논타겟,IMG_플러스멤버십_겨울_B_v1,44348,1352,226200,113,35,2262136
2025-02-10,구글,외부,GGL_CMP_01_플러스가입,플러스가입,논타겟,CRS_플러스멤버십_겨울_v1,62233,1638,367028,248,91,5756029
2025-02-10,구글,외부,GGL_CMP_01_플러스가입,플러스가입,논타겟,IMG_적립혜택_겨울_v2,64236,1391,394620,149,39,2295815
2025-02-10,구글,외부,GGL_CMP_01_플러스가입,플러스가입,유사타겟,VID_플러스멤버십_겨울_A_v1,49320,1078,324660,139,57,2531249
2025-02-10,구글,외부,GGL_CMP_01_플러스가입,플러스가입,유사타겟,IMG_플러스멤버십_겨울_B_v1,51862,1126,236506,143,68,3128048
2025-02-10,구글,외부,GGL_CMP_01_플러스가입,플러스가입,유사타겟,CRS_플러스멤버십_겨울_v1,58107,1156,331175,157,51,2847020
2025-02-10,구글,외부,GGL_CMP_01_플러스가입,플러스가입,유사타겟,IMG_적립혜택_겨울_v2,43725,1485,196025,156,42,2546967
2025-02-10,구글,외부,GGL_CMP_02_리타겟팅,리타겟팅,리마케팅,VID_할인쿠폰_겨울_A_v1,34944,1363,192758,128,62,4232647
2025-02-10,구글,외부,GGL_CMP_02_리타겟팅,리타겟팅,리마케팅,IMG_할인쿠폰_겨울_B_v1,35915,1093,193729,121,74,4904877
2025-02-10,구글,외부,GGL_CMP_02_리타겟팅,리타겟팅,리마케팅,CRS_특가_겨울_v1,26645,1153,140783,116,59,3843876
2025-02-10,구글,외부,GGL_CMP_03_첫구매,첫구매,논타겟,VID_적립혜택_겨울_A_v1,64248,2052,291664,198,138,8745152
2025-02-10,구글,외부,GGL_CMP_03_첫구매,첫구매,논타겟,IMG_적립혜택_겨울_B_v1,68705,1723,410910,122,79,4588597
2025-02-10,구글,외부,GGL_CMP_03_첫구매,첫구매,논타겟,CRS_할인쿠폰_겨울_v1,56060,1554,246745,151,91,6585693
2025-02-10,구글,외부,GGL_CMP_03_첫구매,첫구매,유사타겟,VID_적립혜택_겨울_A_v1,67136,1935,353024,197,96,5972469
2025-02-10,구글,외부,GGL_CMP_03_첫구매,첫구매,유사타겟,IMG_적립혜택_겨울_B_v1,44304,1271,278028,98,43,2762253
2025-02-10,구글,외부,GGL_CMP_03_첫구매,첫구매,유사타겟,CRS_할인쿠폰_겨울_v1,58675,1190,290006,136,82,5802783
2025-02-10,메타,외부,META_CMP_01_신규유저,신규유저,논타겟,VID_플러스멤버십_겨울_A_v1,53103,884,258853,64,15,685676
2025-02-10,메타,외부,META_CMP_01_신규유저,신규유저,논타겟,IMG_적립혜택_겨울_B_v1,48589,892,239351,50,19,861667
2025-02-10,메타,외부,META_CMP_01_신규유저,신규유저,논타겟,CRS_플러스멤버십_겨울_v1,46903,688,205498,53,12,673179
2025-02-10,메타,외부,META_CMP_02_룩얼라이크,룩얼라이크,유사타겟,VID_플러스멤버십_겨울_A_v1,30046,588,127149,57,25,1295210
2025-02-10,메타,외부,META_CMP_02_룩얼라이크,룩얼라이크,유사타겟,IMG_할인쿠폰_겨울_B_v1,50186,753,184995,62,16,873763
2025-02-10,메타,외부,META_CMP_02_룩얼라이크,룩얼라이크,유사타겟,CRS_특가_겨울_v1,41526,740,142799,57,22,1152083
2025-02-10,메타,외부,META_CMP_03_재구매,재구매,VIP,IMG_배송혜택_겨울_A_v1,11145,233,45942,11,6,344176
2025-02-10,메타,외부,META_CMP_03_재구매,재구매,VIP,VID_적립혜택_겨울_B_v1,12417,350,52663,16,10,823723
2025-02-10,메타,외부,META_CMP_03_재구매,재구매,VIP,CRS_신상품_겨울_v1,14090,358,49925,25,20,1098849
2025-02-10,메타,외부,META_CMP_03_재구매,재구매,윈백,IMG_배송혜택_겨울_A_v1,16237,400,67456,16,12,698194
2025-02-10,메타,외부,META_CMP_03_재구매,재구매,윈백,VID_적립혜택_겨울_B_v1,21337,606,84178,27,14,908292
2025-02-10,메타,외부,META_CMP_03_재구매,재구매,윈백,CRS_신상품_겨울_v1,18788,511,79113,33,22,1509595
2025-02-10,네이버,자체,NVR_CMP_01_브랜드KW,브랜드KW,논타겟,TXT_플러스멤버십_겨울_A_v1,8121,1254,69368,308,204,15222837
2025-02-10,네이버,자체,NVR_CMP_02_일반KW,일반KW,논타겟,TXT_할인쿠폰_겨울_A_v1,13459,879,91689,174,116,9233213
2025-02-10,네이버,자체,NVR_CMP_02_일반KW,일반KW,논타겟,TXT_플러스멤버십_겨울_B_v1,15253,1519,99712,279,138,7826914
2025-02-10,네이버,자체,NVR_CMP_03_재구매,재구매,VIP,IMG_배송혜택_겨울_A_v1,6622,476,59907,53,63,4564043
2025-02-10,네이버,자체,NVR_CMP_03_재구매,재구매,VIP,VID_적립혜택_겨울_B_v1,5830,352,40710,25,21,2233952
2025-02-10,네이버,자체,NVR_CMP_03_재구매,재구매,VIP,CRS_신상품_겨울_v1,5369,314,48971,39,31,2756730
2025-02-10,네이버,자체,NVR_CMP_03_재구매,재구매,윈백,IMG_배송혜택_겨울_A_v1,7108,292,53823,28,31,2378275
2025-02-10,네이버,자체,NVR_CMP_03_재구매,재구매,윈백,VID_적립혜택_겨울_B_v1,10649,500,86670,57,63,4895376
2025-02-10,네이버,자체,NVR_CMP_03_재구매,재구매,윈백,CRS_신상품_겨울_v1,6338,327,42441,29,20,1466790
2025-02-11,구글,외부,GGL_CMP_01_플러스가입,플러스가입,논타겟,VID_플러스멤버십_겨울_A_v1,53785,1056,256185,121,33,1531035
2025-02-11,구글,외부,GGL_CMP_01_플러스가입,플러스가입,논타겟,IMG_플러스멤버십_겨울_B_v1,49088,1549,255209,195,52,2829840
2025-02-11,구글,외부,GGL_CMP_01_플러스가입,플러스가입,논타겟,CRS_플러스멤버십_겨울_v1,55360,1774,325158,201,67,3968376
2025-02-11,구글,외부,GGL_CMP_01_플러스가입,플러스가입,논타겟,IMG_적립혜택_겨울_v2,53004,1126,287881,97,29,1434161
2025-02-11,구글,외부,GGL_CMP_01_플러스가입,플러스가입,유사타겟,VID_플러스멤버십_겨울_A_v1,70398,2466,453180,258,55,3292180
2025-02-11,구글,외부,GGL_CMP_01_플러스가입,플러스가입,유사타겟,IMG_플러스멤버십_겨울_B_v1,70026,2194,431268,280,79,4867176
2025-02-11,구글,외부,GGL_CMP_01_플러스가입,플러스가입,유사타겟,CRS_플러스멤버십_겨울_v1,60059,1852,296568,226,75,3719072
2025-02-11,구글,외부,GGL_CMP_01_플러스가입,플러스가입,유사타겟,IMG_적립혜택_겨울_v2,59772,1877,379045,182,58,3014299
2025-02-11,구글,외부,GGL_CMP_02_리타겟팅,리타겟팅,리마케팅,VID_할인쿠폰_겨울_A_v1,39153,1596,224921,195,70,3940141
2025-02-11,구글,외부,GGL_CMP_02_리타겟팅,리타겟팅,리마케팅,IMG_할인쿠폰_겨울_B_v1,26551,689,120063,63,35,1990941
2025-02-11,구글,외부,GGL_CMP_02_리타겟팅,리타겟팅,리마케팅,CRS_특가_겨울_v1,40828,1280,231702,143,80,4054659
2025-02-11,구글,외부,GGL_CMP_03_첫구매,첫구매,논타겟,VID_적립혜택_겨울_A_v1,64676,1517,397065,166,66,3540326
2025-02-11,구글,외부,GGL_CMP_03_첫구매,첫구매,논타겟,IMG_적립혜택_겨울_B_v1,69510,2138,385153,193,78,4599403
2025-02-11,구글,외부,GGL_CMP_03_첫구매,첫구매,논타겟,CRS_할인쿠폰_겨울_v1,55473,1124,321873,94,27,1991117
2025-02-11,구글,외부,GGL_CMP_03_첫구매,첫구매,유사타겟,VID_적립혜택_겨울_A_v1,47678,1050,306550,102,47,3490660
2025-02-11,구글,외부,GGL_CMP_03_첫구매,첫구매,유사타겟,IMG_적립혜택_겨울_B_v1,43879,906,263340,101,48,2356364
2025-02-11,구글,외부,GGL_CMP_03_첫구매,첫구매,유사타겟,CRS_할인쿠폰_겨울_v1,57867,1314,257674,104,40,2727043
2025-02-11,메타,외부,META_CMP_01_신규유저,신규유저,논타겟,VID_플러스멤버십_겨울_A_v1,29523,454,122513,26,6,231592
2025-02-11,메타,외부,META_CMP_01_신규유저,신규유저,논타겟,IMG_적립혜택_겨울_B_v1,33225,443,118227,34,8,375806
2025-02-11,메타,외부,META_CMP_01_신규유저,신규유저,논타겟,CRS_플러스멤버십_겨울_v1,48199,588,171075,38,6,243600
2025-02-11,메타,외부,META_CMP_02_룩얼라이크,룩얼라이크,유사타겟,VID_플러스멤버십_겨울_A_v1,46075,1041,213637,100,20,1067027
2025-02-11,메타,외부,META_CMP_02_룩얼라이크,룩얼라이크,유사타겟,IMG_할인쿠폰_겨울_B_v1,37900,696,169389,52,15,868053
2025-02-11,메타,외부,META_CMP_02_룩얼라이크,룩얼라이크,유사타겟,CRS_특가_겨울_v1,31931,500,149658,42,11,459521
2025-02-11,메타,외부,META_CMP_03_재구매,재구매,VIP,IMG_배송혜택_겨울_A_v1,9954,203,35599,13,6,463806
2025-02-11,메타,외부,META_CMP_03_재구매,재구매,VIP,VID_적립혜택_겨울_B_v1,9319,249,41569,16,6,457017
2025-02-11,메타,외부,META_CMP_03_재구매,재구매,VIP,CRS_신상품_겨울_v1,8949,158,44635,6,2,136003
2025-02-11,메타,외부,META_CMP_03_재구매,재구매,윈백,IMG_배송혜택_겨울_A_v1,26342,509,89706,36,22,1758202
2025-02-11,메타,외부,META_CMP_03_재구매,재구매,윈백,VID_적립혜택_겨울_B_v1,19258,359,72174,20,7,517220
2025-02-11,메타,외부,META_CMP_03_재구매,재구매,윈백,CRS_신상품_겨울_v1,25560,426,95681,18,7,529222
2025-02-11,네이버,자체,NVR_CMP_01_브랜드KW,브랜드KW,논타겟,TXT_플러스멤버십_겨울_A_v1,10769,1614,91047,322,190,12215868
2025-02-11,네이버,자체,NVR_CMP_02_일반KW,일반KW,논타겟,TXT_할인쿠폰_겨울_A_v1,11885,960,110833,162,57,4405206
2025-02-11,네이버,자체,NVR_CMP_02_일반KW,일반KW,논타겟,TXT_플러스멤버십_겨울_B_v1,16365,1223,127001,153,49,3158869
2025-02-11,네이버,자체,NVR_CMP_03_재구매,재구매,VIP,IMG_배송혜택_겨울_A_v1,4138,250,36668,28,19,1351297
2025-02-11,네이버,자체,NVR_CMP_03_재구매,재구매,VIP,VID_적립혜택_겨울_B_v1,4105,225,36301,16,8,734772
2025-02-11,네이버,자체,NVR_CMP_03_재구매,재구매,VIP,CRS_신상품_겨울_v1,5230,241,33982,26,23,2300156
2025-02-11,네이버,자체,NVR_CMP_03_재구매,재구매,윈백,IMG_배송혜택_겨울_A_v1,7631,436,54435,31,15,1608119
2025-02-11,네이버,자체,NVR_CMP_03_재구매,재구매,윈백,VID_적립혜택_겨울_B_v1,10625,500,91938,34,24,1855845
2025-02-11,네이버,자체,NVR_CMP_03_재구매,재구매,윈백,CRS_신상품_겨울_v1,8619,429,55980,31,15,1171126
2025-02-12,구글,외부,GGL_CMP_01_플러스가입,플러스가입,논타겟,VID_플러스멤버십_겨울_A_v1,65645,2259,352307,225,58,3179830
2025-02-12,구글,외부,GGL_CMP_01_플러스가입,플러스가입,논타겟,IMG_플러스멤버십_겨울_B_v1,65912,2029,358891,170,59,3249842
2025-02-12,구글,외부,GGL_CMP_01_플러스가입,플러스가입,논타겟,CRS_플러스멤버십_겨울_v1,63418,2052,286096,252,74,3508998
2025-02-12,구글,외부,GGL_CMP_01_플러스가입,플러스가입,논타겟,IMG_적립혜택_겨울_v2,56447,1963,256804,259,80,5407424
2025-02-12,구글,외부,GGL_CMP_01_플러스가입,플러스가입,유사타겟,VID_플러스멤버십_겨울_A_v1,71417,1452,437487,123,35,2023017
2025-02-12,구글,외부,GGL_CMP_01_플러스가입,플러스가입,유사타겟,IMG_플러스멤버십_겨울_B_v1,69165,1782,396553,269,78,4822017
2025-02-12,구글,외부,GGL_CMP_01_플러스가입,플러스가입,유사타겟,CRS_플러스멤버십_겨울_v1,51113,1453,257801,160,40,1869534
2025-02-12,구글,외부,GGL_CMP_01_플러스가입,플러스가입,유사타겟,IMG_적립혜택_겨울_v2,47283,1092,226165,114,24,1542398
2025-02-12,구글,외부,GGL_CMP_02_리타겟팅,리타겟팅,리마케팅,VID_할인쿠폰_겨울_A_v1,41156,1868,221475,142,72,4971920
2025-02-12,구글,외부,GGL_CMP_02_리타겟팅,리타겟팅,리마케팅,IMG_할인쿠폰_겨울_B_v1,23620,810,130719,104,47,2289700
2025-02-12,구글,외부,GGL_CMP_02_리타겟팅,리타겟팅,리마케팅,CRS_특가_겨울_v1,23643,978,136682,79,44,3069180
2025-02-12,구글,외부,GGL_CMP_03_첫구매,첫구매,논타겟,VID_적립혜택_겨울_A_v1,63280,1649,361332,182,82,5081503
2025-02-12,구글,외부,GGL_CMP_03_첫구매,첫구매,논타겟,IMG_적립혜택_겨울_B_v1,62621,1600,361769,184,90,5739622
2025-02-12,구글,외부,GGL_CMP_03_첫구매,첫구매,논타겟,CRS_할인쿠폰_겨울_v1,68007,1500,319914,155,58,4351471
2025-02-12,구글,외부,GGL_CMP_03_첫구매,첫구매,유사타겟,VID_적립혜택_겨울_A_v1,53031,1331,284398,84,26,1896935
2025-02-12,구글,외부,GGL_CMP_03_첫구매,첫구매,유사타겟,IMG_적립혜택_겨울_B_v1,41592,1253,260061,104,30,1992579
2025-02-12,구글,외부,GGL_CMP_03_첫구매,첫구매,유사타겟,CRS_할인쿠폰_겨울_v1,67902,1875,386970,198,81,4958018
2025-02-12,메타,외부,META_CMP_01_신규유저,신규유저,논타겟,VID_플러스멤버십_겨울_A_v1,53170,949,254393,72,11,412098
2025-02-12,메타,외부,META_CMP_01_신규유저,신규유저,논타겟,IMG_적립혜택_겨울_B_v1,49310,762,195058,38,10,511250
2025-02-12,메타,외부,META_CMP_01_신규유저,신규유저,논타겟,CRS_플러스멤버십_겨울_v1,43466,633,173604,33,9,447548
2025-02-12,메타,외부,META_CMP_02_룩얼라이크,룩얼라이크,유사타겟,VID_플러스멤버십_겨울_A_v1,45527,1008,223814,87,18,954644
2025-02-12,메타,외부,META_CMP_02_룩얼라이크,룩얼라이크,유사타겟,IMG_할인쿠폰_겨울_B_v1,30045,525,116719,29,5,259299
2025-02-12,메타,외부,META_CMP_02_룩얼라이크,룩얼라이크,유사타겟,CRS_특가_겨울_v1,48553,1044,196307,82,15,756911
2025-02-12,메타,외부,META_CMP_03_재구매,재구매,VIP,IMG_배송혜택_겨울_A_v1,12847,300,56420,20,7,437126
2025-02-12,메타,외부,META_CMP_03_재구매,재구매,VIP,VID_적립혜택_겨울_B_v1,13172,294,58050,12,5,304827
2025-02-12,메타,외부,META_CMP_03_재구매,재구매,VIP,CRS_신상품_겨울_v1,11524,310,50331,20,12,997167
2025-02-12,메타,외부,META_CMP_03_재구매,재구매,윈백,IMG_배송혜택_겨울_A_v1,25969,549,130055,22,9,652063
2025-02-12,메타,외부,META_CMP_03_재구매,재구매,윈백,VID_적립혜택_겨울_B_v1,16786,488,64252,24,9,521509
2025-02-12,메타,외부,META_CMP_03_재구매,재구매,윈백,CRS_신상품_겨울_v1,18343,307,79112,16,5,395741
2025-02-12,네이버,자체,NVR_CMP_01_브랜드KW,브랜드KW,논타겟,TXT_플러스멤버십_겨울_A_v1,6984,806,56727,222,125,9150327
2025-02-12,네이버,자체,NVR_CMP_02_일반KW,일반KW,논타겟,TXT_할인쿠폰_겨울_A_v1,12986,797,86419,107,41,3298596
2025-02-12,네이버,자체,NVR_CMP_02_일반KW,일반KW,논타겟,TXT_플러스멤버십_겨울_B_v1,13557,1392,110448,232,91,6783845
2025-02-12,네이버,자체,NVR_CMP_03_재구매,재구매,VIP,IMG_배송혜택_겨울_A_v1,5206,383,39668,32,27,1980688
2025-02-12,네이버,자체,NVR_CMP_03_재구매,재구매,VIP,VID_적립혜택_겨울_B_v1,4138,258,36049,27,13,1290580
2025-02-12,네이버,자체,NVR_CMP_03_재구매,재구매,VIP,CRS_신상품_겨울_v1,6031,321,39957,23,17,1226125
2025-02-12,네이버,자체,NVR_CMP_03_재구매,재구매,윈백,IMG_배송혜택_겨울_A_v1,7418,385,57226,41,22,2019084
2025-02-12,네이버,자체,NVR_CMP_03_재구매,재구매,윈백,VID_적립혜택_겨울_B_v1,6565,405,55699,34,18,1664231
2025-02-12,네이버,자체,NVR_CMP_03_재구매,재구매,윈백,CRS_신상품_겨울_v1,8325,593,74206,65,47,4150805
2025-02-13,구글,외부,GGL_CMP_01_플러스가입,플러스가입,논타겟,VID_플러스멤버십_겨울_A_v1,38973,1258,198124,140,34,2203108
2025-02-13,구글,외부,GGL_CMP_01_플러스가입,플러스가입,논타겟,IMG_플러스멤버십_겨울_B_v1,48681,1193,237836,163,52,2329314
2025-02-13,구글,외부,GGL_CMP_01_플러스가입,플러스가입,논타겟,CRS_플러스멤버십_겨울_v1,67404,2168,423259,205,52,3289855
2025-02-13,구글,외부,GGL_CMP_01_플러스가입,플러스가입,논타겟,IMG_적립혜택_겨울_v2,46053,927,273027,119,25,1228382
2025-02-13,구글,외부,GGL_CMP_01_플러스가입,플러스가입,유사타겟,VID_플러스멤버십_겨울_A_v1,52630,1778,311922,204,51,3315241
2025-02-13,구글,외부,GGL_CMP_01_플러스가입,플러스가입,유사타겟,IMG_플러스멤버십_겨울_B_v1,61901,1293,323094,194,52,3655859
2025-02-13,구글,외부,GGL_CMP_01_플러스가입,플러스가입,유사타겟,CRS_플러스멤버십_겨울_v1,63596,2251,281923,259,70,3842455
2025-02-13,구글,외부,GGL_CMP_01_플러스가입,플러스가입,유사타겟,IMG_적립혜택_겨울_v2,44205,1285,286090,145,45,1996854
2025-02-13,구글,외부,GGL_CMP_02_리타겟팅,리타겟팅,리마케팅,VID_할인쿠폰_겨울_A_v1,28309,791,175130,63,32,2217179
2025-02-13,구글,외부,GGL_CMP_02_리타겟팅,리타겟팅,리마케팅,IMG_할인쿠폰_겨울_B_v1,32578,954,168121,108,45,2911291
2025-02-13,구글,외부,GGL_CMP_02_리타겟팅,리타겟팅,리마케팅,CRS_특가_겨울_v1,30396,913,168118,87,30,1779930
2025-02-13,구글,외부,GGL_CMP_03_첫구매,첫구매,논타겟,VID_적립혜택_겨울_A_v1,63329,2010,285217,199,74,4265468
2025-02-13,구글,외부,GGL_CMP_03_첫구매,첫구매,논타겟,IMG_적립혜택_겨울_B_v1,44994,1381,209001,157,48,3358367
2025-02-13,구글,외부,GGL_CMP_03_첫구매,첫구매,논타겟,CRS_할인쿠폰_겨울_v1,70745,1961,407897,209,61,3761336
2025-02-13,구글,외부,GGL_CMP_03_첫구매,첫구매,유사타겟,VID_적립혜택_겨울_A_v1,59670,1708,326778,110,52,3389954
2025-02-13,구글,외부,GGL_CMP_03_첫구매,첫구매,유사타겟,IMG_적립혜택_겨울_B_v1,62069,1696,281403,184,76,4568170
2025-02-13,구글,외부,GGL_CMP_03_첫구매,첫구매,유사타겟,CRS_할인쿠폰_겨울_v1,39595,1054,243280,79,34,2162977
2025-02-13,메타,외부,META_CMP_01_신규유저,신규유저,논타겟,VID_플러스멤버십_겨울_A_v1,51603,591,247755,50,13,693666
2025-02-13,메타,외부,META_CMP_01_신규유저,신규유저,논타겟,IMG_적립혜택_겨울_B_v1,36622,737,174888,46,8,338188
2025-02-13,메타,외부,META_CMP_01_신규유저,신규유저,논타겟,CRS_플러스멤버십_겨울_v1,50211,672,213845,43,7,351561
2025-02-13,메타,외부,META_CMP_02_룩얼라이크,룩얼라이크,유사타겟,VID_플러스멤버십_겨울_A_v1,46693,969,219679,82,17,895868
2025-02-13,메타,외부,META_CMP_02_룩얼라이크,룩얼라이크,유사타겟,IMG_할인쿠폰_겨울_B_v1,51428,1056,242255,84,20,1049436
2025-02-13,메타,외부,META_CMP_02_룩얼라이크,룩얼라이크,유사타겟,CRS_특가_겨울_v1,30935,721,120287,58,11,548946
2025-02-13,메타,외부,META_CMP_03_재구매,재구매,VIP,IMG_배송혜택_겨울_A_v1,9095,160,41696,9,5,332864
2025-02-13,메타,외부,META_CMP_03_재구매,재구매,VIP,VID_적립혜택_겨울_B_v1,13724,338,49865,15,7,400593
2025-02-13,메타,외부,META_CMP_03_재구매,재구매,VIP,CRS_신상품_겨울_v1,11782,328,58267,19,12,853607
2025-02-13,메타,외부,META_CMP_03_재구매,재구매,윈백,IMG_배송혜택_겨울_A_v1,16814,304,79551,12,5,418145
2025-02-13,메타,외부,META_CMP_03_재구매,재구매,윈백,VID_적립혜택_겨울_B_v1,16144,470,68020,28,15,1087686
2025-02-13,메타,외부,META_CMP_03_재구매,재구매,윈백,CRS_신상품_겨울_v1,15753,323,62793,21,9,761222
2025-02-13,네이버,자체,NVR_CMP_01_브랜드KW,브랜드KW,논타겟,TXT_플러스멤버십_겨울_A_v1,9762,989,78419,172,89,6133958
2025-02-13,네이버,자체,NVR_CMP_02_일반KW,일반KW,논타겟,TXT_할인쿠폰_겨울_A_v1,11158,1102,92431,206,93,4713327
2025-02-13,네이버,자체,NVR_CMP_02_일반KW,일반KW,논타겟,TXT_플러스멤버십_겨울_B_v1,11876,778,90070,144,70,5538918
2025-02-13,네이버,자체,NVR_CMP_03_재구매,재구매,VIP,IMG_배송혜택_겨울_A_v1,6012,338,57185,35,23,1688981
2025-02-13,네이버,자체,NVR_CMP_03_재구매,재구매,VIP,VID_적립혜택_겨울_B_v1,4060,179,36907,22,12,980245
2025-02-13,네이버,자체,NVR_CMP_03_재구매,재구매,VIP,CRS_신상품_겨울_v1,6768,417,60044,39,27,1892509
2025-02-13,네이버,자체,NVR_CMP_03_재구매,재구매,윈백,IMG_배송혜택_겨울_A_v1,7888,362,63970,36,27,2061554
2025-02-13,네이버,자체,NVR_CMP_03_재구매,재구매,윈백,VID_적립혜택_겨울_B_v1,9313,551,78536,40,28,2773242
2025-02-13,네이버,자체,NVR_CMP_03_재구매,재구매,윈백,CRS_신상품_겨울_v1,10635,595,80418,68,49,5309678
2025-02-14,구글,외부,GGL_CMP_01_플러스가입,플러스가입,논타겟,VID_플러스멤버십_겨울_A_v1,42879,1448,260739,155,50,3067707
2025-02-14,구글,외부,GGL_CMP_01_플러스가입,플러스가입,논타겟,IMG_플러스멤버십_겨울_B_v1,70766,2008,312280,297,99,5359360
2025-02-14,구글,외부,GGL_CMP_01_플러스가입,플러스가입,논타겟,CRS_플러스멤버십_겨울_v1,48873,1712,264562,195,59,3684639
2025-02-14,구글,외부,GGL_CMP_01_플러스가입,플러스가입,논타겟,IMG_적립혜택_겨울_v2,41686,1265,259976,152,35,2125730
2025-02-14,구글,외부,GGL_CMP_01_플러스가입,플러스가입,유사타겟,VID_플러스멤버십_겨울_A_v1,43150,1502,221592,184,48,3182734
2025-02-14,구글,외부,GGL_CMP_01_플러스가입,플러스가입,유사타겟,IMG_플러스멤버십_겨울_B_v1,47291,1013,293737,107,25,1434198
2025-02-14,구글,외부,GGL_CMP_01_플러스가입,플러스가입,유사타겟,CRS_플러스멤버십_겨울_v1,66382,1432,415421,154,49,3113138
2025-02-14,구글,외부,GGL_CMP_01_플러스가입,플러스가입,유사타겟,IMG_적립혜택_겨울_v2,69036,2352,366030,349,91,4532708
2025-02-14,구글,외부,GGL_CMP_02_리타겟팅,리타겟팅,리마케팅,VID_할인쿠폰_겨울_A_v1,26326,954,134837,116,61,2692482
2025-02-14,구글,외부,GGL_CMP_02_리타겟팅,리타겟팅,리마케팅,IMG_할인쿠폰_겨울_B_v1,26718,1041,159709,94,33,1832864
2025-02-14,구글,외부,GGL_CMP_02_리타겟팅,리타겟팅,리마케팅,CRS_특가_겨울_v1,30488,1055,138099,103,48,3033379
2025-02-14,구글,외부,GGL_CMP_03_첫구매,첫구매,논타겟,VID_적립혜택_겨울_A_v1,58643,1768,372324,121,56,2856378
2025-02-14,구글,외부,GGL_CMP_03_첫구매,첫구매,논타겟,IMG_적립혜택_겨울_B_v1,46004,1368,282772,90,36,1959774
2025-02-14,구글,외부,GGL_CMP_03_첫구매,첫구매,논타겟,CRS_할인쿠폰_겨울_v1,38985,1241,193527,125,63,3214283
2025-02-14,구글,외부,GGL_CMP_03_첫구매,첫구매,유사타겟,VID_적립혜택_겨울_A_v1,48170,1428,226874,133,50,3317060
2025-02-14,구글,외부,GGL_CMP_03_첫구매,첫구매,유사타겟,IMG_적립혜택_겨울_B_v1,46983,1496,285900,127,56,4335515
2025-02-14,구글,외부,GGL_CMP_03_첫구매,첫구매,유사타겟,CRS_할인쿠폰_겨울_v1,65057,1929,298079,215,95,4801240
2025-02-14,메타,외부,META_CMP_01_신규유저,신규유저,논타겟,VID_플러스멤버십_겨울_A_v1,44791,604,164282,41,8,468917
2025-02-14,메타,외부,META_CMP_01_신규유저,신규유저,논타겟,IMG_적립혜택_겨울_B_v1,51608,706,248951,39,8,365827
2025-02-14,메타,외부,META_CMP_01_신규유저,신규유저,논타겟,CRS_플러스멤버십_겨울_v1,34282,571,172190,51,14,807878
2025-02-14,메타,외부,META_CMP_02_룩얼라이크,룩얼라이크,유사타겟,VID_플러스멤버십_겨울_A_v1,35141,792,165173,65,19,914686
2025-02-14,메타,외부,META_CMP_02_룩얼라이크,룩얼라이크,유사타겟,IMG_할인쿠폰_겨울_B_v1,40597,632,139824,44,11,515443
2025-02-14,메타,외부,META_CMP_02_룩얼라이크,룩얼라이크,유사타겟,CRS_특가_겨울_v1,50181,954,214203,66,19,778455
2025-02-14,메타,외부,META_CMP_03_재구매,재구매,VIP,IMG_배송혜택_겨울_A_v1,13356,385,47114,16,6,479588
2025-02-14,메타,외부,META_CMP_03_재구매,재구매,VIP,VID_적립혜택_겨울_B_v1,11303,231,55874,14,5,386853
2025-02-14,메타,외부,META_CMP_03_재구매,재구매,VIP,CRS_신상품_겨울_v1,10587,294,52152,18,6,358268
2025-02-14,메타,외부,META_CMP_03_재구매,재구매,윈백,IMG_배송혜택_겨울_A_v1,18653,513,80407,35,12,708788
2025-02-14,메타,외부,META_CMP_03_재구매,재구매,윈백,VID_적립혜택_겨울_B_v1,16098,312,73547,14,8,689905
2025-02-14,메타,외부,META_CMP_03_재구매,재구매,윈백,CRS_신상품_겨울_v1,22482,378,86210,26,12,953561
2025-02-14,네이버,자체,NVR_CMP_01_브랜드KW,브랜드KW,논타겟,TXT_플러스멤버십_겨울_A_v1,11326,1720,93866,379,142,8864129
2025-02-14,네이버,자체,NVR_CMP_02_일반KW,일반KW,논타겟,TXT_할인쿠폰_겨울_A_v1,16057,1395,152597,253,68,4827381
2025-02-14,네이버,자체,NVR_CMP_02_일반KW,일반KW,논타겟,TXT_플러스멤버십_겨울_B_v1,15459,1198,123993,209,93,4798492
2025-02-14,네이버,자체,NVR_CMP_03_재구매,재구매,VIP,IMG_배송혜택_겨울_A_v1,6989,368,58492,43,38,3231070
2025-02-14,네이버,자체,NVR_CMP_03_재구매,재구매,VIP,VID_적립혜택_겨울_B_v1,4254,228,28188,16,14,1318124
2025-02-14,네이버,자체,NVR_CMP_03_재구매,재구매,VIP,CRS_신상품_겨울_v1,6741,471,44411,46,36,3245887
2025-02-14,네이버,자체,NVR_CMP_03_재구매,재구매,윈백,IMG_배송혜택_겨울_A_v1,7742,501,67304,61,46,4332739
2025-02-14,네이버,자체,NVR_CMP_03_재구매,재구매,윈백,VID_적립혜택_겨울_B_v1,7515,308,59898,27,22,1677751
2025-02-14,네이버,자체,NVR_CMP_03_재구매,재구매,윈백,CRS_신상품_겨울_v1,6693,324,50963,26,22,1703024
2025-02-15,구글,외부,GGL_CMP_01_플러스가입,플러스가입,논타겟,VID_플러스멤버십_겨울_A_v1,33497,1168,199153,107,47,2465721
2025-02-15,구글,외부,GGL_CMP_01_플러스가입,플러스가입,논타겟,IMG_플러스멤버십_겨울_B_v1,29860,1015,159090,131,45,1986953
2025-02-15,구글,외부,GGL_CMP_01_플러스가입,플러스가입,논타겟,CRS_플러스멤버십_겨울_v1,34888,758,222804,66,23,1151114
2025-02-15,구글,외부,GGL_CMP_01_플러스가입,플러스가입,논타겟,IMG_적립혜택_겨울_v2,52577,1813,284146,244,119,7057092
2025-02-15,구글,외부,GGL_CMP_01_플러스가입,플러스가입,유사타겟,VID_플러스멤버십_겨울_A_v1,31046,901,177146,100,30,1358301
2025-02-15,구글,외부,GGL_CMP_01_플러스가입,플러스가입,유사타겟,IMG_플러스멤버십_겨울_B_v1,48609,1645,229008,177,67,3091231
2025-02-15,구글,외부,GGL_CMP_01_플러스가입,플러스가입,유사타겟,CRS_플러스멤버십_겨울_v1,28902,768,132944,81,24,1527038
2025-02-15,구글,외부,GGL_CMP_01_플러스가입,플러스가입,유사타겟,IMG_적립혜택_겨울_v2,31324,1014,187826,95,32,2209139
2025-02-15,구글,외부,GGL_CMP_02_리타겟팅,리타겟팅,리마케팅,VID_할인쿠폰_겨울_A_v1,27517,1000,147332,125,78,3885530
2025-02-15,구글,외부,GGL_CMP_02_리타겟팅,리타겟팅,리마케팅,IMG_할인쿠폰_겨울_B_v1,21972,884,130043,93,65,3028376
2025-02-15,구글,외부,GGL_CMP_02_리타겟팅,리타겟팅,리마케팅,CRS_특가_겨울_v1,22369,659,124751,84,56,2796558
2025-02-15,구글,외부,GGL_CMP_03_첫구매,첫구매,논타겟,VID_적립혜택_겨울_A_v1,43276,1341,266933,104,72,4162140
2025-02-15,구글,외부,GGL_CMP_03_첫구매,첫구매,논타겟,IMG_적립혜택_겨울_B_v1,47536,947,214803,87,50,3231690
2025-02-15,구글,외부,GGL_CMP_03_첫구매,첫구매,논타겟,CRS_할인쿠폰_겨울_v1,32723,696,163953,62,29,1589070
2025-02-15,구글,외부,GGL_CMP_03_첫구매,첫구매,유사타겟,VID_적립혜택_겨울_A_v1,39306,1250,204068,119,53,2581565
2025-02-15,구글,외부,GGL_CMP_03_첫구매,첫구매,유사타겟,IMG_적립혜택_겨울_B_v1,34019,621,219818,62,28,1466326
2025-02-15,구글,외부,GGL_CMP_03_첫구매,첫구매,유사타겟,CRS_할인쿠폰_겨울_v1,50551,1069,302258,69,43,2251133
2025-02-15,메타,외부,META_CMP_01_신규유저,신규유저,논타겟,VID_플러스멤버십_겨울_A_v1,25774,463,122318,29,10,417424
2025-02-15,메타,외부,META_CMP_01_신규유저,신규유저,논타겟,IMG_적립혜택_겨울_B_v1,23863,395,85472,20,4,160685
2025-02-15,메타,외부,META_CMP_01_신규유저,신규유저,논타겟,CRS_플러스멤버십_겨울_v1,36079,573,144144,42,16,641727
2025-02-15,메타,외부,META_CMP_02_룩얼라이크,룩얼라이크,유사타겟,VID_플러스멤버십_겨울_A_v1,27033,586,124523,53,13,619975
2025-02-15,메타,외부,META_CMP_02_룩얼라이크,룩얼라이크,유사타겟,IMG_할인쿠폰_겨울_B_v1,24289,433,102058,30,10,472457
2025-02-15,메타,외부,META_CMP_02_룩얼라이크,룩얼라이크,유사타겟,CRS_특가_겨울_v1,36284,806,145271,69,30,1212561
2025-02-15,메타,외부,META_CMP_03_재구매,재구매,VIP,IMG_배송혜택_겨울_A_v1,8241,223,31217,13,8,546063
2025-02-15,메타,외부,META_CMP_03_재구매,재구매,VIP,VID_적립혜택_겨울_B_v1,7889,175,26620,10,6,414008
2025-02-15,메타,외부,META_CMP_03_재구매,재구매,VIP,CRS_신상품_겨울_v1,7281,149,26261,6,3,175134
2025-02-15,메타,외부,META_CMP_03_재구매,재구매,윈백,IMG_배송혜택_겨울_A_v1,13543,250,60957,16,12,1030159
2025-02-15,메타,외부,META_CMP_03_재구매,재구매,윈백,VID_적립혜택_겨울_B_v1,16862,451,83010,19,11,706355
2025-02-15,메타,외부,META_CMP_03_재구매,재구매,윈백,CRS_신상품_겨울_v1,13516,259,53108,12,6,517243
2025-02-15,네이버,자체,NVR_CMP_01_브랜드KW,브랜드KW,논타겟,TXT_플러스멤버십_겨울_A_v1,6205,615,50268,123,77,4732317
2025-02-15,네이버,자체,NVR_CMP_02_일반KW,일반KW,논타겟,TXT_할인쿠폰_겨울_A_v1,11346,1111,91821,163,81,5822426
2025-02-15,네이버,자체,NVR_CMP_02_일반KW,일반KW,논타겟,TXT_플러스멤버십_겨울_B_v1,9811,684,73177,103,58,4485856
2025-02-15,네이버,자체,NVR_CMP_03_재구매,재구매,VIP,IMG_배송혜택_겨울_A_v1,4379,324,33077,26,23,2068458
2025-02-15,네이버,자체,NVR_CMP_03_재구매,재구매,VIP,VID_적립혜택_겨울_B_v1,4056,303,26784,24,20,1457440
2025-02-15,네이버,자체,NVR_CMP_03_재구매,재구매,VIP,CRS_신상품_겨울_v1,4226,310,39716,37,32,2343653
2025-02-15,네이버,자체,NVR_CMP_03_재구매,재구매,윈백,IMG_배송혜택_겨울_A_v1,8531,521,65438,60,47,5004544
2025-02-15,네이버,자체,NVR_CMP_03_재구매,재구매,윈백,VID_적립혜택_겨울_B_v1,6215,411,59411,33,30,3298128
2025-02-15,네이버,자체,NVR_CMP_03_재구매,재구매,윈백,CRS_신상품_겨울_v1,7088,351,65715,42,48,3960157
2025-02-16,구글,외부,GGL_CMP_01_플러스가입,플러스가입,논타겟,VID_플러스멤버십_겨울_A_v1,42897,981,261445,95,32,2006989
2025-02-16,구글,외부,GGL_CMP_01_플러스가입,플러스가입,논타겟,IMG_플러스멤버십_겨울_B_v1,52143,1710,334938,157,32,1732157
2025-02-16,구글,외부,GGL_CMP_01_플러스가입,플러스가입,논타겟,CRS_플러스멤버십_겨울_v1,32746,826,213924,83,27,1509462
2025-02-16,구글,외부,GGL_CMP_01_플러스가입,플러스가입,논타겟,IMG_적립혜택_겨울_v2,44974,1369,202695,159,46,2230954
2025-02-16,구글,외부,GGL_CMP_01_플러스가입,플러스가입,유사타겟,VID_플러스멤버십_겨울_A_v1,48591,1637,301497,159,41,2314719
2025-02-16,구글,외부,GGL_CMP_01_플러스가입,플러스가입,유사타겟,IMG_플러스멤버십_겨울_B_v1,40458,853,259104,108,21,1364743
2025-02-16,구글,외부,GGL_CMP_01_플러스가입,플러스가입,유사타겟,CRS_플러스멤버십_겨울_v1,30431,1051,158499,133,39,1764938
2025-02-16,구글,외부,GGL_CMP_01_플러스가입,플러스가입,유사타겟,IMG_적립혜택_겨울_v2,32043,780,163533,100,34,1608120
2025-02-16,구글,외부,GGL_CMP_02_리타겟팅,리타겟팅,리마케팅,VID_할인쿠폰_겨울_A_v1,19157,838,116450,92,44,2041081
2025-02-16,구글,외부,GGL_CMP_02_리타겟팅,리타겟팅,리마케팅,IMG_할인쿠폰_겨울_B_v1,26568,846,125911,106,38,2425283
2025-02-16,구글,외부,GGL_CMP_02_리타겟팅,리타겟팅,리마케팅,CRS_특가_겨울_v1,28968,918,173289,126,51,3496784
2025-02-16,구글,외부,GGL_CMP_03_첫구매,첫구매,논타겟,VID_적립혜택_겨울_A_v1,44713,1299,240284,130,41,2632074
2025-02-16,구글,외부,GGL_CMP_03_첫구매,첫구매,논타겟,IMG_적립혜택_겨울_B_v1,46038,1423,286794,149,48,2652277
2025-02-16,구글,외부,GGL_CMP_03_첫구매,첫구매,논타겟,CRS_할인쿠폰_겨울_v1,31143,567,203908,37,11,734423
2025-02-16,구글,외부,GGL_CMP_03_첫구매,첫구매,유사타겟,VID_적립혜택_겨울_A_v1,50000,1160,230854,103,31,1593965
2025-02-16,구글,외부,GGL_CMP_03_첫구매,첫구매,유사타겟,IMG_적립혜택_겨울_B_v1,52702,1458,305180,106,31,2305955
2025-02-16,구글,외부,GGL_CMP_03_첫구매,첫구매,유사타겟,CRS_할인쿠폰_겨울_v1,35362,1074,216223,95,33,2349632
2025-02-16,메타,외부,META_CMP_01_신규유저,신규유저,논타겟,VID_플러스멤버십_겨울_A_v1,35107,450,174125,39,8,407616
2025-02-16,메타,외부,META_CMP_01_신규유저,신규유저,논타겟,IMG_적립혜택_겨울_B_v1,40768,802,175751,63,15,781582
2025-02-16,메타,외부,META_CMP_01_신규유저,신규유저,논타겟,CRS_플러스멤버십_겨울_v1,29175,563,128315,51,9,462949
2025-02-16,메타,외부,META_CMP_02_룩얼라이크,룩얼라이크,유사타겟,VID_플러스멤버십_겨울_A_v1,31099,660,107976,55,14,628842
2025-02-16,메타,외부,META_CMP_02_룩얼라이크,룩얼라이크,유사타겟,IMG_할인쿠폰_겨울_B_v1,31227,499,149870,48,13,702998
2025-02-16,메타,외부,META_CMP_02_룩얼라이크,룩얼라이크,유사타겟,CRS_특가_겨울_v1,29333,496,101384,44,12,526820
2025-02-16,메타,외부,META_CMP_03_재구매,재구매,VIP,IMG_배송혜택_겨울_A_v1,10756,295,36954,14,7,564311
2025-02-16,메타,외부,META_CMP_03_재구매,재구매,VIP,VID_적립혜택_겨울_B_v1,10699,186,46126,13,5,340748
2025-02-16,메타,외부,META_CMP_03_재구매,재구매,VIP,CRS_신상품_겨울_v1,9974,192,38892,11,5,299856
2025-02-16,메타,외부,META_CMP_03_재구매,재구매,윈백,IMG_배송혜택_겨울_A_v1,15131,281,51219,16,8,455910
2025-02-16,메타,외부,META_CMP_03_재구매,재구매,윈백,VID_적립혜택_겨울_B_v1,16426,442,67057,31,14,1002883
2025-02-16,메타,외부,META_CMP_03_재구매,재구매,윈백,CRS_신상품_겨울_v1,13062,244,54653,13,4,295941
2025-02-16,네이버,자체,NVR_CMP_01_브랜드KW,브랜드KW,논타겟,TXT_플러스멤버십_겨울_A_v1,4839,833,41739,255,136,9623735
2025-02-16,네이버,자체,NVR_CMP_02_일반KW,일반KW,논타겟,TXT_할인쿠폰_겨울_A_v1,11948,1075,110882,187,63,3349957
2025-02-16,네이버,자체,NVR_CMP_02_일반KW,일반KW,논타겟,TXT_플러스멤버십_겨울_B_v1,12023,1074,107174,181,56,2994060
2025-02-16,네이버,자체,NVR_CMP_03_재구매,재구매,VIP,IMG_배송혜택_겨울_A_v1,4717,273,35897,33,23,2052393
2025-02-16,네이버,자체,NVR_CMP_03_재구매,재구매,VIP,VID_적립혜택_겨울_B_v1,3857,233,29568,19,14,1236623
2025-02-16,네이버,자체,NVR_CMP_03_재구매,재구매,VIP,CRS_신상품_겨울_v1,4985,219,44924,19,12,1192958
2025-02-16,네이버,자체,NVR_CMP_03_재구매,재구매,윈백,IMG_배송혜택_겨울_A_v1,6154,403,48646,27,21,2346901
2025-02-16,네이버,자체,NVR_CMP_03_재구매,재구매,윈백,VID_적립혜택_겨울_B_v1,5170,326,43843,24,18,1423924
2025-02-16,네이버,자체,NVR_CMP_03_재구매,재구매,윈백,CRS_신상품_겨울_v1,5450,290,37697,22,14,1097550
2025-02-17,구글,외부,GGL_CMP_01_플러스가입,플러스가입,논타겟,VID_플러스멤버십_겨울_A_v1,68733,2027,387042,247,60,3289227
2025-02-17,구글,외부,GGL_CMP_01_플러스가입,플러스가입,논타겟,IMG_플러스멤버십_겨울_B_v1,49403,1164,315314,170,52,2727569
2025-02-17,구글,외부,GGL_CMP_01_플러스가입,플러스가입,논타겟,CRS_플러스멤버십_겨울_v1,51552,1781,293640,240,54,3423945
2025-02-17,구글,외부,GGL_CMP_01_플러스가입,플러스가입,논타겟,IMG_적립혜택_겨울_v2,67570,2278,336522,270,80,4966241
2025-02-17,구글,외부,GGL_CMP_01_플러스가입,플러스가입,유사타겟,VID_플러스멤버십_겨울_A_v1,52364,1531,285356,225,78,4867021
2025-02-17,구글,외부,GGL_CMP_01_플러스가입,플러스가입,유사타겟,IMG_플러스멤버십_겨울_B_v1,47397,1107,219351,91,30,1791080
2025-02-17,구글,외부,GGL_CMP_01_플러스가입,플러스가입,유사타겟,CRS_플러스멤버십_겨울_v1,39930,983,254686,116,25,1533329
2025-02-17,구글,외부,GGL_CMP_01_플러스가입,플러스가입,유사타겟,IMG_적립혜택_겨울_v2,66851,1425,330094,121,28,1565284
2025-02-17,구글,외부,GGL_CMP_02_리타겟팅,리타겟팅,리마케팅,VID_할인쿠폰_겨울_A_v1,34318,1433,161677,176,72,3437993
2025-02-17,구글,외부,GGL_CMP_02_리타겟팅,리타겟팅,리마케팅,IMG_할인쿠폰_겨울_B_v1,40213,1431,229568,125,59,3614937
2025-02-17,구글,외부,GGL_CMP_02_리타겟팅,리타겟팅,리마케팅,CRS_특가_겨울_v1,39062,1713,224250,234,90,4852228
2025-02-17,구글,외부,GGL_CMP_03_첫구매,첫구매,논타겟,VID_적립혜택_겨울_A_v1,41293,860,230931,71,34,1950677
2025-02-17,구글,외부,GGL_CMP_03_첫구매,첫구매,논타겟,IMG_적립혜택_겨울_B_v1,42979,1305,207536,114,36,2185162
2025-02-17,구글,외부,GGL_CMP_03_첫구매,첫구매,논타겟,CRS_할인쿠폰_겨울_v1,57621,1444,341400,153,55,4028861
2025-02-17,구글,외부,GGL_CMP_03_첫구매,첫구매,유사타겟,VID_적립혜택_겨울_A_v1,59987,1689,382346,158,53,3772869
2025-02-17,구글,외부,GGL_CMP_03_첫구매,첫구매,유사타겟,IMG_적립혜택_겨울_B_v1,60367,1497,383716,99,33,2589008
2025-02-17,구글,외부,GGL_CMP_03_첫구매,첫구매,유사타겟,CRS_할인쿠폰_겨울_v1,64699,1942,419505,139,64,4277595
2025-02-17,메타,외부,META_CMP_01_신규유저,신규유저,논타겟,VID_플러스멤버십_겨울_A_v1,47791,892,221499,51,8,473148
2025-02-17,메타,외부,META_CMP_01_신규유저,신규유저,논타겟,IMG_적립혜택_겨울_B_v1,39512,828,147067,71,13,539287
2025-02-17,메타,외부,META_CMP_01_신규유저,신규유저,논타겟,CRS_플러스멤버십_겨울_v1,46292,717,191027,63,10,559945
2025-02-17,메타,외부,META_CMP_02_룩얼라이크,룩얼라이크,유사타겟,VID_플러스멤버십_겨울_A_v1,37342,832,129024,55,12,476942
2025-02-17,메타,외부,META_CMP_02_룩얼라이크,룩얼라이크,유사타겟,IMG_할인쿠폰_겨울_B_v1,48793,1044,177931,57,12,725155
2025-02-17,메타,외부,META_CMP_02_룩얼라이크,룩얼라이크,유사타겟,CRS_특가_겨울_v1,53253,1130,251352,102,31,1202590
2025-02-17,메타,외부,META_CMP_03_재구매,재구매,VIP,IMG_배송혜택_겨울_A_v1,11032,317,38152,21,11,930021
2025-02-17,메타,외부,META_CMP_03_재구매,재구매,VIP,VID_적립혜택_겨울_B_v1,9588,280,42560,17,7,437577
2025-02-17,메타,외부,META_CMP_03_재구매,재구매,VIP,CRS_신상품_겨울_v1,15817,270,62705,15,7,592821
2025-02-17,메타,외부,META_CMP_03_재구매,재구매,윈백,IMG_배송혜택_겨울_A_v1,25689,443,93028,26,15,1101206
2025-02-17,메타,외부,META_CMP_03_재구매,재구매,윈백,VID_적립혜택_겨울_B_v1,17909,420,82424,29,14,1047675
2025-02-17,메타,외부,META_CMP_03_재구매,재구매,윈백,CRS_신상품_겨울_v1,16337,287,56186,16,10,551699
2025-02-17,네이버,자체,NVR_CMP_01_브랜드KW,브랜드KW,논타겟,TXT_플러스멤버십_겨울_A_v1,10310,1016,96216,313,122,10213531
2025-02-17,네이버,자체,NVR_CMP_02_일반KW,일반KW,논타겟,TXT_할인쿠폰_겨울_A_v1,15869,1361,119463,223,92,5281388
2025-02-17,네이버,자체,NVR_CMP_02_일반KW,일반KW,논타겟,TXT_플러스멤버십_겨울_B_v1,9647,594,67159,115,56,4076888
2025-02-17,네이버,자체,NVR_CMP_03_재구매,재구매,VIP,IMG_배송혜택_겨울_A_v1,6557,302,44336,23,17,1685946
2025-02-17,네이버,자체,NVR_CMP_03_재구매,재구매,VIP,VID_적립혜택_겨울_B_v1,6724,450,43066,44,25,2795135
2025-02-17,네이버,자체,NVR_CMP_03_재구매,재구매,VIP,CRS_신상품_겨울_v1,5407,319,43404,32,20,1623995
2025-02-17,네이버,자체,NVR_CMP_03_재구매,재구매,윈백,IMG_배송혜택_겨울_A_v1,8338,489,62685,50,42,3261839
2025-02-17,네이버,자체,NVR_CMP_03_재구매,재구매,윈백,VID_적립혜택_겨울_B_v1,8445,533,59702,64,47,3909342
2025-02-17,네이버,자체,NVR_CMP_03_재구매,재구매,윈백,CRS_신상품_겨울_v1,10591,493,79939,37,24,2589232
2025-02-18,구글,외부,GGL_CMP_01_플러스가입,플러스가입,논타겟,VID_플러스멤버십_겨울_A_v1,60085,1724,386970,159,37,1700584
2025-02-18,구글,외부,GGL_CMP_01_플러스가입,플러스가입,논타겟,IMG_플러스멤버십_겨울_B_v1,43503,1065,263906,139,35,1959545
2025-02-18,구글,외부,GGL_CMP_01_플러스가입,플러스가입,논타겟,CRS_플러스멤버십_겨울_v1,65780,2050,385535,305,59,3207655
2025-02-18,구글,외부,GGL_CMP_01_플러스가입,플러스가입,논타겟,IMG_적립혜택_겨울_v2,56690,1182,274974,105,30,1947233
2025-02-18,구글,외부,GGL_CMP_01_플러스가입,플러스가입,유사타겟,VID_플러스멤버십_겨울_A_v1,61744,1348,382913,118,38,1770607
2025-02-18,구글,외부,GGL_CMP_01_플러스가입,플러스가입,유사타겟,IMG_플러스멤버십_겨울_B_v1,60370,2042,360089,244,80,4715567
2025-02-18,구글,외부,GGL_CMP_01_플러스가입,플러스가입,유사타겟,CRS_플러스멤버십_겨울_v1,63698,1341,326056,162,32,1680187
2025-02-18,구글,외부,GGL_CMP_01_플러스가입,플러스가입,유사타겟,IMG_적립혜택_겨울_v2,64722,1435,416923,209,56,3446952
2025-02-18,구글,외부,GGL_CMP_02_리타겟팅,리타겟팅,리마케팅,VID_할인쿠폰_겨울_A_v1,42103,1595,211353,210,108,7053960
2025-02-18,구글,외부,GGL_CMP_02_리타겟팅,리타겟팅,리마케팅,IMG_할인쿠폰_겨울_B_v1,26669,995,159286,103,36,1658352
2025-02-18,구글,외부,GGL_CMP_02_리타겟팅,리타겟팅,리마케팅,CRS_특가_겨울_v1,35212,1256,216583,104,53,3698640
2025-02-18,구글,외부,GGL_CMP_03_첫구매,첫구매,논타겟,VID_적립혜택_겨울_A_v1,41471,1262,223211,135,49,3274898
2025-02-18,구글,외부,GGL_CMP_03_첫구매,첫구매,논타겟,IMG_적립혜택_겨울_B_v1,43809,1225,203448,113,32,2395977
2025-02-18,구글,외부,GGL_CMP_03_첫구매,첫구매,논타겟,CRS_할인쿠폰_겨울_v1,38570,678,249152,70,27,1464752
2025-02-18,구글,외부,GGL_CMP_03_첫구매,첫구매,유사타겟,VID_적립혜택_겨울_A_v1,49279,995,243310,91,29,2026258
2025-02-18,구글,외부,GGL_CMP_03_첫구매,첫구매,유사타겟,IMG_적립혜택_겨울_B_v1,65240,1308,398772,136,39,2419787
2025-02-18,구글,외부,GGL_CMP_03_첫구매,첫구매,유사타겟,CRS_할인쿠폰_겨울_v1,69307,2104,331986,195,93,6982526
2025-02-18,메타,외부,META_CMP_01_신규유저,신규유저,논타겟,VID_플러스멤버십_겨울_A_v1,34536,665,139685,53,11,560537
2025-02-18,메타,외부,META_CMP_01_신규유저,신규유저,논타겟,IMG_적립혜택_겨울_B_v1,48752,636,201063,37,8,467880
2025-02-18,메타,외부,META_CMP_01_신규유저,신규유저,논타겟,CRS_플러스멤버십_겨울_v1,49335,655,184465,48,8,390438
2025-02-18,메타,외부,META_CMP_02_룩얼라이크,룩얼라이크,유사타겟,VID_플러스멤버십_겨울_A_v1,47976,981,166301,74,20,1134841
2025-02-18,메타,외부,META_CMP_02_룩얼라이크,룩얼라이크,유사타겟,IMG_할인쿠폰_겨울_B_v1,39118,767,159202,63,14,733152
2025-02-18,메타,외부,META_CMP_02_룩얼라이크,룩얼라이크,유사타겟,CRS_특가_겨울_v1,45885,710,213555,58,14,686983
2025-02-18,메타,외부,META_CMP_03_재구매,재구매,VIP,IMG_배송혜택_겨울_A_v1,16152,359,77423,21,10,638033
2025-02-18,메타,외부,META_CMP_03_재구매,재구매,VIP,VID_적립혜택_겨울_B_v1,15033,278,60380,14,8,537399
2025-02-18,메타,외부,META_CMP_03_재구매,재구매,VIP,CRS_신상품_겨울_v1,9532,199,35297,11,5,418506
2025-02-18,메타,외부,META_CMP_03_재구매,재구매,윈백,IMG_배송혜택_겨울_A_v1,22616,373,92872,18,7,578980
2025-02-18,메타,외부,META_CMP_03_재구매,재구매,윈백,VID_적립혜택_겨울_B_v1,19891,490,100151,20,9,670945
2025-02-18,메타,외부,META_CMP_03_재구매,재구매,윈백,CRS_신상품_겨울_v1,18568,481,70340,24,12,875338
2025-02-18,네이버,자체,NVR_CMP_01_브랜드KW,브랜드KW,논타겟,TXT_플러스멤버십_겨울_A_v1,10630,1733,71860,406,186,13055199
2025-02-18,네이버,자체,NVR_CMP_02_일반KW,일반KW,논타겟,TXT_할인쿠폰_겨울_A_v1,14931,924,113754,168,65,3758420
2025-02-18,네이버,자체,NVR_CMP_02_일반KW,일반KW,논타겟,TXT_플러스멤버십_겨울_B_v1,14914,1480,111040,185,85,6815651
2025-02-18,네이버,자체,NVR_CMP_03_재구매,재구매,VIP,IMG_배송혜택_겨울_A_v1,4719,292,31126,33,18,1667581
2025-02-18,네이버,자체,NVR_CMP_03_재구매,재구매,VIP,VID_적립혜택_겨울_B_v1,6622,404,46406,42,21,1897960
2025-02-18,네이버,자체,NVR_CMP_03_재구매,재구매,VIP,CRS_신상품_겨울_v1,5314,373,46653,27,17,1906658
2025-02-18,네이버,자체,NVR_CMP_03_재구매,재구매,윈백,IMG_배송혜택_겨울_A_v1,11242,479,79606,50,39,3994150
2025-02-18,네이버,자체,NVR_CMP_03_재구매,재구매,윈백,VID_적립혜택_겨울_B_v1,9783,406,92923,35,21,1966763
2025-02-18,네이버,자체,NVR_CMP_03_재구매,재구매,윈백,CRS_신상품_겨울_v1,10861,822,84524,82,57,5145138
2025-02-19,구글,외부,GGL_CMP_01_플러스가입,플러스가입,논타겟,VID_플러스멤버십_겨울_A_v1,52176,1557,233583,139,43,2397786
2025-02-19,구글,외부,GGL_CMP_01_플러스가입,플러스가입,논타겟,IMG_플러스멤버십_겨울_B_v1,48499,1708,227429,211,41,2349651
2025-02-19,구글,외부,GGL_CMP_01_플러스가입,플러스가입,논타겟,CRS_플러스멤버십_겨울_v1,65510,1665,331608,140,29,1896549
2025-02-19,구글,외부,GGL_CMP_01_플러스가입,플러스가입,논타겟,IMG_적립혜택_겨울_v2,54263,1326,289549,125,42,2056824
2025-02-19,구글,외부,GGL_CMP_01_플러스가입,플러스가입,유사타겟,VID_플러스멤버십_겨울_A_v1,60276,1597,269113,186,49,2679904
2025-02-19,구글,외부,GGL_CMP_01_플러스가입,플러스가입,유사타겟,IMG_플러스멤버십_겨울_B_v1,58325,1436,268998,200,45,2258714
2025-02-19,구글,외부,GGL_CMP_01_플러스가입,플러스가입,유사타겟,CRS_플러스멤버십_겨울_v1,62545,1429,298070,200,66,3006287
2025-02-19,구글,외부,GGL_CMP_01_플러스가입,플러스가입,유사타겟,IMG_적립혜택_겨울_v2,69207,1409,413698,162,54,3326537
2025-02-19,구글,외부,GGL_CMP_02_리타겟팅,리타겟팅,리마케팅,VID_할인쿠폰_겨울_A_v1,33714,1212,166616,118,47,2940575
2025-02-19,구글,외부,GGL_CMP_02_리타겟팅,리타겟팅,리마케팅,IMG_할인쿠폰_겨울_B_v1,36589,1162,218369,111,47,3331416
2025-02-19,구글,외부,GGL_CMP_02_리타겟팅,리타겟팅,리마케팅,CRS_특가_겨울_v1,29752,761,186655,59,23,1070661
2025-02-19,구글,외부,GGL_CMP_03_첫구매,첫구매,논타겟,VID_적립혜택_겨울_A_v1,59574,1361,280625,117,46,3260771
2025-02-19,구글,외부,GGL_CMP_03_첫구매,첫구매,논타겟,IMG_적립혜택_겨울_B_v1,50261,1105,310247,103,32,1828924
2025-02-19,구글,외부,GGL_CMP_03_첫구매,첫구매,논타겟,CRS_할인쿠폰_겨울_v1,56132,1169,262394,87,25,1805558
2025-02-19,구글,외부,GGL_CMP_03_첫구매,첫구매,유사타겟,VID_적립혜택_겨울_A_v1,70853,1693,317588,150,59,3168078
2025-02-19,구글,외부,GGL_CMP_03_첫구매,첫구매,유사타겟,IMG_적립혜택_겨울_B_v1,54182,956,337005,82,28,1408217
2025-02-19,구글,외부,GGL_CMP_03_첫구매,첫구매,유사타겟,CRS_할인쿠폰_겨울_v1,60309,1893,362075,168,77,4919044
2025-02-19,메타,외부,META_CMP_01_신규유저,신규유저,논타겟,VID_플러스멤버십_겨울_A_v1,41454,587,199830,41,10,465734
2025-02-19,메타,외부,META_CMP_01_신규유저,신규유저,논타겟,IMG_적립혜택_겨울_B_v1,31045,445,115259,29,6,297620
2025-02-19,메타,외부,META_CMP_01_신규유저,신규유저,논타겟,CRS_플러스멤버십_겨울_v1,38004,656,164413,53,13,507485
2025-02-19,메타,외부,META_CMP_02_룩얼라이크,룩얼라이크,유사타겟,VID_플러스멤버십_겨울_A_v1,42788,647,210700,56,11,608327
2025-02-19,메타,외부,META_CMP_02_룩얼라이크,룩얼라이크,유사타겟,IMG_할인쿠폰_겨울_B_v1,33689,531,128869,51,14,637573
2025-02-19,메타,외부,META_CMP_02_룩얼라이크,룩얼라이크,유사타겟,CRS_특가_겨울_v1,44087,764,189686,72,21,1254875
2025-02-19,메타,외부,META_CMP_03_재구매,재구매,VIP,IMG_배송혜택_겨울_A_v1,15967,427,76251,17,6,411487
2025-02-19,메타,외부,META_CMP_03_재구매,재구매,VIP,VID_적립혜택_겨울_B_v1,15213,428,72073,21,10,752404
2025-02-19,메타,외부,META_CMP_03_재구매,재구매,VIP,CRS_신상품_겨울_v1,11300,277,43649,19,11,891063
2025-02-19,메타,외부,META_CMP_03_재구매,재구매,윈백,IMG_배송혜택_겨울_A_v1,25710,609,103283,34,12,937891
2025-02-19,메타,외부,META_CMP_03_재구매,재구매,윈백,VID_적립혜택_겨울_B_v1,25396,456,88826,21,13,913647
2025-02-19,메타,외부,META_CMP_03_재구매,재구매,윈백,CRS_신상품_겨울_v1,25882,432,121528,26,15,1231629
2025-02-19,네이버,자체,NVR_CMP_01_브랜드KW,브랜드KW,논타겟,TXT_플러스멤버십_겨울_A_v1,9416,1172,64716,342,225,16765955
2025-02-19,네이버,자체,NVR_CMP_02_일반KW,일반KW,논타겟,TXT_할인쿠폰_겨울_A_v1,11186,908,98468,163,61,4441963
2025-02-19,네이버,자체,NVR_CMP_02_일반KW,일반KW,논타겟,TXT_플러스멤버십_겨울_B_v1,8971,833,60913,109,44,2196633
2025-02-19,네이버,자체,NVR_CMP_03_재구매,재구매,VIP,IMG_배송혜택_겨울_A_v1,4775,303,35375,22,17,1211661
2025-02-19,네이버,자체,NVR_CMP_03_재구매,재구매,VIP,VID_적립혜택_겨울_B_v1,6552,433,42828,37,31,2555367
2025-02-19,네이버,자체,NVR_CMP_03_재구매,재구매,VIP,CRS_신상품_겨울_v1,6038,414,48230,36,23,2510485
2025-02-19,네이버,자체,NVR_CMP_03_재구매,재구매,윈백,IMG_배송혜택_겨울_A_v1,9369,452,67217,46,36,3478888
2025-02-19,네이버,자체,NVR_CMP_03_재구매,재구매,윈백,VID_적립혜택_겨울_B_v1,8623,464,81556,43,25,2441967
2025-02-19,네이버,자체,NVR_CMP_03_재구매,재구매,윈백,CRS_신상품_겨울_v1,7304,387,67249,28,17,1470352
2025-02-20,구글,외부,GGL_CMP_01_플러스가입,플러스가입,논타겟,VID_플러스멤버십_겨울_A_v1,46419,1265,250907,179,49,2724408
2025-02-20,구글,외부,GGL_CMP_01_플러스가입,플러스가입,논타겟,IMG_플러스멤버십_겨울_B_v1,48234,1343,252310,134,26,1647928
2025-02-20,구글,외부,GGL_CMP_01_플러스가입,플러스가입,논타겟,CRS_플러스멤버십_겨울_v1,53740,1875,311484,180,49,3258437
2025-02-20,구글,외부,GGL_CMP_01_플러스가입,플러스가입,논타겟,IMG_적립혜택_겨울_v2,70290,1396,412772,167,35,2483374
2025-02-20,구글,외부,GGL_CMP_01_플러스가입,플러스가입,유사타겟,VID_플러스멤버십_겨울_A_v1,69309,1916,320581,242,72,4065509
2025-02-20,구글,외부,GGL_CMP_01_플러스가입,플러스가입,유사타겟,IMG_플러스멤버십_겨울_B_v1,69076,1985,391336,168,45,2301908
2025-02-20,구글,외부,GGL_CMP_01_플러스가입,플러스가입,유사타겟,CRS_플러스멤버십_겨울_v1,61337,1184,293322,138,43,2220994
2025-02-20,구글,외부,GGL_CMP_01_플러스가입,플러스가입,유사타겟,IMG_적립혜택_겨울_v2,70210,1481,418115,207,64,3762242
2025-02-20,구글,외부,GGL_CMP_02_리타겟팅,리타겟팅,리마케팅,VID_할인쿠폰_겨울_A_v1,40687,1015,265655,129,74,5260717
2025-02-20,구글,외부,GGL_CMP_02_리타겟팅,리타겟팅,리마케팅,IMG_할인쿠폰_겨울_B_v1,38458,1560,172186,148,54,3124257
2025-02-20,구글,외부,GGL_CMP_02_리타겟팅,리타겟팅,리마케팅,CRS_특가_겨울_v1,31875,1281,207696,115,43,2370561
2025-02-20,구글,외부,GGL_CMP_03_첫구매,첫구매,논타겟,VID_적립혜택_겨울_A_v1,62176,1652,358750,114,56,3037344
2025-02-20,구글,외부,GGL_CMP_03_첫구매,첫구매,논타겟,IMG_적립혜택_겨울_B_v1,42714,832,212798,59,16,901191
2025-02-20,구글,외부,GGL_CMP_03_첫구매,첫구매,논타겟,CRS_할인쿠폰_겨울_v1,58670,1664,304111,146,40,2853133
2025-02-20,구글,외부,GGL_CMP_03_첫구매,첫구매,유사타겟,VID_적립혜택_겨울_A_v1,66182,1428,373469,102,36,2592672
2025-02-20,구글,외부,GGL_CMP_03_첫구매,첫구매,유사타겟,IMG_적립혜택_겨울_B_v1,58832,1116,340957,79,35,2269945
2025-02-20,구글,외부,GGL_CMP_03_첫구매,첫구매,유사타겟,CRS_할인쿠폰_겨울_v1,63065,2033,397575,191,61,3279850
2025-02-20,메타,외부,META_CMP_01_신규유저,신규유저,논타겟,VID_플러스멤버십_겨울_A_v1,36698,510,178181,38,7,322266
2025-02-20,메타,외부,META_CMP_01_신규유저,신규유저,논타겟,IMG_적립혜택_겨울_B_v1,39040,606,176268,35,7,279189
2025-02-20,메타,외부,META_CMP_01_신규유저,신규유저,논타겟,CRS_플러스멤버십_겨울_v1,33216,388,144784,31,5,284231
2025-02-20,메타,외부,META_CMP_02_룩얼라이크,룩얼라이크,유사타겟,VID_플러스멤버십_겨울_A_v1,53552,1012,180832,76,20,782412
2025-02-20,메타,외부,META_CMP_02_룩얼라이크,룩얼라이크,유사타겟,IMG_할인쿠폰_겨울_B_v1,53735,692,222202,56,10,564632
2025-02-20,메타,외부,META_CMP_02_룩얼라이크,룩얼라이크,유사타겟,CRS_특가_겨울_v1,43021,718,147532,55,16,865953
2025-02-20,메타,외부,META_CMP_03_재구매,재구매,VIP,IMG_배송혜택_겨울_A_v1,11210,328,52232,21,12,1047833
2025-02-20,메타,외부,META_CMP_03_재구매,재구매,VIP,VID_적립혜택_겨울_B_v1,12403,204,47026,9,3,259899
2025-02-20,메타,외부,META_CMP_03_재구매,재구매,VIP,CRS_신상품_겨울_v1,15642,296,56347,18,6,391571
2025-02-20,메타,외부,META_CMP_03_재구매,재구매,윈백,IMG_배송혜택_겨울_A_v1,23930,706,109770,41,18,1465607
2025-02-20,메타,외부,META_CMP_03_재구매,재구매,윈백,VID_적립혜택_겨울_B_v1,17323,328,76876,16,6,508626
2025-02-20,메타,외부,META_CMP_03_재구매,재구매,윈백,CRS_신상품_겨울_v1,23774,397,118650,17,10,815526
2025-02-20,네이버,자체,NVR_CMP_01_브랜드KW,브랜드KW,논타겟,TXT_플러스멤버십_겨울_A_v1,6871,969,46403,296,158,13589041
2025-02-20,네이버,자체,NVR_CMP_02_일반KW,일반KW,논타겟,TXT_할인쿠폰_겨울_A_v1,14546,1026,121332,163,59,3802435
2025-02-20,네이버,자체,NVR_CMP_02_일반KW,일반KW,논타겟,TXT_플러스멤버십_겨울_B_v1,9779,774,93851,150,57,3302936
2025-02-20,네이버,자체,NVR_CMP_03_재구매,재구매,VIP,IMG_배송혜택_겨울_A_v1,5909,444,56286,32,16,1313510
2025-02-20,네이버,자체,NVR_CMP_03_재구매,재구매,VIP,VID_적립혜택_겨울_B_v1,5087,339,44995,41,33,3641207
2025-02-20,네이버,자체,NVR_CMP_03_재구매,재구매,VIP,CRS_신상품_겨울_v1,4419,231,31541,22,15,1217642
2025-02-20,네이버,자체,NVR_CMP_03_재구매,재구매,윈백,IMG_배송혜택_겨울_A_v1,11513,637,83790,49,38,2654763
2025-02-20,네이버,자체,NVR_CMP_03_재구매,재구매,윈백,VID_적립혜택_겨울_B_v1,11369,524,73291,62,30,2354194
2025-02-20,네이버,자체,NVR_CMP_03_재구매,재구매,윈백,CRS_신상품_겨울_v1,7642,391,66377,35,20,1485347
2025-02-21,구글,외부,GGL_CMP_01_플러스가입,플러스가입,논타겟,VID_플러스멤버십_겨울_A_v1,71475,1518,333220,209,40,2810439
2025-02-21,구글,외부,GGL_CMP_01_플러스가입,플러스가입,논타겟,IMG_플러스멤버십_겨울_B_v1,65573,1412,359854,208,64,3840271
2025-02-21,구글,외부,GGL_CMP_01_플러스가입,플러스가입,논타겟,CRS_플러스멤버십_겨울_v1,58886,1510,329285,201,47,3346272
2025-02-21,구글,외부,GGL_CMP_01_플러스가입,플러스가입,논타겟,IMG_적립혜택_겨울_v2,54340,1277,268379,109,36,2391776
2025-02-21,구글,외부,GGL_CMP_01_플러스가입,플러스가입,유사타겟,VID_플러스멤버십_겨울_A_v1,42418,884,264564,131,26,1212726
2025-02-21,구글,외부,GGL_CMP_01_플러스가입,플러스가입,유사타겟,IMG_플러스멤버십_겨울_B_v1,50689,1192,278929,161,55,2887431
2025-02-21,구글,외부,GGL_CMP_01_플러스가입,플러스가입,유사타겟,CRS_플러스멤버십_겨울_v1,38897,981,198868,96,24,1075781
2025-02-21,구글,외부,GGL_CMP_01_플러스가입,플러스가입,유사타겟,IMG_적립혜택_겨울_v2,57706,1781,363496,199,42,1909987
2025-02-21,구글,외부,GGL_CMP_02_리타겟팅,리타겟팅,리마케팅,VID_할인쿠폰_겨울_A_v1,39140,1539,218635,125,56,3881801
2025-02-21,구글,외부,GGL_CMP_02_리타겟팅,리타겟팅,리마케팅,IMG_할인쿠폰_겨울_B_v1,42269,1168,268810,98,44,2541964
2025-02-21,구글,외부,GGL_CMP_02_리타겟팅,리타겟팅,리마케팅,CRS_특가_겨울_v1,27602,1205,160141,106,42,2946445
2025-02-21,구글,외부,GGL_CMP_03_첫구매,첫구매,논타겟,VID_적립혜택_겨울_A_v1,43762,827,266839,94,37,2162408
2025-02-21,구글,외부,GGL_CMP_03_첫구매,첫구매,논타겟,IMG_적립혜택_겨울_B_v1,64447,2069,332617,132,56,4221878
2025-02-21,구글,외부,GGL_CMP_03_첫구매,첫구매,논타겟,CRS_할인쿠폰_겨울_v1,40327,963,179527,65,26,1669245
2025-02-21,구글,외부,GGL_CMP_03_첫구매,첫구매,유사타겟,VID_적립혜택_겨울_A_v1,44300,1428,207312,146,71,4353952
2025-02-21,구글,외부,GGL_CMP_03_첫구매,첫구매,유사타겟,IMG_적립혜택_겨울_B_v1,56067,1295,308092,111,49,2704199
2025-02-21,구글,외부,GGL_CMP_03_첫구매,첫구매,유사타겟,CRS_할인쿠폰_겨울_v1,48797,1384,318909,110,34,1794039
2025-02-21,메타,외부,META_CMP_01_신규유저,신규유저,논타겟,VID_플러스멤버십_겨울_A_v1,50195,581,221110,36,5,239311
2025-02-21,메타,외부,META_CMP_01_신규유저,신규유저,논타겟,IMG_적립혜택_겨울_B_v1,41793,534,156916,38,8,381429
2025-02-21,메타,외부,META_CMP_01_신규유저,신규유저,논타겟,CRS_플러스멤버십_겨울_v1,48286,606,199463,53,11,648785
2025-02-21,메타,외부,META_CMP_02_룩얼라이크,룩얼라이크,유사타겟,VID_플러스멤버십_겨울_A_v1,38247,770,154224,46,8,496044
2025-02-21,메타,외부,META_CMP_02_룩얼라이크,룩얼라이크,유사타겟,IMG_할인쿠폰_겨울_B_v1,50877,883,244134,58,15,746389
2025-02-21,메타,외부,META_CMP_02_룩얼라이크,룩얼라이크,유사타겟,CRS_특가_겨울_v1,38512,500,192481,29,7,352900
2025-02-21,메타,외부,META_CMP_03_재구매,재구매,VIP,IMG_배송혜택_겨울_A_v1,15352,426,59516,21,9,707289
2025-02-21,메타,외부,META_CMP_03_재구매,재구매,VIP,VID_적립혜택_겨울_B_v1,14797,332,56002,21,9,591771
2025-02-21,메타,외부,META_CMP_03_재구매,재구매,VIP,CRS_신상품_겨울_v1,10909,222,51652,14,5,388123
2025-02-21,메타,외부,META_CMP_03_재구매,재구매,윈백,IMG_배송혜택_겨울_A_v1,20541,337,92094,15,6,459077
2025-02-21,메타,외부,META_CMP_03_재구매,재구매,윈백,VID_적립혜택_겨울_B_v1,23822,566,91137,37,18,1568290
2025-02-21,메타,외부,META_CMP_03_재구매,재구매,윈백,CRS_신상품_겨울_v1,24988,757,91589,33,20,1284193
2025-02-21,네이버,자체,NVR_CMP_01_브랜드KW,브랜드KW,논타겟,TXT_플러스멤버십_겨울_A_v1,10961,1140,84231,242,145,10521364
2025-02-21,네이버,자체,NVR_CMP_02_일반KW,일반KW,논타겟,TXT_할인쿠폰_겨울_A_v1,14338,1420,109430,286,90,4638324
2025-02-21,네이버,자체,NVR_CMP_02_일반KW,일반KW,논타겟,TXT_플러스멤버십_겨울_B_v1,13529,1367,88729,160,53,4170522
2025-02-21,네이버,자체,NVR_CMP_03_재구매,재구매,VIP,IMG_배송혜택_겨울_A_v1,4126,268,36276,27,18,1759443
2025-02-21,네이버,자체,NVR_CMP_03_재구매,재구매,VIP,VID_적립혜택_겨울_B_v1,5036,370,44487,44,34,3271167
2025-02-21,네이버,자체,NVR_CMP_03_재구매,재구매,VIP,CRS_신상품_겨울_v1,5879,415,49593,47,29,2472719
2025-02-21,네이버,자체,NVR_CMP_03_재구매,재구매,윈백,IMG_배송혜택_겨울_A_v1,7506,447,65000,30,26,2435213
2025-02-21,네이버,자체,NVR_CMP_03_재구매,재구매,윈백,VID_적립혜택_겨울_B_v1,7043,404,62214,43,29,3203758
2025-02-21,네이버,자체,NVR_CMP_03_재구매,재구매,윈백,CRS_신상품_겨울_v1,9624,723,66356,85,65,6993584
2025-02-22,구글,외부,GGL_CMP_01_플러스가입,플러스가입,논타겟,VID_플러스멤버십_겨울_A_v1,31860,717,163935,70,18,999516
2025-02-22,구글,외부,GGL_CMP_01_플러스가입,플러스가입,논타겟,IMG_플러스멤버십_겨울_B_v1,42413,1287,253456,138,33,2238921
2025-02-22,구글,외부,GGL_CMP_01_플러스가입,플러스가입,논타겟,CRS_플러스멤버십_겨울_v1,36130,1171,169699,167,57,2762357
2025-02-22,구글,외부,GGL_CMP_01_플러스가입,플러스가입,논타겟,IMG_적립혜택_겨울_v2,43786,1394,245783,197,45,2804647
2025-02-22,구글,외부,GGL_CMP_01_플러스가입,플러스가입,유사타겟,VID_플러스멤버십_겨울_A_v1,39689,1215,196103,171,57,3079631
2025-02-22,구글,외부,GGL_CMP_01_플러스가입,플러스가입,유사타겟,IMG_플러스멤버십_겨울_B_v1,47086,1558,299854,217,54,2382551
2025-02-22,구글,외부,GGL_CMP_01_플러스가입,플러스가입,유사타겟,CRS_플러스멤버십_겨울_v1,52511,1572,319637,227,48,3232065
2025-02-22,구글,외부,GGL_CMP_01_플러스가입,플러스가입,유사타겟,IMG_적립혜택_겨울_v2,43177,1036,271221,121,27,1195587
2025-02-22,구글,외부,GGL_CMP_02_리타겟팅,리타겟팅,리마케팅,VID_할인쿠폰_겨울_A_v1,29413,916,144212,77,31,1424756
2025-02-22,구글,외부,GGL_CMP_02_리타겟팅,리타겟팅,리마케팅,IMG_할인쿠폰_겨울_B_v1,23088,706,137799,64,31,2161699
2025-02-22,구글,외부,GGL_CMP_02_리타겟팅,리타겟팅,리마케팅,CRS_특가_겨울_v1,22163,924,140447,86,38,1943257
2025-02-22,구글,외부,GGL_CMP_03_첫구매,첫구매,논타겟,VID_적립혜택_겨울_A_v1,39381,1255,201006,95,33,2340357
2025-02-22,구글,외부,GGL_CMP_03_첫구매,첫구매,논타겟,IMG_적립혜택_겨울_B_v1,39988,995,246958,69,28,2003220
2025-02-22,구글,외부,GGL_CMP_03_첫구매,첫구매,논타겟,CRS_할인쿠폰_겨울_v1,50013,1354,303946,144,54,2984539
2025-02-22,구글,외부,GGL_CMP_03_첫구매,첫구매,유사타겟,VID_적립혜택_겨울_A_v1,47144,1525,287472,130,49,2581110
2025-02-22,구글,외부,GGL_CMP_03_첫구매,첫구매,유사타겟,IMG_적립혜택_겨울_B_v1,49341,1206,256358,128,57,3587619
2025-02-22,구글,외부,GGL_CMP_03_첫구매,첫구매,유사타겟,CRS_할인쿠폰_겨울_v1,34233,848,173738,63,17,918302
2025-02-22,메타,외부,META_CMP_01_신규유저,신규유저,논타겟,VID_플러스멤버십_겨울_A_v1,28179,445,103253,22,5,220285
2025-02-22,메타,외부,META_CMP_01_신규유저,신규유저,논타겟,IMG_적립혜택_겨울_B_v1,38937,511,164595,31,5,229894
2025-02-22,메타,외부,META_CMP_01_신규유저,신규유저,논타겟,CRS_플러스멤버십_겨울_v1,25959,415,90170,34,6,265153
2025-02-22,메타,외부,META_CMP_02_룩얼라이크,룩얼라이크,유사타겟,VID_플러스멤버십_겨울_A_v1,24665,471,91903,36,10,584614
2025-02-22,메타,외부,META_CMP_02_룩얼라이크,룩얼라이크,유사타겟,IMG_할인쿠폰_겨울_B_v1,27025,608,114564,43,11,468960
2025-02-22,메타,외부,META_CMP_02_룩얼라이크,룩얼라이크,유사타겟,CRS_특가_겨울_v1,28605,368,121334,34,9,448041
2025-02-22,메타,외부,META_CMP_03_재구매,재구매,VIP,IMG_배송혜택_겨울_A_v1,11455,256,43442,10,4,303238
2025-02-22,메타,외부,META_CMP_03_재구매,재구매,VIP,VID_적립혜택_겨울_B_v1,11615,271,45641,12,5,281731
2025-02-22,메타,외부,META_CMP_03_재구매,재구매,VIP,CRS_신상품_겨울_v1,7449,140,27657,7,4,276251
2025-02-22,메타,외부,META_CMP_03_재구매,재구매,윈백,IMG_배송혜택_겨울_A_v1,12416,221,57603,14,8,605135
2025-02-22,메타,외부,META_CMP_03_재구매,재구매,윈백,VID_적립혜택_겨울_B_v1,12578,343,45593,23,10,634687
2025-02-22,메타,외부,META_CMP_03_재구매,재구매,윈백,CRS_신상품_겨울_v1,12685,226,51675,13,5,412688
2025-02-22,네이버,자체,NVR_CMP_01_브랜드KW,브랜드KW,논타겟,TXT_플러스멤버십_겨울_A_v1,8617,1211,70303,220,148,9418040
2025-02-22,네이버,자체,NVR_CMP_02_일반KW,일반KW,논타겟,TXT_할인쿠폰_겨울_A_v1,9712,960,76160,184,81,6331715
2025-02-22,네이버,자체,NVR_CMP_02_일반KW,일반KW,논타겟,TXT_플러스멤버십_겨울_B_v1,11029,1101,94770,217,73,4069517
2025-02-22,네이버,자체,NVR_CMP_03_재구매,재구매,VIP,IMG_배송혜택_겨울_A_v1,3750,183,25358,20,11,896861
2025-02-22,네이버,자체,NVR_CMP_03_재구매,재구매,VIP,VID_적립혜택_겨울_B_v1,3375,204,29607,22,13,937060
2025-02-22,네이버,자체,NVR_CMP_03_재구매,재구매,VIP,CRS_신상품_겨울_v1,3624,237,25733,24,13,1298063
2025-02-22,네이버,자체,NVR_CMP_03_재구매,재구매,윈백,IMG_배송혜택_겨울_A_v1,8348,376,63782,32,16,1788038
2025-02-22,네이버,자체,NVR_CMP_03_재구매,재구매,윈백,VID_적립혜택_겨울_B_v1,6425,352,47928,27,23,2149089
2025-02-22,네이버,자체,NVR_CMP_03_재구매,재구매,윈백,CRS_신상품_겨울_v1,7758,477,50232,51,35,3259973
2025-02-23,구글,외부,GGL_CMP_01_플러스가입,플러스가입,논타겟,VID_플러스멤버십_겨울_A_v1,47525,1578,211379,134,25,1591472
2025-02-23,구글,외부,GGL_CMP_01_플러스가입,플러스가입,논타겟,IMG_플러스멤버십_겨울_B_v1,32981,1054,210718,143,48,3276394
2025-02-23,구글,외부,GGL_CMP_01_플러스가입,플러스가입,논타겟,CRS_플러스멤버십_겨울_v1,29731,682,189602,72,15,745094
2025-02-23,구글,외부,GGL_CMP_01_플러스가입,플러스가입,논타겟,IMG_적립혜택_겨울_v2,48912,1672,301875,177,61,2874433
2025-02-23,구글,외부,GGL_CMP_01_플러스가입,플러스가입,유사타겟,VID_플러스멤버십_겨울_A_v1,46643,1588,228424,175,47,2784541
2025-02-23,구글,외부,GGL_CMP_01_플러스가입,플러스가입,유사타겟,IMG_플러스멤버십_겨울_B_v1,48075,1078,228685,152,38,1842555
2025-02-23,구글,외부,GGL_CMP_01_플러스가입,플러스가입,유사타겟,CRS_플러스멤버십_겨울_v1,47353,1332,275559,120,38,2496149
2025-02-23,구글,외부,GGL_CMP_01_플러스가입,플러스가입,유사타겟,IMG_적립혜택_겨울_v2,48181,1524,253635,221,63,3837120
2025-02-23,구글,외부,GGL_CMP_02_리타겟팅,리타겟팅,리마케팅,VID_할인쿠폰_겨울_A_v1,20266,701,102947,69,24,1654233
2025-02-23,구글,외부,GGL_CMP_02_리타겟팅,리타겟팅,리마케팅,IMG_할인쿠폰_겨울_B_v1,25735,1117,132591,155,52,2477387
2025-02-23,구글,외부,GGL_CMP_02_리타겟팅,리타겟팅,리마케팅,CRS_특가_겨울_v1,20771,683,134537,89,34,1793799
2025-02-23,구글,외부,GGL_CMP_03_첫구매,첫구매,논타겟,VID_적립혜택_겨울_A_v1,31421,976,186725,108,40,2478768
2025-02-23,구글,외부,GGL_CMP_03_첫구매,첫구매,논타겟,IMG_적립혜택_겨울_B_v1,47235,1204,235744,132,44,2383890
2025-02-23,구글,외부,GGL_CMP_03_첫구매,첫구매,논타겟,CRS_할인쿠폰_겨울_v1,37651,838,188104,85,25,1650051
2025-02-23,구글,외부,GGL_CMP_03_첫구매,첫구매,유사타겟,VID_적립혜택_겨울_A_v1,39805,1244,215512,87,33,2569320
2025-02-23,구글,외부,GGL_CMP_03_첫구매,첫구매,유사타겟,IMG_적립혜택_겨울_B_v1,31187,800,185813,61,28,1627371
2025-02-23,구글,외부,GGL_CMP_03_첫구매,첫구매,유사타겟,CRS_할인쿠폰_겨울_v1,52860,1164,295699,104,38,2568037
2025-02-23,메타,외부,META_CMP_01_신규유저,신규유저,논타겟,VID_플러스멤버십_겨울_A_v1,25265,431,108583,27,5,252796
2025-02-23,메타,외부,META_CMP_01_신규유저,신규유저,논타겟,IMG_적립혜택_겨울_B_v1,40194,563,194706,35,7,380548
2025-02-23,메타,외부,META_CMP_01_신규유저,신규유저,논타겟,CRS_플러스멤버십_겨울_v1,40433,584,165556,48,8,435668
2025-02-23,메타,외부,META_CMP_02_룩얼라이크,룩얼라이크,유사타겟,VID_플러스멤버십_겨울_A_v1,33097,477,128173,30,8,475180
2025-02-23,메타,외부,META_CMP_02_룩얼라이크,룩얼라이크,유사타겟,IMG_할인쿠폰_겨울_B_v1,25055,365,98932,32,8,374912
2025-02-23,메타,외부,META_CMP_02_룩얼라이크,룩얼라이크,유사타겟,CRS_특가_겨울_v1,40739,710,174695,44,12,714473
2025-02-23,메타,외부,META_CMP_03_재구매,재구매,VIP,IMG_배송혜택_겨울_A_v1,8008,161,30774,9,4,320955
2025-02-23,메타,외부,META_CMP_03_재구매,재구매,VIP,VID_적립혜택_겨울_B_v1,9128,166,36781,7,4,261097
2025-02-23,메타,외부,META_CMP_03_재구매,재구매,VIP,CRS_신상품_겨울_v1,6993,196,31098,7,2,112551
2025-02-23,메타,외부,META_CMP_03_재구매,재구매,윈백,IMG_배송혜택_겨울_A_v1,12922,323,46337,15,7,396745
2025-02-23,메타,외부,META_CMP_03_재구매,재구매,윈백,VID_적립혜택_겨울_B_v1,20145,593,72546,32,11,739190
2025-02-23,메타,외부,META_CMP_03_재구매,재구매,윈백,CRS_신상품_겨울_v1,11543,347,55662,18,7,499969
2025-02-23,네이버,자체,NVR_CMP_01_브랜드KW,브랜드KW,논타겟,TXT_플러스멤버십_겨울_A_v1,5427,632,36298,181,104,8714886
2025-02-23,네이버,자체,NVR_CMP_02_일반KW,일반KW,논타겟,TXT_할인쿠폰_겨울_A_v1,8941,512,84027,85,28,1469657
2025-02-23,네이버,자체,NVR_CMP_02_일반KW,일반KW,논타겟,TXT_플러스멤버십_겨울_B_v1,8593,863,62906,168,52,2867227
2025-02-23,네이버,자체,NVR_CMP_03_재구매,재구매,VIP,IMG_배송혜택_겨울_A_v1,3856,282,25069,32,18,1446007
2025-02-23,네이버,자체,NVR_CMP_03_재구매,재구매,VIP,VID_적립혜택_겨울_B_v1,3876,168,28872,14,9,797363
2025-02-23,네이버,자체,NVR_CMP_03_재구매,재구매,VIP,CRS_신상품_겨울_v1,3293,169,23001,19,11,868482
2025-02-23,네이버,자체,NVR_CMP_03_재구매,재구매,윈백,IMG_배송혜택_겨울_A_v1,5612,297,49941,33,23,1985141
2025-02-23,네이버,자체,NVR_CMP_03_재구매,재구매,윈백,VID_적립혜택_겨울_B_v1,8265,562,62674,45,37,2788978
2025-02-23,네이버,자체,NVR_CMP_03_재구매,재구매,윈백,CRS_신상품_겨울_v1,6813,454,49407,47,42,2922336
2025-02-24,구글,외부,GGL_CMP_01_플러스가입,플러스가입,논타겟,VID_플러스멤버십_겨울_A_v1,54396,1894,260211,207,48,2536098
2025-02-24,구글,외부,GGL_CMP_01_플러스가입,플러스가입,논타겟,IMG_플러스멤버십_겨울_B_v1,45772,1284,227765,143,34,2287412
2025-02-24,구글,외부,GGL_CMP_01_플러스가입,플러스가입,논타겟,CRS_플러스멤버십_겨울_v1,70054,1952,350745,222,56,3041771
2025-02-24,구글,외부,GGL_CMP_01_플러스가입,플러스가입,논타겟,IMG_적립혜택_겨울_v2,67489,1584,358435,181,54,2951733
2025-02-24,구글,외부,GGL_CMP_01_플러스가입,플러스가입,유사타겟,VID_플러스멤버십_겨울_A_v1,40715,1226,258173,107,26,1514033
2025-02-24,구글,외부,GGL_CMP_01_플러스가입,플러스가입,유사타겟,IMG_플러스멤버십_겨울_B_v1,69008,1518,431636,125,34,1808777
2025-02-24,구글,외부,GGL_CMP_01_플러스가입,플러스가입,유사타겟,CRS_플러스멤버십_겨울_v1,48071,1112,255073,159,30,2062025
2025-02-24,구글,외부,GGL_CMP_01_플러스가입,플러스가입,유사타겟,IMG_적립혜택_겨울_v2,55303,1257,291557,159,47,2096762
2025-02-24,구글,외부,GGL_CMP_02_리타겟팅,리타겟팅,리마케팅,VID_할인쿠폰_겨울_A_v1,41573,1178,199696,120,65,4488813
2025-02-24,구글,외부,GGL_CMP_02_리타겟팅,리타겟팅,리마케팅,IMG_할인쿠폰_겨울_B_v1,32052,1220,171414,109,56,3505429
2025-02-24,구글,외부,GGL_CMP_02_리타겟팅,리타겟팅,리마케팅,CRS_특가_겨울_v1,31311,967,193785,116,58,3937190
2025-02-24,구글,외부,GGL_CMP_03_첫구매,첫구매,논타겟,VID_적립혜택_겨울_A_v1,48892,1584,249830,101,43,2474915
2025-02-24,구글,외부,GGL_CMP_03_첫구매,첫구매,논타겟,IMG_적립혜택_겨울_B_v1,59881,1551,364255,161,64,3874851
2025-02-24,구글,외부,GGL_CMP_03_첫구매,첫구매,논타겟,CRS_할인쿠폰_겨울_v1,40519,751,246299,70,34,2567458
2025-02-24,구글,외부,GGL_CMP_03_첫구매,첫구매,유사타겟,VID_적립혜택_겨울_A_v1,63802,1603,367153,159,64,4136279
2025-02-24,구글,외부,GGL_CMP_03_첫구매,첫구매,유사타겟,IMG_적립혜택_겨울_B_v1,70370,2043,429240,154,45,3181973
2025-02-24,구글,외부,GGL_CMP_03_첫구매,첫구매,유사타겟,CRS_할인쿠폰_겨울_v1,47159,1111,237788,71,31,2054946
2025-02-24,메타,외부,META_CMP_01_신규유저,신규유저,논타겟,VID_플러스멤버십_겨울_A_v1,48831,1008,188887,91,21,775310
2025-02-24,메타,외부,META_CMP_01_신규유저,신규유저,논타겟,IMG_적립혜택_겨울_B_v1,30074,452,110124,33,8,371948
2025-02-24,메타,외부,META_CMP_01_신규유저,신규유저,논타겟,CRS_플러스멤버십_겨울_v1,54583,742,267071,59,11,598496
2025-02-24,메타,외부,META_CMP_02_룩얼라이크,룩얼라이크,유사타겟,VID_플러스멤버십_겨울_A_v1,50115,672,229399,39,9,531366
2025-02-24,메타,외부,META_CMP_02_룩얼라이크,룩얼라이크,유사타겟,IMG_할인쿠폰_겨울_B_v1,34989,483,169469,37,11,622676
2025-02-24,메타,외부,META_CMP_02_룩얼라이크,룩얼라이크,유사타겟,CRS_특가_겨울_v1,48864,1101,218213,105,28,1137799
2025-02-24,메타,외부,META_CMP_03_재구매,재구매,VIP,IMG_배송혜택_겨울_A_v1,9231,228,33437,13,4,333289
2025-02-24,메타,외부,META_CMP_03_재구매,재구매,VIP,VID_적립혜택_겨울_B_v1,15610,466,54170,20,7,415270
2025-02-24,메타,외부,META_CMP_03_재구매,재구매,VIP,CRS_신상품_겨울_v1,15116,426,59075,30,16,870503
2025-02-24,메타,외부,META_CMP_03_재구매,재구매,윈백,IMG_배송혜택_겨울_A_v1,21818,553,90423,26,9,647086
2025-02-24,메타,외부,META_CMP_03_재구매,재구매,윈백,VID_적립혜택_겨울_B_v1,25968,738,94734,40,18,977088
2025-02-24,메타,외부,META_CMP_03_재구매,재구매,윈백,CRS_신상품_겨울_v1,20449,517,96345,37,17,1298062
2025-02-24,네이버,자체,NVR_CMP_01_브랜드KW,브랜드KW,논타겟,TXT_플러스멤버십_겨울_A_v1,8360,1230,70677,265,140,11559382
2025-02-24,네이버,자체,NVR_CMP_02_일반KW,일반KW,논타겟,TXT_할인쿠폰_겨울_A_v1,11051,982,93987,134,56,3426751
2025-02-24,네이버,자체,NVR_CMP_02_일반KW,일반KW,논타겟,TXT_플러스멤버십_겨울_B_v1,16053,1267,115512,160,76,5112228
2025-02-24,네이버,자체,NVR_CMP_03_재구매,재구매,VIP,IMG_배송혜택_겨울_A_v1,5000,338,32012,40,24,2057610
2025-02-24,네이버,자체,NVR_CMP_03_재구매,재구매,VIP,VID_적립혜택_겨울_B_v1,4929,322,38248,30,15,1388445
2025-02-24,네이버,자체,NVR_CMP_03_재구매,재구매,VIP,CRS_신상품_겨울_v1,6925,495,62648,41,35,3205121
2025-02-24,네이버,자체,NVR_CMP_03_재구매,재구매,윈백,IMG_배송혜택_겨울_A_v1,8991,531,65496,57,37,4173574
2025-02-24,네이버,자체,NVR_CMP_03_재구매,재구매,윈백,VID_적립혜택_겨울_B_v1,8803,600,83668,54,39,2927094
2025-02-24,네이버,자체,NVR_CMP_03_재구매,재구매,윈백,CRS_신상품_겨울_v1,11092,806,75777,56,33,3157760
2025-02-25,구글,외부,GGL_CMP_01_플러스가입,플러스가입,논타겟,VID_플러스멤버십_겨울_A_v1,38865,1015,177220,115,54,3242359
2025-02-25,구글,외부,GGL_CMP_01_플러스가입,플러스가입,논타겟,IMG_플러스멤버십_겨울_B_v1,68486,2389,400374,221,104,6301159
2025-02-25,구글,외부,GGL_CMP_01_플러스가입,플러스가입,논타겟,CRS_플러스멤버십_겨울_v1,62748,2103,331284,248,105,5922088
2025-02-25,구글,외부,GGL_CMP_01_플러스가입,플러스가입,논타겟,IMG_적립혜택_겨울_v2,46652,1302,210283,193,86,5901178
2025-02-25,구글,외부,GGL_CMP_01_플러스가입,플러스가입,유사타겟,VID_플러스멤버십_겨울_A_v1,44756,1426,205260,215,76,3405301
2025-02-25,구글,외부,GGL_CMP_01_플러스가입,플러스가입,유사타겟,IMG_플러스멤버십_겨울_B_v1,61547,2129,290683,266,115,5272958
2025-02-25,구글,외부,GGL_CMP_01_플러스가입,플러스가입,유사타겟,CRS_플러스멤버십_겨울_v1,67233,2105,379251,204,59,2927193
2025-02-25,구글,외부,GGL_CMP_01_플러스가입,플러스가입,유사타겟,IMG_적립혜택_겨울_v2,56437,1209,321756,144,59,3947255
2025-02-25,구글,외부,GGL_CMP_02_리타겟팅,리타겟팅,리마케팅,VID_할인쿠폰_겨울_A_v1,25781,1123,132125,155,106,4826106
2025-02-25,구글,외부,GGL_CMP_02_리타겟팅,리타겟팅,리마케팅,IMG_할인쿠폰_겨울_B_v1,32692,1093,187619,139,94,4810733
2025-02-25,구글,외부,GGL_CMP_02_리타겟팅,리타겟팅,리마케팅,CRS_특가_겨울_v1,42439,1732,272742,240,108,7685579
2025-02-25,구글,외부,GGL_CMP_03_첫구매,첫구매,논타겟,VID_적립혜택_겨울_A_v1,60243,1276,389021,111,57,2932094
2025-02-25,구글,외부,GGL_CMP_03_첫구매,첫구매,논타겟,IMG_적립혜택_겨울_B_v1,63727,1990,370401,208,137,6658680
2025-02-25,구글,외부,GGL_CMP_03_첫구매,첫구매,논타겟,CRS_할인쿠폰_겨울_v1,43891,916,200125,67,40,2318055
2025-02-25,구글,외부,GGL_CMP_03_첫구매,첫구매,유사타겟,VID_적립혜택_겨울_A_v1,59697,1110,392763,90,41,2091261
2025-02-25,구글,외부,GGL_CMP_03_첫구매,첫구매,유사타겟,IMG_적립혜택_겨울_B_v1,49506,1328,308859,126,51,2774290
2025-02-25,구글,외부,GGL_CMP_03_첫구매,첫구매,유사타겟,CRS_할인쿠폰_겨울_v1,44567,976,293780,75,39,2536403
2025-02-25,메타,외부,META_CMP_01_신규유저,신규유저,논타겟,VID_플러스멤버십_겨울_A_v1,53560,823,191540,48,19,1092965
2025-02-25,메타,외부,META_CMP_01_신규유저,신규유저,논타겟,IMG_적립혜택_겨울_B_v1,48990,845,229332,63,25,1304194
2025-02-25,메타,외부,META_CMP_01_신규유저,신규유저,논타겟,CRS_플러스멤버십_겨울_v1,53617,694,228633,44,11,497468
2025-02-25,메타,외부,META_CMP_02_룩얼라이크,룩얼라이크,유사타겟,VID_플러스멤버십_겨울_A_v1,38321,483,151054,42,16,924580
2025-02-25,메타,외부,META_CMP_02_룩얼라이크,룩얼라이크,유사타겟,IMG_할인쿠폰_겨울_B_v1,45002,892,170023,75,32,1264812
2025-02-25,메타,외부,META_CMP_02_룩얼라이크,룩얼라이크,유사타겟,CRS_특가_겨울_v1,35594,767,120349,52,22,906697
2025-02-25,메타,외부,META_CMP_03_재구매,재구매,VIP,IMG_배송혜택_겨울_A_v1,14780,355,54086,23,11,668608
2025-02-25,메타,외부,META_CMP_03_재구매,재구매,VIP,VID_적립혜택_겨울_B_v1,9121,215,44673,12,7,599411
2025-02-25,메타,외부,META_CMP_03_재구매,재구매,VIP,CRS_신상품_겨울_v1,12906,238,50339,14,8,691038
2025-02-25,메타,외부,META_CMP_03_재구매,재구매,윈백,IMG_배송혜택_겨울_A_v1,17266,340,78923,14,7,420978
2025-02-25,메타,외부,META_CMP_03_재구매,재구매,윈백,VID_적립혜택_겨울_B_v1,21091,361,98100,19,9,701517
2025-02-25,메타,외부,META_CMP_03_재구매,재구매,윈백,CRS_신상품_겨울_v1,15216,394,54129,24,12,983443
2025-02-25,네이버,자체,NVR_CMP_01_브랜드KW,브랜드KW,논타겟,TXT_플러스멤버십_겨울_A_v1,6725,744,61465,140,96,5565971
2025-02-25,네이버,자체,NVR_CMP_02_일반KW,일반KW,논타겟,TXT_할인쿠폰_겨울_A_v1,10052,765,70331,92,52,3229283
2025-02-25,네이버,자체,NVR_CMP_02_일반KW,일반KW,논타겟,TXT_플러스멤버십_겨울_B_v1,9929,714,82629,109,41,2640384
2025-02-25,네이버,자체,NVR_CMP_03_재구매,재구매,VIP,IMG_배송혜택_겨울_A_v1,6885,295,55781,34,38,4153566
2025-02-25,네이버,자체,NVR_CMP_03_재구매,재구매,VIP,VID_적립혜택_겨울_B_v1,6196,432,51001,47,48,4210614
2025-02-25,네이버,자체,NVR_CMP_03_재구매,재구매,VIP,CRS_신상품_겨울_v1,5100,253,44115,25,30,2556219
2025-02-25,네이버,자체,NVR_CMP_03_재구매,재구매,윈백,IMG_배송혜택_겨울_A_v1,7926,360,63057,35,33,2600992
2025-02-25,네이버,자체,NVR_CMP_03_재구매,재구매,윈백,VID_적립혜택_겨울_B_v1,8424,357,64583,32,22,1569707
2025-02-25,네이버,자체,NVR_CMP_03_재구매,재구매,윈백,CRS_신상품_겨울_v1,7736,318,63002,23,27,2562306
2025-02-26,구글,외부,GGL_CMP_01_플러스가입,플러스가입,논타겟,VID_플러스멤버십_겨울_A_v1,59590,1287,279928,160,39,2454480
2025-02-26,구글,외부,GGL_CMP_01_플러스가입,플러스가입,논타겟,IMG_플러스멤버십_겨울_B_v1,58216,1342,270509,171,37,2027290
2025-02-26,구글,외부,GGL_CMP_01_플러스가입,플러스가입,논타겟,CRS_플러스멤버십_겨울_v1,70411,1760,436013,205,48,2536618
2025-02-26,구글,외부,GGL_CMP_01_플러스가입,플러스가입,논타겟,IMG_적립혜택_겨울_v2,49027,1548,319549,157,36,1910083
2025-02-26,구글,외부,GGL_CMP_01_플러스가입,플러스가입,유사타겟,VID_플러스멤버십_겨울_A_v1,62206,1808,321312,192,42,2871693
2025-02-26,구글,외부,GGL_CMP_01_플러스가입,플러스가입,유사타겟,IMG_플러스멤버십_겨울_B_v1,67109,1953,396535,180,48,2765454
2025-02-26,구글,외부,GGL_CMP_01_플러스가입,플러스가입,유사타겟,CRS_플러스멤버십_겨울_v1,51976,1695,324787,175,45,2533960
2025-02-26,구글,외부,GGL_CMP_01_플러스가입,플러스가입,유사타겟,IMG_적립혜택_겨울_v2,68909,1344,333025,185,36,2082928
2025-02-26,구글,외부,GGL_CMP_02_리타겟팅,리타겟팅,리마케팅,VID_할인쿠폰_겨울_A_v1,31836,1234,184540,100,44,2049606
2025-02-26,구글,외부,GGL_CMP_02_리타겟팅,리타겟팅,리마케팅,IMG_할인쿠폰_겨울_B_v1,25653,766,117109,70,28,1572599
2025-02-26,구글,외부,GGL_CMP_02_리타겟팅,리타겟팅,리마케팅,CRS_특가_겨울_v1,30334,805,187635,97,56,3184008
2025-02-26,구글,외부,GGL_CMP_03_첫구매,첫구매,논타겟,VID_적립혜택_겨울_A_v1,41138,1116,228496,104,38,2947805
2025-02-26,구글,외부,GGL_CMP_03_첫구매,첫구매,논타겟,IMG_적립혜택_겨울_B_v1,49393,1520,277500,111,38,2537260
2025-02-26,구글,외부,GGL_CMP_03_첫구매,첫구매,논타겟,CRS_할인쿠폰_겨울_v1,38728,1076,174593,78,25,1774232
2025-02-26,구글,외부,GGL_CMP_03_첫구매,첫구매,유사타겟,VID_적립혜택_겨울_A_v1,46563,819,270683,76,23,1533064
2025-02-26,구글,외부,GGL_CMP_03_첫구매,첫구매,유사타겟,IMG_적립혜택_겨울_B_v1,61276,1627,334195,171,52,3406366
2025-02-26,구글,외부,GGL_CMP_03_첫구매,첫구매,유사타겟,CRS_할인쿠폰_겨울_v1,68911,1538,418896,164,80,6039762
2025-02-26,메타,외부,META_CMP_01_신규유저,신규유저,논타겟,VID_플러스멤버십_겨울_A_v1,33566,535,126133,47,8,423337
2025-02-26,메타,외부,META_CMP_01_신규유저,신규유저,논타겟,IMG_적립혜택_겨울_B_v1,33995,575,128579,52,8,404352
2025-02-26,메타,외부,META_CMP_01_신규유저,신규유저,논타겟,CRS_플러스멤버십_겨울_v1,34752,494,155291,36,8,454077
2025-02-26,메타,외부,META_CMP_02_룩얼라이크,룩얼라이크,유사타겟,VID_플러스멤버십_겨울_A_v1,31519,684,142443,40,9,543205
2025-02-26,메타,외부,META_CMP_02_룩얼라이크,룩얼라이크,유사타겟,IMG_할인쿠폰_겨울_B_v1,34483,791,123065,42,12,687917
2025-02-26,메타,외부,META_CMP_02_룩얼라이크,룩얼라이크,유사타겟,CRS_특가_겨울_v1,40298,779,188146,74,18,893133
2025-02-26,메타,외부,META_CMP_03_재구매,재구매,VIP,IMG_배송혜택_겨울_A_v1,14110,237,56854,16,9,492391
2025-02-26,메타,외부,META_CMP_03_재구매,재구매,VIP,VID_적립혜택_겨울_B_v1,11681,197,51304,8,4,255929
2025-02-26,메타,외부,META_CMP_03_재구매,재구매,VIP,CRS_신상품_겨울_v1,14800,304,51062,21,9,688080
2025-02-26,메타,외부,META_CMP_03_재구매,재구매,윈백,IMG_배송혜택_겨울_A_v1,20093,447,80044,31,18,1227562
2025-02-26,메타,외부,META_CMP_03_재구매,재구매,윈백,VID_적립혜택_겨울_B_v1,24841,637,98357,43,25,1682973
2025-02-26,메타,외부,META_CMP_03_재구매,재구매,윈백,CRS_신상품_겨울_v1,21928,441,95598,26,10,713233
2025-02-26,네이버,자체,NVR_CMP_01_브랜드KW,브랜드KW,논타겟,TXT_플러스멤버십_겨울_A_v1,10342,1679,89622,485,269,15386501
2025-02-26,네이버,자체,NVR_CMP_02_일반KW,일반KW,논타겟,TXT_할인쿠폰_겨울_A_v1,13508,972,100006,185,75,5581012
2025-02-26,네이버,자체,NVR_CMP_02_일반KW,일반KW,논타겟,TXT_플러스멤버십_겨울_B_v1,10456,659,74361,108,51,2689959
2025-02-26,네이버,자체,NVR_CMP_03_재구매,재구매,VIP,IMG_배송혜택_겨울_A_v1,5509,351,46902,41,25,2048823
2025-02-26,네이버,자체,NVR_CMP_03_재구매,재구매,VIP,VID_적립혜택_겨울_B_v1,4371,248,38343,30,25,1885155
2025-02-26,네이버,자체,NVR_CMP_03_재구매,재구매,VIP,CRS_신상품_겨울_v1,6822,351,61708,42,23,1994095
2025-02-26,네이버,자체,NVR_CMP_03_재구매,재구매,윈백,IMG_배송혜택_겨울_A_v1,10481,622,97565,46,31,3017678
2025-02-26,네이버,자체,NVR_CMP_03_재구매,재구매,윈백,VID_적립혜택_겨울_B_v1,7866,429,51588,46,41,3202792
2025-02-26,네이버,자체,NVR_CMP_03_재구매,재구매,윈백,CRS_신상품_겨울_v1,10337,631,83903,74,44,3102147
2025-02-27,구글,외부,GGL_CMP_01_플러스가입,플러스가입,논타겟,VID_플러스멤버십_겨울_A_v1,57223,1853,276053,239,54,2381505
2025-02-27,구글,외부,GGL_CMP_01_플러스가입,플러스가입,논타겟,IMG_플러스멤버십_겨울_B_v1,42437,1404,192264,201,51,2782827
2025-02-27,구글,외부,GGL_CMP_01_플러스가입,플러스가입,논타겟,CRS_플러스멤버십_겨울_v1,62671,1914,331779,194,52,3613308
2025-02-27,구글,외부,GGL_CMP_01_플러스가입,플러스가입,논타겟,IMG_적립혜택_겨울_v2,54786,1144,357497,114,29,1280562
2025-02-27,구글,외부,GGL_CMP_01_플러스가입,플러스가입,유사타겟,VID_플러스멤버십_겨울_A_v1,52192,1461,244892,189,46,2548624
2025-02-27,구글,외부,GGL_CMP_01_플러스가입,플러스가입,유사타겟,IMG_플러스멤버십_겨울_B_v1,66931,1575,407854,194,51,2659288
2025-02-27,구글,외부,GGL_CMP_01_플러스가입,플러스가입,유사타겟,CRS_플러스멤버십_겨울_v1,68600,2450,304404,334,108,7189129
2025-02-27,구글,외부,GGL_CMP_01_플러스가입,플러스가입,유사타겟,IMG_적립혜택_겨울_v2,51970,1039,299808,144,33,2283548
2025-02-27,구글,외부,GGL_CMP_02_리타겟팅,리타겟팅,리마케팅,VID_할인쿠폰_겨울_A_v1,29689,757,170570,83,26,1579230
2025-02-27,구글,외부,GGL_CMP_02_리타겟팅,리타겟팅,리마케팅,IMG_할인쿠폰_겨울_B_v1,23339,949,135449,122,54,3095914
2025-02-27,구글,외부,GGL_CMP_02_리타겟팅,리타겟팅,리마케팅,CRS_특가_겨울_v1,39745,1254,188244,116,43,2352277
2025-02-27,구글,외부,GGL_CMP_03_첫구매,첫구매,논타겟,VID_적립혜택_겨울_A_v1,45253,1303,236710,130,44,2807663
2025-02-27,구글,외부,GGL_CMP_03_첫구매,첫구매,논타겟,IMG_적립혜택_겨울_B_v1,45851,975,203645,79,36,2571421
2025-02-27,구글,외부,GGL_CMP_03_첫구매,첫구매,논타겟,CRS_할인쿠폰_겨울_v1,58860,1268,343241,135,38,2107341
2025-02-27,구글,외부,GGL_CMP_03_첫구매,첫구매,유사타겟,VID_적립혜택_겨울_A_v1,49460,1073,309193,68,21,1214711
2025-02-27,구글,외부,GGL_CMP_03_첫구매,첫구매,유사타겟,IMG_적립혜택_겨울_B_v1,54048,1377,292541,132,65,3369520
2025-02-27,구글,외부,GGL_CMP_03_첫구매,첫구매,유사타겟,CRS_할인쿠폰_겨울_v1,68498,1735,325347,109,43,3022824
2025-02-27,메타,외부,META_CMP_01_신규유저,신규유저,논타겟,VID_플러스멤버십_겨울_A_v1,46947,900,179546,65,11,563473
2025-02-27,메타,외부,META_CMP_01_신규유저,신규유저,논타겟,IMG_적립혜택_겨울_B_v1,38486,641,175635,51,9,414501
2025-02-27,메타,외부,META_CMP_01_신규유저,신규유저,논타겟,CRS_플러스멤버십_겨울_v1,40575,736,162504,41,9,463178
2025-02-27,메타,외부,META_CMP_02_룩얼라이크,룩얼라이크,유사타겟,VID_플러스멤버십_겨울_A_v1,42746,951,198517,71,17,773119
2025-02-27,메타,외부,META_CMP_02_룩얼라이크,룩얼라이크,유사타겟,IMG_할인쿠폰_겨울_B_v1,37272,720,162411,39,9,378596
2025-02-27,메타,외부,META_CMP_02_룩얼라이크,룩얼라이크,유사타겟,CRS_특가_겨울_v1,40747,734,176564,72,22,965183
2025-02-27,메타,외부,META_CMP_03_재구매,재구매,VIP,IMG_배송혜택_겨울_A_v1,14587,326,69203,22,12,898203
2025-02-27,메타,외부,META_CMP_03_재구매,재구매,VIP,VID_적립혜택_겨울_B_v1,16262,399,73854,16,9,611065
2025-02-27,메타,외부,META_CMP_03_재구매,재구매,VIP,CRS_신상품_겨울_v1,15461,371,68165,15,7,425742
2025-02-27,메타,외부,META_CMP_03_재구매,재구매,윈백,IMG_배송혜택_겨울_A_v1,15431,378,61430,27,15,1122502
2025-02-27,메타,외부,META_CMP_03_재구매,재구매,윈백,VID_적립혜택_겨울_B_v1,21147,468,89710,31,19,1458902
2025-02-27,메타,외부,META_CMP_03_재구매,재구매,윈백,CRS_신상품_겨울_v1,16973,500,79452,29,15,974604
2025-02-27,네이버,자체,NVR_CMP_01_브랜드KW,브랜드KW,논타겟,TXT_플러스멤버십_겨울_A_v1,9362,1483,75585,331,190,15306105
2025-02-27,네이버,자체,NVR_CMP_02_일반KW,일반KW,논타겟,TXT_할인쿠폰_겨울_A_v1,12512,1266,95613,228,112,5682441
2025-02-27,네이버,자체,NVR_CMP_02_일반KW,일반KW,논타겟,TXT_플러스멤버십_겨울_B_v1,9929,830,75861,137,44,2557364
2025-02-27,네이버,자체,NVR_CMP_03_재구매,재구매,VIP,IMG_배송혜택_겨울_A_v1,5748,327,37637,35,17,1542614
2025-02-27,네이버,자체,NVR_CMP_03_재구매,재구매,VIP,VID_적립혜택_겨울_B_v1,6582,499,46148,43,29,3021100
2025-02-27,네이버,자체,NVR_CMP_03_재구매,재구매,VIP,CRS_신상품_겨울_v1,5912,424,39731,36,27,2673280
2025-02-27,네이버,자체,NVR_CMP_03_재구매,재구매,윈백,IMG_배송혜택_겨울_A_v1,9776,580,81895,61,48,4409255
2025-02-27,네이버,자체,NVR_CMP_03_재구매,재구매,윈백,VID_적립혜택_겨울_B_v1,9049,437,86056,37,22,1989227
2025-02-27,네이버,자체,NVR_CMP_03_재구매,재구매,윈백,CRS_신상품_겨울_v1,7524,479,55923,33,21,2360963
2025-02-28,구글,외부,GGL_CMP_01_플러스가입,플러스가입,논타겟,VID_플러스멤버십_겨울_A_v1,56115,1149,251532,145,48,2706441
2025-02-28,구글,외부,GGL_CMP_01_플러스가입,플러스가입,논타겟,IMG_플러스멤버십_겨울_B_v1,70626,2296,408263,245,66,3382079
2025-02-28,구글,외부,GGL_CMP_01_플러스가입,플러스가입,논타겟,CRS_플러스멤버십_겨울_v1,71159,2331,379361,331,113,7502758
2025-02-28,구글,외부,GGL_CMP_01_플러스가입,플러스가입,논타겟,IMG_적립혜택_겨울_v2,45714,1256,267710,179,44,3079332
2025-02-28,구글,외부,GGL_CMP_01_플러스가입,플러스가입,유사타겟,VID_플러스멤버십_겨울_A_v1,60588,1828,297714,215,74,4831137
2025-02-28,구글,외부,GGL_CMP_01_플러스가입,플러스가입,유사타겟,IMG_플러스멤버십_겨울_B_v1,56953,1962,333526,249,87,4370543
2025-02-28,구글,외부,GGL_CMP_01_플러스가입,플러스가입,유사타겟,CRS_플러스멤버십_겨울_v1,40776,1018,245696,121,34,2241285
2025-02-28,구글,외부,GGL_CMP_01_플러스가입,플러스가입,유사타겟,IMG_적립혜택_겨울_v2,51181,1382,253865,130,27,1739685
2025-02-28,구글,외부,GGL_CMP_02_리타겟팅,리타겟팅,리마케팅,VID_할인쿠폰_겨울_A_v1,32743,1311,210582,150,64,3593838
2025-02-28,구글,외부,GGL_CMP_02_리타겟팅,리타겟팅,리마케팅,IMG_할인쿠폰_겨울_B_v1,36255,1196,203535,140,79,5412219
2025-02-28,구글,외부,GGL_CMP_02_리타겟팅,리타겟팅,리마케팅,CRS_특가_겨울_v1,32594,1277,147614,145,77,3818690
2025-02-28,구글,외부,GGL_CMP_03_첫구매,첫구매,논타겟,VID_적립혜택_겨울_A_v1,58019,1641,271287,139,59,4634854
2025-02-28,구글,외부,GGL_CMP_03_첫구매,첫구매,논타겟,IMG_적립혜택_겨울_B_v1,70237,1897,458812,196,79,5366923
2025-02-28,구글,외부,GGL_CMP_03_첫구매,첫구매,논타겟,CRS_할인쿠폰_겨울_v1,52215,1268,243889,130,65,3959758
2025-02-28,구글,외부,GGL_CMP_03_첫구매,첫구매,유사타겟,VID_적립혜택_겨울_A_v1,68703,1488,424920,167,50,3704157
2025-02-28,구글,외부,GGL_CMP_03_첫구매,첫구매,유사타겟,IMG_적립혜택_겨울_B_v1,57916,1047,369459,77,28,1713800
2025-02-28,구글,외부,GGL_CMP_03_첫구매,첫구매,유사타겟,CRS_할인쿠폰_겨울_v1,41594,1267,239223,102,43,2440308
2025-02-28,메타,외부,META_CMP_01_신규유저,신규유저,논타겟,VID_플러스멤버십_겨울_A_v1,35581,700,123298,43,9,402293
2025-02-28,메타,외부,META_CMP_01_신규유저,신규유저,논타겟,IMG_적립혜택_겨울_B_v1,32173,484,134565,26,4,197686
2025-02-28,메타,외부,META_CMP_01_신규유저,신규유저,논타겟,CRS_플러스멤버십_겨울_v1,44830,654,194511,36,6,312630
2025-02-28,메타,외부,META_CMP_02_룩얼라이크,룩얼라이크,유사타겟,VID_플러스멤버십_겨울_A_v1,30533,456,146619,41,12,553932
2025-02-28,메타,외부,META_CMP_02_룩얼라이크,룩얼라이크,유사타겟,IMG_할인쿠폰_겨울_B_v1,47594,706,234820,69,20,1212172
2025-02-28,메타,외부,META_CMP_02_룩얼라이크,룩얼라이크,유사타겟,CRS_특가_겨울_v1,52347,788,175956,59,12,528026
2025-02-28,메타,외부,META_CMP_03_재구매,재구매,VIP,IMG_배송혜택_겨울_A_v1,9452,245,36402,16,6,341267
2025-02-28,메타,외부,META_CMP_03_재구매,재구매,VIP,VID_적립혜택_겨울_B_v1,13277,276,46028,18,6,325375
2025-02-28,메타,외부,META_CMP_03_재구매,재구매,VIP,CRS_신상품_겨울_v1,9536,182,43229,12,6,334610
2025-02-28,메타,외부,META_CMP_03_재구매,재구매,윈백,IMG_배송혜택_겨울_A_v1,17297,303,60794,12,5,349672
2025-02-28,메타,외부,META_CMP_03_재구매,재구매,윈백,VID_적립혜택_겨울_B_v1,24760,432,102166,17,9,674612
2025-02-28,메타,외부,META_CMP_03_재구매,재구매,윈백,CRS_신상품_겨울_v1,15366,390,68453,15,9,732403
2025-02-28,네이버,자체,NVR_CMP_01_브랜드KW,브랜드KW,논타겟,TXT_플러스멤버십_겨울_A_v1,11387,1241,99952,210,79,4807766
2025-02-28,네이버,자체,NVR_CMP_02_일반KW,일반KW,논타겟,TXT_할인쿠폰_겨울_A_v1,13711,1405,127675,155,53,3994038
2025-02-28,네이버,자체,NVR_CMP_02_일반KW,일반KW,논타겟,TXT_플러스멤버십_겨울_B_v1,9026,691,58825,95,31,2247332
2025-02-28,네이버,자체,NVR_CMP_03_재구매,재구매,VIP,IMG_배송혜택_겨울_A_v1,6672,321,58504,24,13,979806
2025-02-28,네이버,자체,NVR_CMP_03_재구매,재구매,VIP,VID_적립혜택_겨울_B_v1,4202,270,27527,24,18,1324607
2025-02-28,네이버,자체,NVR_CMP_03_재구매,재구매,VIP,CRS_신상품_겨울_v1,6236,311,46032,24,12,951931
2025-02-28,네이버,자체,NVR_CMP_03_재구매,재구매,윈백,IMG_배송혜택_겨울_A_v1,10601,493,92710,40,33,2881186
2025-02-28,네이버,자체,NVR_CMP_03_재구매,재구매,윈백,VID_적립혜택_겨울_B_v1,7911,547,66058,50,24,1941239
2025-02-28,네이버,자체,NVR_CMP_03_재구매,재구매,윈백,CRS_신상품_겨울_v1,10240,628,77221,58,39,3842237
2025-03-01,구글,외부,GGL_CMP_01_플러스가입,플러스가입,논타겟,VID_플러스멤버십_신학기_A_v1,53113,1570,254420,180,40,2205242
2025-03-01,구글,외부,GGL_CMP_01_플러스가입,플러스가입,논타겟,IMG_플러스멤버십_신학기_B_v1,65788,1669,337593,235,54,3510585
2025-03-01,구글,외부,GGL_CMP_01_플러스가입,플러스가입,논타겟,CRS_플러스멤버십_신학기_v1,51899,1529,275917,157,36,2358928
2025-03-01,구글,외부,GGL_CMP_01_플러스가입,플러스가입,논타겟,IMG_적립혜택_신학기_v2,41020,1383,250649,205,69,3783248
2025-03-01,구글,외부,GGL_CMP_01_플러스가입,플러스가입,유사타겟,VID_플러스멤버십_신학기_A_v1,57711,1777,305695,240,79,4728634
2025-03-01,구글,외부,GGL_CMP_01_플러스가입,플러스가입,유사타겟,IMG_플러스멤버십_신학기_B_v1,64271,2037,337691,298,63,2950894
2025-03-01,구글,외부,GGL_CMP_01_플러스가입,플러스가입,유사타겟,CRS_플러스멤버십_신학기_v1,64989,2270,392461,273,61,3139363
2025-03-01,구글,외부,GGL_CMP_01_플러스가입,플러스가입,유사타겟,IMG_적립혜택_신학기_v2,49371,1495,220071,204,51,2999105
2025-03-01,구글,외부,GGL_CMP_02_리타겟팅,리타겟팅,리마케팅,VID_할인쿠폰_신학기_A_v1,35616,1440,218402,116,39,2638826
2025-03-01,구글,외부,GGL_CMP_02_리타겟팅,리타겟팅,리마케팅,IMG_할인쿠폰_신학기_B_v1,31220,893,169093,69,22,1455873
2025-03-01,구글,외부,GGL_CMP_02_리타겟팅,리타겟팅,리마케팅,CRS_특가_신학기_v1,37064,911,170862,100,42,2404679
2025-03-01,구글,외부,GGL_CMP_03_첫구매,첫구매,논타겟,VID_적립혜택_신학기_A_v1,58737,1533,273668,177,88,5319293
2025-03-01,구글,외부,GGL_CMP_03_첫구매,첫구매,논타겟,IMG_적립혜택_신학기_B_v1,41784,1133,260913,117,59,3985051
2025-03-01,구글,외부,GGL_CMP_03_첫구매,첫구매,논타겟,CRS_할인쿠폰_신학기_v1,64468,1313,299102,92,45,3349457
2025-03-01,구글,외부,GGL_CMP_03_첫구매,첫구매,유사타겟,VID_적립혜택_신학기_A_v1,53810,1349,315481,157,46,3119786
2025-03-01,구글,외부,GGL_CMP_03_첫구매,첫구매,유사타겟,IMG_적립혜택_신학기_B_v1,55288,1341,325034,114,54,2979824
2025-03-01,구글,외부,GGL_CMP_03_첫구매,첫구매,유사타겟,CRS_할인쿠폰_신학기_v1,39417,896,240498,57,20,1402641
2025-03-01,메타,외부,META_CMP_01_신규유저,신규유저,논타겟,VID_플러스멤버십_신학기_A_v1,29483,399,112544,24,5,258310
2025-03-01,메타,외부,META_CMP_01_신규유저,신규유저,논타겟,IMG_적립혜택_신학기_B_v1,40165,494,138031,35,9,382760
2025-03-01,메타,외부,META_CMP_01_신규유저,신규유저,논타겟,CRS_플러스멤버십_신학기_v1,32677,394,123576,28,4,146870
2025-03-01,메타,외부,META_CMP_02_룩얼라이크,룩얼라이크,유사타겟,VID_플러스멤버십_신학기_A_v1,45792,600,177829,57,11,663128
2025-03-01,메타,외부,META_CMP_02_룩얼라이크,룩얼라이크,유사타겟,IMG_할인쿠폰_신학기_B_v1,49435,838,211305,46,14,831993
2025-03-01,메타,외부,META_CMP_02_룩얼라이크,룩얼라이크,유사타겟,CRS_특가_신학기_v1,45746,703,222515,68,14,625340
2025-03-01,메타,외부,META_CMP_03_재구매,재구매,VIP,IMG_배송혜택_신학기_A_v1,8703,200,43635,8,4,339782
2025-03-01,메타,외부,META_CMP_03_재구매,재구매,VIP,VID_적립혜택_신학기_B_v1,13848,246,62859,10,4,242360
2025-03-01,메타,외부,META_CMP_03_재구매,재구매,VIP,CRS_신상품_신학기_v1,14276,237,51214,16,8,431238
2025-03-01,메타,외부,META_CMP_03_재구매,재구매,윈백,IMG_배송혜택_신학기_A_v1,14868,271,63285,18,7,408475
2025-03-01,메타,외부,META_CMP_03_재구매,재구매,윈백,VID_적립혜택_신학기_B_v1,25236,582,106418,32,14,954302
2025-03-01,메타,외부,META_CMP_03_재구매,재구매,윈백,CRS_신상품_신학기_v1,24624,575,108164,24,15,867945
2025-03-01,네이버,자체,NVR_CMP_01_브랜드KW,브랜드KW,논타겟,TXT_플러스멤버십_신학기_A_v1,7669,1269,50950,256,168,10413783
2025-03-01,네이버,자체,NVR_CMP_02_일반KW,일반KW,논타겟,TXT_할인쿠폰_신학기_A_v1,11022,842,79474,119,36,2146263
2025-03-01,네이버,자체,NVR_CMP_02_일반KW,일반KW,논타겟,TXT_플러스멤버십_신학기_B_v1,9253,688,73626,127,61,3907835
2025-03-01,네이버,자체,NVR_CMP_03_재구매,재구매,VIP,IMG_배송혜택_신학기_A_v1,6307,352,52565,33,29,2766257
2025-03-01,네이버,자체,NVR_CMP_03_재구매,재구매,VIP,VID_적립혜택_신학기_B_v1,5672,300,44494,36,31,2432761
2025-03-01,네이버,자체,NVR_CMP_03_재구매,재구매,VIP,CRS_신상품_신학기_v1,4103,259,27394,19,12,1229307
2025-03-01,네이버,자체,NVR_CMP_03_재구매,재구매,윈백,IMG_배송혜택_신학기_A_v1,8318,534,55445,62,47,3823512
2025-03-01,네이버,자체,NVR_CMP_03_재구매,재구매,윈백,VID_적립혜택_신학기_B_v1,10744,598,74951,41,32,2840206
2025-03-01,네이버,자체,NVR_CMP_03_재구매,재구매,윈백,CRS_신상품_신학기_v1,10020,554,83351,58,52,5425814
2025-03-02,구글,외부,GGL_CMP_01_플러스가입,플러스가입,논타겟,VID_플러스멤버십_신학기_A_v1,41306,1136,191862,121,38,1840597
2025-03-02,구글,외부,GGL_CMP_01_플러스가입,플러스가입,논타겟,IMG_플러스멤버십_신학기_B_v1,44877,1260,243965,179,49,2638291
2025-03-02,구글,외부,GGL_CMP_01_플러스가입,플러스가입,논타겟,CRS_플러스멤버십_신학기_v1,37300,1180,186110,146,30,1627746
2025-03-02,구글,외부,GGL_CMP_01_플러스가입,플러스가입,논타겟,IMG_적립혜택_신학기_v2,37012,1233,225902,117,40,2798046
2025-03-02,구글,외부,GGL_CMP_01_플러스가입,플러스가입,유사타겟,VID_플러스멤버십_신학기_A_v1,64665,1252,416757,127,37,2580388
2025-03-02,구글,외부,GGL_CMP_01_플러스가입,플러스가입,유사타겟,IMG_플러스멤버십_신학기_B_v1,50459,1171,236187,140,45,2009365
2025-03-02,구글,외부,GGL_CMP_01_플러스가입,플러스가입,유사타겟,CRS_플러스멤버십_신학기_v1,46285,1121,266101,160,33,2143617
2025-03-02,구글,외부,GGL_CMP_01_플러스가입,플러스가입,유사타겟,IMG_적립혜택_신학기_v2,53284,1728,268191,248,52,2340070
2025-03-02,구글,외부,GGL_CMP_02_리타겟팅,리타겟팅,리마케팅,VID_할인쿠폰_신학기_A_v1,22075,643,113853,89,41,2604940
2025-03-02,구글,외부,GGL_CMP_02_리타겟팅,리타겟팅,리마케팅,IMG_할인쿠폰_신학기_B_v1,23798,655,116330,77,39,2486832
2025-03-02,구글,외부,GGL_CMP_02_리타겟팅,리타겟팅,리마케팅,CRS_특가_신학기_v1,32724,811,202611,90,51,3527240
2025-03-02,구글,외부,GGL_CMP_03_첫구매,첫구매,논타겟,VID_적립혜택_신학기_A_v1,52946,1147,300045,117,54,3598180
2025-03-02,구글,외부,GGL_CMP_03_첫구매,첫구매,논타겟,IMG_적립혜택_신학기_B_v1,40834,1086,228470,69,19,947458
2025-03-02,구글,외부,GGL_CMP_03_첫구매,첫구매,논타겟,CRS_할인쿠폰_신학기_v1,47579,1470,218035,117,44,2253693
2025-03-02,구글,외부,GGL_CMP_03_첫구매,첫구매,유사타겟,VID_적립혜택_신학기_A_v1,53166,1042,259657,66,22,1383515
2025-03-02,구글,외부,GGL_CMP_03_첫구매,첫구매,유사타겟,IMG_적립혜택_신학기_B_v1,45243,996,276096,89,43,2501483
2025-03-02,구글,외부,GGL_CMP_03_첫구매,첫구매,유사타겟,CRS_할인쿠폰_신학기_v1,59109,1833,282721,145,39,1925245
2025-03-02,메타,외부,META_CMP_01_신규유저,신규유저,논타겟,VID_플러스멤버십_신학기_A_v1,35642,730,143608,39,8,349355
2025-03-02,메타,외부,META_CMP_01_신규유저,신규유저,논타겟,IMG_적립혜택_신학기_B_v1,47268,794,188903,44,7,327527
2025-03-02,메타,외부,META_CMP_01_신규유저,신규유저,논타겟,CRS_플러스멤버십_신학기_v1,46340,829,178366,46,8,306900
2025-03-02,메타,외부,META_CMP_02_룩얼라이크,룩얼라이크,유사타겟,VID_플러스멤버십_신학기_A_v1,28651,367,136129,30,7,420809
2025-03-02,메타,외부,META_CMP_02_룩얼라이크,룩얼라이크,유사타겟,IMG_할인쿠폰_신학기_B_v1,34543,493,124121,29,6,289047
2025-03-02,메타,외부,META_CMP_02_룩얼라이크,룩얼라이크,유사타겟,CRS_특가_신학기_v1,33249,482,134402,39,9,559551
2025-03-02,메타,외부,META_CMP_03_재구매,재구매,VIP,IMG_배송혜택_신학기_A_v1,8502,164,40550,9,4,255638
2025-03-02,메타,외부,META_CMP_03_재구매,재구매,VIP,VID_적립혜택_신학기_B_v1,11231,289,38656,16,8,486970
2025-03-02,메타,외부,META_CMP_03_재구매,재구매,VIP,CRS_신상품_신학기_v1,8283,210,30389,12,5,285507
2025-03-02,메타,외부,META_CMP_03_재구매,재구매,윈백,IMG_배송혜택_신학기_A_v1,17097,398,72213,20,12,769750
2025-03-02,메타,외부,META_CMP_03_재구매,재구매,윈백,VID_적립혜택_신학기_B_v1,16461,335,76869,21,13,758597
2025-03-02,메타,외부,META_CMP_03_재구매,재구매,윈백,CRS_신상품_신학기_v1,24602,587,85782,29,12,941035
2025-03-02,네이버,자체,NVR_CMP_01_브랜드KW,브랜드KW,논타겟,TXT_플러스멤버십_신학기_A_v1,7403,1153,52018,295,193,16584854
2025-03-02,네이버,자체,NVR_CMP_02_일반KW,일반KW,논타겟,TXT_할인쿠폰_신학기_A_v1,11302,672,78727,103,49,3065479
2025-03-02,네이버,자체,NVR_CMP_02_일반KW,일반KW,논타겟,TXT_플러스멤버십_신학기_B_v1,13232,956,107865,140,40,2878487
2025-03-02,네이버,자체,NVR_CMP_03_재구매,재구매,VIP,IMG_배송혜택_신학기_A_v1,4997,300,46810,20,15,1352663
2025-03-02,네이버,자체,NVR_CMP_03_재구매,재구매,VIP,VID_적립혜택_신학기_B_v1,5020,300,41538,21,11,1154704
2025-03-02,네이버,자체,NVR_CMP_03_재구매,재구매,VIP,CRS_신상품_신학기_v1,6312,277,46175,21,13,914891
2025-03-02,네이버,자체,NVR_CMP_03_재구매,재구매,윈백,IMG_배송혜택_신학기_A_v1,10504,640,85305,76,41,3279949
2025-03-02,네이버,자체,NVR_CMP_03_재구매,재구매,윈백,VID_적립혜택_신학기_B_v1,9240,541,70375,55,29,2616311
2025-03-02,네이버,자체,NVR_CMP_03_재구매,재구매,윈백,CRS_신상품_신학기_v1,6927,449,53482,44,37,3116580
2025-03-03,구글,외부,GGL_CMP_01_플러스가입,플러스가입,논타겟,VID_플러스멤버십_신학기_A_v1,59460,1998,368174,276,59,3290381
2025-03-03,구글,외부,GGL_CMP_01_플러스가입,플러스가입,논타겟,IMG_플러스멤버십_신학기_B_v1,84074,2130,518910,247,86,4531157
2025-03-03,구글,외부,GGL_CMP_01_플러스가입,플러스가입,논타겟,CRS_플러스멤버십_신학기_v1,82544,2505,420218,337,97,6875288
2025-03-03,구글,외부,GGL_CMP_01_플러스가입,플러스가입,논타겟,IMG_적립혜택_신학기_v2,54918,1794,311443,236,76,3389311
2025-03-03,구글,외부,GGL_CMP_01_플러스가입,플러스가입,유사타겟,VID_플러스멤버십_신학기_A_v1,53471,1529,273738,182,44,2068927
2025-03-03,구글,외부,GGL_CMP_01_플러스가입,플러스가입,유사타겟,IMG_플러스멤버십_신학기_B_v1,66576,1740,365024,215,48,2533841
2025-03-03,구글,외부,GGL_CMP_01_플러스가입,플러스가입,유사타겟,CRS_플러스멤버십_신학기_v1,84315,2828,384518,345,82,5566865
2025-03-03,구글,외부,GGL_CMP_01_플러스가입,플러스가입,유사타겟,IMG_적립혜택_신학기_v2,60199,1648,337730,234,79,4995087
2025-03-03,구글,외부,GGL_CMP_02_리타겟팅,리타겟팅,리마케팅,VID_할인쿠폰_신학기_A_v1,46770,1601,296049,159,87,4524951
2025-03-03,구글,외부,GGL_CMP_02_리타겟팅,리타겟팅,리마케팅,IMG_할인쿠폰_신학기_B_v1,41985,1111,226556,132,75,5331653
2025-03-03,구글,외부,GGL_CMP_02_리타겟팅,리타겟팅,리마케팅,CRS_특가_신학기_v1,32737,840,184907,101,40,2549544
2025-03-03,구글,외부,GGL_CMP_03_첫구매,첫구매,논타겟,VID_적립혜택_신학기_A_v1,56256,1516,330559,164,74,5390334
2025-03-03,구글,외부,GGL_CMP_03_첫구매,첫구매,논타겟,IMG_적립혜택_신학기_B_v1,80868,1599,502009,173,83,5825043
2025-03-03,구글,외부,GGL_CMP_03_첫구매,첫구매,논타겟,CRS_할인쿠폰_신학기_v1,58566,1872,327671,138,61,3732681
2025-03-03,구글,외부,GGL_CMP_03_첫구매,첫구매,유사타겟,VID_적립혜택_신학기_A_v1,54988,1768,307304,150,66,4468441
2025-03-03,구글,외부,GGL_CMP_03_첫구매,첫구매,유사타겟,IMG_적립혜택_신학기_B_v1,58569,1830,372466,201,83,4077525
2025-03-03,구글,외부,GGL_CMP_03_첫구매,첫구매,유사타겟,CRS_할인쿠폰_신학기_v1,50269,1533,237283,148,66,3381235
2025-03-03,메타,외부,META_CMP_01_신규유저,신규유저,논타겟,VID_플러스멤버십_신학기_A_v1,64784,735,229459,46,9,425829
2025-03-03,메타,외부,META_CMP_01_신규유저,신규유저,논타겟,IMG_적립혜택_신학기_B_v1,38640,767,143900,54,12,612569
2025-03-03,메타,외부,META_CMP_01_신규유저,신규유저,논타겟,CRS_플러스멤버십_신학기_v1,45628,638,158206,42,11,486534
2025-03-03,메타,외부,META_CMP_02_룩얼라이크,룩얼라이크,유사타겟,VID_플러스멤버십_신학기_A_v1,39995,726,148980,49,10,505364
2025-03-03,메타,외부,META_CMP_02_룩얼라이크,룩얼라이크,유사타겟,IMG_할인쿠폰_신학기_B_v1,53014,849,203228,50,15,738289
2025-03-03,메타,외부,META_CMP_02_룩얼라이크,룩얼라이크,유사타겟,CRS_특가_신학기_v1,64740,1368,288990,99,26,1431402
2025-03-03,메타,외부,META_CMP_03_재구매,재구매,VIP,IMG_배송혜택_신학기_A_v1,12033,284,48300,20,10,679524
2025-03-03,메타,외부,META_CMP_03_재구매,재구매,VIP,VID_적립혜택_신학기_B_v1,14391,384,60958,23,9,503699
2025-03-03,메타,외부,META_CMP_03_재구매,재구매,VIP,CRS_신상품_신학기_v1,20276,391,74586,20,10,735188
2025-03-03,메타,외부,META_CMP_03_재구매,재구매,윈백,IMG_배송혜택_신학기_A_v1,24119,476,91067,29,16,1133895
2025-03-03,메타,외부,META_CMP_03_재구매,재구매,윈백,VID_적립혜택_신학기_B_v1,32635,855,128029,34,18,1293924
2025-03-03,메타,외부,META_CMP_03_재구매,재구매,윈백,CRS_신상품_신학기_v1,21651,602,100987,23,13,847816
2025-03-03,네이버,자체,NVR_CMP_01_브랜드KW,브랜드KW,논타겟,TXT_플러스멤버십_신학기_A_v1,10777,1507,91298,308,119,7998020
2025-03-03,네이버,자체,NVR_CMP_02_일반KW,일반KW,논타겟,TXT_할인쿠폰_신학기_A_v1,14527,1035,97923,136,61,3908915
2025-03-03,네이버,자체,NVR_CMP_02_일반KW,일반KW,논타겟,TXT_플러스멤버십_신학기_B_v1,15484,1544,140836,260,116,6558241
2025-03-03,네이버,자체,NVR_CMP_03_재구매,재구매,VIP,IMG_배송혜택_신학기_A_v1,6625,485,62543,35,30,2735844
2025-03-03,네이버,자체,NVR_CMP_03_재구매,재구매,VIP,VID_적립혜택_신학기_B_v1,8457,405,75240,28,18,1314715
2025-03-03,네이버,자체,NVR_CMP_03_재구매,재구매,VIP,CRS_신상품_신학기_v1,5508,356,43868,42,37,3129381
2025-03-03,네이버,자체,NVR_CMP_03_재구매,재구매,윈백,IMG_배송혜택_신학기_A_v1,11045,745,100173,83,72,7920354
2025-03-03,네이버,자체,NVR_CMP_03_재구매,재구매,윈백,VID_적립혜택_신학기_B_v1,12665,711,112339,64,43,3538307
2025-03-03,네이버,자체,NVR_CMP_03_재구매,재구매,윈백,CRS_신상품_신학기_v1,9189,627,59282,64,41,3134371
2025-03-04,구글,외부,GGL_CMP_01_플러스가입,플러스가입,논타겟,VID_플러스멤버십_신학기_A_v1,61010,1541,373182,193,66,3234872
2025-03-04,구글,외부,GGL_CMP_01_플러스가입,플러스가입,논타겟,IMG_플러스멤버십_신학기_B_v1,59084,1150,262732,150,39,1976882
2025-03-04,구글,외부,GGL_CMP_01_플러스가입,플러스가입,논타겟,CRS_플러스멤버십_신학기_v1,42271,1446,216565,194,39,1790262
2025-03-04,구글,외부,GGL_CMP_01_플러스가입,플러스가입,논타겟,IMG_적립혜택_신학기_v2,39578,1023,222949,135,40,2689165
2025-03-04,구글,외부,GGL_CMP_01_플러스가입,플러스가입,유사타겟,VID_플러스멤버십_신학기_A_v1,45209,1107,249405,146,36,2469486
2025-03-04,구글,외부,GGL_CMP_01_플러스가입,플러스가입,유사타겟,IMG_플러스멤버십_신학기_B_v1,41512,971,204796,140,37,2048398
2025-03-04,구글,외부,GGL_CMP_01_플러스가입,플러스가입,유사타겟,CRS_플러스멤버십_신학기_v1,43640,1471,200812,223,60,2868869
2025-03-04,구글,외부,GGL_CMP_01_플러스가입,플러스가입,유사타겟,IMG_적립혜택_신학기_v2,48742,1371,242760,197,66,4698129
2025-03-04,구글,외부,GGL_CMP_02_리타겟팅,리타겟팅,리마케팅,VID_할인쿠폰_신학기_A_v1,36746,1467,214862,112,47,2132146
2025-03-04,구글,외부,GGL_CMP_02_리타겟팅,리타겟팅,리마케팅,IMG_할인쿠폰_신학기_B_v1,34766,1260,178816,112,39,2657023
2025-03-04,구글,외부,GGL_CMP_02_리타겟팅,리타겟팅,리마케팅,CRS_특가_신학기_v1,36882,1057,181306,141,76,5245014
2025-03-04,구글,외부,GGL_CMP_03_첫구매,첫구매,논타겟,VID_적립혜택_신학기_A_v1,38924,1210,176135,78,22,1611012
2025-03-04,구글,외부,GGL_CMP_03_첫구매,첫구매,논타겟,IMG_적립혜택_신학기_B_v1,38617,1220,242435,111,31,1994338
2025-03-04,구글,외부,GGL_CMP_03_첫구매,첫구매,논타겟,CRS_할인쿠폰_신학기_v1,49558,1522,283487,110,47,3158613
2025-03-04,구글,외부,GGL_CMP_03_첫구매,첫구매,유사타겟,VID_적립혜택_신학기_A_v1,52266,984,318545,82,32,2170930
2025-03-04,구글,외부,GGL_CMP_03_첫구매,첫구매,유사타겟,IMG_적립혜택_신학기_B_v1,59461,1504,307255,174,78,4490364
2025-03-04,구글,외부,GGL_CMP_03_첫구매,첫구매,유사타겟,CRS_할인쿠폰_신학기_v1,38623,877,230934,58,27,2121806
2025-03-04,메타,외부,META_CMP_01_신규유저,신규유저,논타겟,VID_플러스멤버십_신학기_A_v1,49049,672,235837,45,12,603195
2025-03-04,메타,외부,META_CMP_01_신규유저,신규유저,논타겟,IMG_적립혜택_신학기_B_v1,54283,1009,195152,67,12,711003
2025-03-04,메타,외부,META_CMP_01_신규유저,신규유저,논타겟,CRS_플러스멤버십_신학기_v1,39619,636,164998,54,12,568736
2025-03-04,메타,외부,META_CMP_02_룩얼라이크,룩얼라이크,유사타겟,VID_플러스멤버십_신학기_A_v1,34861,788,142460,61,16,751693
2025-03-04,메타,외부,META_CMP_02_룩얼라이크,룩얼라이크,유사타겟,IMG_할인쿠폰_신학기_B_v1,33468,755,122118,46,10,488395
2025-03-04,메타,외부,META_CMP_02_룩얼라이크,룩얼라이크,유사타겟,CRS_특가_신학기_v1,34306,670,120203,48,14,594386
2025-03-04,메타,외부,META_CMP_03_재구매,재구매,VIP,IMG_배송혜택_신학기_A_v1,16133,264,62106,15,8,582113
2025-03-04,메타,외부,META_CMP_03_재구매,재구매,VIP,VID_적립혜택_신학기_B_v1,9971,208,43608,11,4,288831
2025-03-04,메타,외부,META_CMP_03_재구매,재구매,VIP,CRS_신상품_신학기_v1,11217,329,54997,23,10,797397
2025-03-04,메타,외부,META_CMP_03_재구매,재구매,윈백,IMG_배송혜택_신학기_A_v1,22042,537,109366,23,14,1158582
2025-03-04,메타,외부,META_CMP_03_재구매,재구매,윈백,VID_적립혜택_신학기_B_v1,15711,282,78576,16,5,415470
2025-03-04,메타,외부,META_CMP_03_재구매,재구매,윈백,CRS_신상품_신학기_v1,18099,475,66315,33,17,1421713
2025-03-04,네이버,자체,NVR_CMP_01_브랜드KW,브랜드KW,논타겟,TXT_플러스멤버십_신학기_A_v1,6389,676,44900,125,74,4415761
2025-03-04,네이버,자체,NVR_CMP_02_일반KW,일반KW,논타겟,TXT_할인쿠폰_신학기_A_v1,9093,637,74828,127,46,3198700
2025-03-04,네이버,자체,NVR_CMP_02_일반KW,일반KW,논타겟,TXT_플러스멤버십_신학기_B_v1,11905,796,80728,128,45,3468577
2025-03-04,네이버,자체,NVR_CMP_03_재구매,재구매,VIP,IMG_배송혜택_신학기_A_v1,4220,211,29341,18,14,1056551
2025-03-04,네이버,자체,NVR_CMP_03_재구매,재구매,VIP,VID_적립혜택_신학기_B_v1,6348,401,60822,43,26,2803091
2025-03-04,네이버,자체,NVR_CMP_03_재구매,재구매,VIP,CRS_신상품_신학기_v1,6845,511,51857,46,37,3365817
2025-03-04,네이버,자체,NVR_CMP_03_재구매,재구매,윈백,IMG_배송혜택_신학기_A_v1,8254,426,77647,33,20,1445726
2025-03-04,네이버,자체,NVR_CMP_03_재구매,재구매,윈백,VID_적립혜택_신학기_B_v1,10742,573,98792,45,36,2918044
2025-03-04,네이버,자체,NVR_CMP_03_재구매,재구매,윈백,CRS_신상품_신학기_v1,11374,606,92704,55,30,2625471
2025-03-05,구글,외부,GGL_CMP_01_플러스가입,플러스가입,논타겟,VID_플러스멤버십_신학기_A_v1,48835,1064,307343,147,39,2278552
2025-03-05,구글,외부,GGL_CMP_01_플러스가입,플러스가입,논타겟,IMG_플러스멤버십_신학기_B_v1,64013,1919,390300,239,53,3540443
2025-03-05,구글,외부,GGL_CMP_01_플러스가입,플러스가입,논타겟,CRS_플러스멤버십_신학기_v1,58203,1444,324671,154,48,3155388
2025-03-05,구글,외부,GGL_CMP_01_플러스가입,플러스가입,논타겟,IMG_적립혜택_신학기_v2,44270,1048,239928,139,26,1471388
2025-03-05,구글,외부,GGL_CMP_01_플러스가입,플러스가입,유사타겟,VID_플러스멤버십_신학기_A_v1,57215,1759,307991,257,68,3257312
2025-03-05,구글,외부,GGL_CMP_01_플러스가입,플러스가입,유사타겟,IMG_플러스멤버십_신학기_B_v1,60509,2132,266877,258,49,2724254
2025-03-05,구글,외부,GGL_CMP_01_플러스가입,플러스가입,유사타겟,CRS_플러스멤버십_신학기_v1,42877,1318,189118,199,38,1865316
2025-03-05,구글,외부,GGL_CMP_01_플러스가입,플러스가입,유사타겟,IMG_적립혜택_신학기_v2,43095,1159,214726,150,44,2217373
2025-03-05,구글,외부,GGL_CMP_02_리타겟팅,리타겟팅,리마케팅,VID_할인쿠폰_신학기_A_v1,26824,1106,160803,90,31,1923939
2025-03-05,구글,외부,GGL_CMP_02_리타겟팅,리타겟팅,리마케팅,IMG_할인쿠폰_신학기_B_v1,26756,914,133278,101,54,2940751
2025-03-05,구글,외부,GGL_CMP_02_리타겟팅,리타겟팅,리마케팅,CRS_특가_신학기_v1,30296,884,146129,107,43,2237947
2025-03-05,구글,외부,GGL_CMP_03_첫구매,첫구매,논타겟,VID_적립혜택_신학기_A_v1,64840,1935,374566,182,63,3198596
2025-03-05,구글,외부,GGL_CMP_03_첫구매,첫구매,논타겟,IMG_적립혜택_신학기_B_v1,63441,1319,342471,85,38,1995201
2025-03-05,구글,외부,GGL_CMP_03_첫구매,첫구매,논타겟,CRS_할인쿠폰_신학기_v1,53094,1235,350150,87,25,1450079
2025-03-05,구글,외부,GGL_CMP_03_첫구매,첫구매,유사타겟,VID_적립혜택_신학기_A_v1,63156,1826,313640,125,56,2759098
2025-03-05,구글,외부,GGL_CMP_03_첫구매,첫구매,유사타겟,IMG_적립혜택_신학기_B_v1,51444,911,296686,60,24,1222465
2025-03-05,구글,외부,GGL_CMP_03_첫구매,첫구매,유사타겟,CRS_할인쿠폰_신학기_v1,58909,1327,268758,136,67,3872642
2025-03-05,메타,외부,META_CMP_01_신규유저,신규유저,논타겟,VID_플러스멤버십_신학기_A_v1,32999,637,161568,50,10,416684
2025-03-05,메타,외부,META_CMP_01_신규유저,신규유저,논타겟,IMG_적립혜택_신학기_B_v1,49097,951,208766,68,19,826795
2025-03-05,메타,외부,META_CMP_01_신규유저,신규유저,논타겟,CRS_플러스멤버십_신학기_v1,30841,460,145900,30,6,336394
2025-03-05,메타,외부,META_CMP_02_룩얼라이크,룩얼라이크,유사타겟,VID_플러스멤버십_신학기_A_v1,35834,633,166583,47,11,582483
2025-03-05,메타,외부,META_CMP_02_룩얼라이크,룩얼라이크,유사타겟,IMG_할인쿠폰_신학기_B_v1,36587,563,177963,43,12,647106
2025-03-05,메타,외부,META_CMP_02_룩얼라이크,룩얼라이크,유사타겟,CRS_특가_신학기_v1,31530,410,140540,25,8,400091
2025-03-05,메타,외부,META_CMP_03_재구매,재구매,VIP,IMG_배송혜택_신학기_A_v1,13985,251,62805,13,5,420545
2025-03-05,메타,외부,META_CMP_03_재구매,재구매,VIP,VID_적립혜택_신학기_B_v1,10042,180,40951,11,4,222240
2025-03-05,메타,외부,META_CMP_03_재구매,재구매,VIP,CRS_신상품_신학기_v1,13308,263,57396,10,4,244316
2025-03-05,메타,외부,META_CMP_03_재구매,재구매,윈백,IMG_배송혜택_신학기_A_v1,16425,387,67639,15,8,523153
2025-03-05,메타,외부,META_CMP_03_재구매,재구매,윈백,VID_적립혜택_신학기_B_v1,17175,342,66878,13,8,431660
2025-03-05,메타,외부,META_CMP_03_재구매,재구매,윈백,CRS_신상품_신학기_v1,20929,522,101511,33,14,915501
2025-03-05,네이버,자체,NVR_CMP_01_브랜드KW,브랜드KW,논타겟,TXT_플러스멤버십_신학기_A_v1,8441,960,75067,198,110,8697918
2025-03-05,네이버,자체,NVR_CMP_02_일반KW,일반KW,논타겟,TXT_할인쿠폰_신학기_A_v1,11069,664,96025,81,36,2390141
2025-03-05,네이버,자체,NVR_CMP_02_일반KW,일반KW,논타겟,TXT_플러스멤버십_신학기_B_v1,9819,639,64365,114,33,1886992
2025-03-05,네이버,자체,NVR_CMP_03_재구매,재구매,VIP,IMG_배송혜택_신학기_A_v1,4099,244,33407,21,12,849698
2025-03-05,네이버,자체,NVR_CMP_03_재구매,재구매,VIP,VID_적립혜택_신학기_B_v1,5957,353,51920,36,21,2224814
2025-03-05,네이버,자체,NVR_CMP_03_재구매,재구매,VIP,CRS_신상품_신학기_v1,6820,393,49007,35,17,1733155
2025-03-05,네이버,자체,NVR_CMP_03_재구매,재구매,윈백,IMG_배송혜택_신학기_A_v1,6549,273,44625,22,17,1756364
2025-03-05,네이버,자체,NVR_CMP_03_재구매,재구매,윈백,VID_적립혜택_신학기_B_v1,7752,416,69316,46,35,3703245
2025-03-05,네이버,자체,NVR_CMP_03_재구매,재구매,윈백,CRS_신상품_신학기_v1,6737,301,59956,33,24,2498327
2025-03-06,구글,외부,GGL_CMP_01_플러스가입,플러스가입,논타겟,VID_플러스멤버십_신학기_A_v1,43178,1112,222131,155,44,2484758
2025-03-06,구글,외부,GGL_CMP_01_플러스가입,플러스가입,논타겟,IMG_플러스멤버십_신학기_B_v1,42338,1342,232955,149,31,1726872
2025-03-06,구글,외부,GGL_CMP_01_플러스가입,플러스가입,논타겟,CRS_플러스멤버십_신학기_v1,65862,2271,353637,220,42,2267792
2025-03-06,구글,외부,GGL_CMP_01_플러스가입,플러스가입,논타겟,IMG_적립혜택_신학기_v2,54268,1301,357304,121,25,1572581
2025-03-06,구글,외부,GGL_CMP_01_플러스가입,플러스가입,유사타겟,VID_플러스멤버십_신학기_A_v1,40771,984,214462,106,28,1389691
2025-03-06,구글,외부,GGL_CMP_01_플러스가입,플러스가입,유사타겟,IMG_플러스멤버십_신학기_B_v1,53583,1720,316420,161,47,2552161
2025-03-06,구글,외부,GGL_CMP_01_플러스가입,플러스가입,유사타겟,CRS_플러스멤버십_신학기_v1,62825,1424,404014,142,27,1373812
2025-03-06,구글,외부,GGL_CMP_01_플러스가입,플러스가입,유사타겟,IMG_적립혜택_신학기_v2,68279,2358,332941,284,89,4482171
2025-03-06,구글,외부,GGL_CMP_02_리타겟팅,리타겟팅,리마케팅,VID_할인쿠폰_신학기_A_v1,35785,1178,175326,153,79,4728778
2025-03-06,구글,외부,GGL_CMP_02_리타겟팅,리타겟팅,리마케팅,IMG_할인쿠폰_신학기_B_v1,41871,1125,243541,120,39,2069743
2025-03-06,구글,외부,GGL_CMP_02_리타겟팅,리타겟팅,리마케팅,CRS_특가_신학기_v1,37807,1470,214510,118,51,2423916
2025-03-06,구글,외부,GGL_CMP_03_첫구매,첫구매,논타겟,VID_적립혜택_신학기_A_v1,56203,1359,319427,158,57,2850923
2025-03-06,구글,외부,GGL_CMP_03_첫구매,첫구매,논타겟,IMG_적립혜택_신학기_B_v1,64571,1834,377325,198,76,4333291
2025-03-06,구글,외부,GGL_CMP_03_첫구매,첫구매,논타겟,CRS_할인쿠폰_신학기_v1,67152,1282,313823,100,47,3398732
2025-03-06,구글,외부,GGL_CMP_03_첫구매,첫구매,유사타겟,VID_적립혜택_신학기_A_v1,56139,1068,363167,123,46,2911736
2025-03-06,구글,외부,GGL_CMP_03_첫구매,첫구매,유사타겟,IMG_적립혜택_신학기_B_v1,51910,1097,341824,80,23,1528129
2025-03-06,구글,외부,GGL_CMP_03_첫구매,첫구매,유사타겟,CRS_할인쿠폰_신학기_v1,63079,1816,291891,172,71,3904434
2025-03-06,메타,외부,META_CMP_01_신규유저,신규유저,논타겟,VID_플러스멤버십_신학기_A_v1,34723,681,158118,51,14,527813
2025-03-06,메타,외부,META_CMP_01_신규유저,신규유저,논타겟,IMG_적립혜택_신학기_B_v1,34620,669,145380,44,9,367005
2025-03-06,메타,외부,META_CMP_01_신규유저,신규유저,논타겟,CRS_플러스멤버십_신학기_v1,46814,722,166775,60,10,504773
2025-03-06,메타,외부,META_CMP_02_룩얼라이크,룩얼라이크,유사타겟,VID_플러스멤버십_신학기_A_v1,37223,711,128589,53,10,469741
2025-03-06,메타,외부,META_CMP_02_룩얼라이크,룩얼라이크,유사타겟,IMG_할인쿠폰_신학기_B_v1,46910,1048,222267,67,17,891886
2025-03-06,메타,외부,META_CMP_02_룩얼라이크,룩얼라이크,유사타겟,CRS_특가_신학기_v1,47859,915,173199,87,25,1495185
2025-03-06,메타,외부,META_CMP_03_재구매,재구매,VIP,IMG_배송혜택_신학기_A_v1,14412,301,69745,12,6,520421
2025-03-06,메타,외부,META_CMP_03_재구매,재구매,VIP,VID_적립혜택_신학기_B_v1,10177,300,48196,21,11,741349
2025-03-06,메타,외부,META_CMP_03_재구매,재구매,VIP,CRS_신상품_신학기_v1,10794,215,51225,13,6,386737
2025-03-06,메타,외부,META_CMP_03_재구매,재구매,윈백,IMG_배송혜택_신학기_A_v1,14809,403,61459,21,11,716164
2025-03-06,메타,외부,META_CMP_03_재구매,재구매,윈백,VID_적립혜택_신학기_B_v1,18553,533,80394,29,15,1267391
2025-03-06,메타,외부,META_CMP_03_재구매,재구매,윈백,CRS_신상품_신학기_v1,23552,538,104302,37,16,1368572
2025-03-06,네이버,자체,NVR_CMP_01_브랜드KW,브랜드KW,논타겟,TXT_플러스멤버십_신학기_A_v1,7413,1278,58603,386,196,13889984
2025-03-06,네이버,자체,NVR_CMP_02_일반KW,일반KW,논타겟,TXT_할인쿠폰_신학기_A_v1,8904,902,65694,153,64,4632590
2025-03-06,네이버,자체,NVR_CMP_02_일반KW,일반KW,논타겟,TXT_플러스멤버십_신학기_B_v1,15166,1029,136342,152,72,3983734
2025-03-06,네이버,자체,NVR_CMP_03_재구매,재구매,VIP,IMG_배송혜택_신학기_A_v1,5543,353,40974,29,17,1897639
2025-03-06,네이버,자체,NVR_CMP_03_재구매,재구매,VIP,VID_적립혜택_신학기_B_v1,4289,217,38546,24,11,1050720
2025-03-06,네이버,자체,NVR_CMP_03_재구매,재구매,VIP,CRS_신상품_신학기_v1,5945,350,50554,43,28,2277241
2025-03-06,네이버,자체,NVR_CMP_03_재구매,재구매,윈백,IMG_배송혜택_신학기_A_v1,7338,439,63557,52,35,2916356
2025-03-06,네이버,자체,NVR_CMP_03_재구매,재구매,윈백,VID_적립혜택_신학기_B_v1,9995,628,80234,72,46,3346152
2025-03-06,네이버,자체,NVR_CMP_03_재구매,재구매,윈백,CRS_신상품_신학기_v1,8369,523,58415,52,47,3335547
2025-03-07,구글,외부,GGL_CMP_01_플러스가입,플러스가입,논타겟,VID_플러스멤버십_신학기_A_v1,57741,2003,307848,188,40,2141671
2025-03-07,구글,외부,GGL_CMP_01_플러스가입,플러스가입,논타겟,IMG_플러스멤버십_신학기_B_v1,40659,1334,248888,127,37,2478400
2025-03-07,구글,외부,GGL_CMP_01_플러스가입,플러스가입,논타겟,CRS_플러스멤버십_신학기_v1,59320,1287,261295,143,31,1998839
2025-03-07,구글,외부,GGL_CMP_01_플러스가입,플러스가입,논타겟,IMG_적립혜택_신학기_v2,56280,1297,277116,125,31,2164557
2025-03-07,구글,외부,GGL_CMP_01_플러스가입,플러스가입,유사타겟,VID_플러스멤버십_신학기_A_v1,39730,1049,245469,145,31,1576348
2025-03-07,구글,외부,GGL_CMP_01_플러스가입,플러스가입,유사타겟,IMG_플러스멤버십_신학기_B_v1,49382,967,246504,102,33,1976188
2025-03-07,구글,외부,GGL_CMP_01_플러스가입,플러스가입,유사타겟,CRS_플러스멤버십_신학기_v1,69386,2259,456222,281,93,6447875
2025-03-07,구글,외부,GGL_CMP_01_플러스가입,플러스가입,유사타겟,IMG_적립혜택_신학기_v2,68342,2300,364146,241,58,2705321
2025-03-07,구글,외부,GGL_CMP_02_리타겟팅,리타겟팅,리마케팅,VID_할인쿠폰_신학기_A_v1,38990,1383,171945,172,91,4855407
2025-03-07,구글,외부,GGL_CMP_02_리타겟팅,리타겟팅,리마케팅,IMG_할인쿠폰_신학기_B_v1,42621,1706,244779,173,72,5074485
2025-03-07,구글,외부,GGL_CMP_02_리타겟팅,리타겟팅,리마케팅,CRS_특가_신학기_v1,23424,918,126646,120,58,3943131
2025-03-07,구글,외부,GGL_CMP_03_첫구매,첫구매,논타겟,VID_적립혜택_신학기_A_v1,59000,1836,270087,211,68,4368244
2025-03-07,구글,외부,GGL_CMP_03_첫구매,첫구매,논타겟,IMG_적립혜택_신학기_B_v1,49611,1225,257416,105,36,2453102
2025-03-07,구글,외부,GGL_CMP_03_첫구매,첫구매,논타겟,CRS_할인쿠폰_신학기_v1,41665,1036,210140,96,42,2262381
2025-03-07,구글,외부,GGL_CMP_03_첫구매,첫구매,유사타겟,VID_적립혜택_신학기_A_v1,59608,1432,330089,91,45,3438996
2025-03-07,구글,외부,GGL_CMP_03_첫구매,첫구매,유사타겟,IMG_적립혜택_신학기_B_v1,51981,1461,319172,110,38,1891572
2025-03-07,구글,외부,GGL_CMP_03_첫구매,첫구매,유사타겟,CRS_할인쿠폰_신학기_v1,57012,1059,355137,97,30,1752503
2025-03-07,메타,외부,META_CMP_01_신규유저,신규유저,논타겟,VID_플러스멤버십_신학기_A_v1,30803,607,147964,43,11,651827
2025-03-07,메타,외부,META_CMP_01_신규유저,신규유저,논타겟,IMG_적립혜택_신학기_B_v1,42356,805,187088,65,12,614731
2025-03-07,메타,외부,META_CMP_01_신규유저,신규유저,논타겟,CRS_플러스멤버십_신학기_v1,30704,463,119831,29,4,222518
2025-03-07,메타,외부,META_CMP_02_룩얼라이크,룩얼라이크,유사타겟,VID_플러스멤버십_신학기_A_v1,43968,839,153942,76,20,768736
2025-03-07,메타,외부,META_CMP_02_룩얼라이크,룩얼라이크,유사타겟,IMG_할인쿠폰_신학기_B_v1,51279,1038,211897,81,23,910122
2025-03-07,메타,외부,META_CMP_02_룩얼라이크,룩얼라이크,유사타겟,CRS_특가_신학기_v1,48233,720,186700,48,12,535151
2025-03-07,메타,외부,META_CMP_03_재구매,재구매,VIP,IMG_배송혜택_신학기_A_v1,10578,253,47524,11,4,274141
2025-03-07,메타,외부,META_CMP_03_재구매,재구매,VIP,VID_적립혜택_신학기_B_v1,12210,237,43570,12,5,328831
2025-03-07,메타,외부,META_CMP_03_재구매,재구매,VIP,CRS_신상품_신학기_v1,11754,348,48271,17,6,446393
2025-03-07,메타,외부,META_CMP_03_재구매,재구매,윈백,IMG_배송혜택_신학기_A_v1,18038,421,84044,21,9,570584
2025-03-07,메타,외부,META_CMP_03_재구매,재구매,윈백,VID_적립혜택_신학기_B_v1,22101,625,90824,34,14,1141109
2025-03-07,메타,외부,META_CMP_03_재구매,재구매,윈백,CRS_신상품_신학기_v1,19990,460,68007,31,11,911646
2025-03-07,네이버,자체,NVR_CMP_01_브랜드KW,브랜드KW,논타겟,TXT_플러스멤버십_신학기_A_v1,7378,749,54706,176,76,6160118
2025-03-07,네이버,자체,NVR_CMP_02_일반KW,일반KW,논타겟,TXT_할인쿠폰_신학기_A_v1,9171,899,80367,165,58,3518808
2025-03-07,네이버,자체,NVR_CMP_02_일반KW,일반KW,논타겟,TXT_플러스멤버십_신학기_B_v1,10665,1114,95575,189,69,3948597
2025-03-07,네이버,자체,NVR_CMP_03_재구매,재구매,VIP,IMG_배송혜택_신학기_A_v1,5113,385,43052,46,35,2450874
2025-03-07,네이버,자체,NVR_CMP_03_재구매,재구매,VIP,VID_적립혜택_신학기_B_v1,6167,267,53986,30,22,2247087
2025-03-07,네이버,자체,NVR_CMP_03_재구매,재구매,VIP,CRS_신상품_신학기_v1,5717,348,50046,40,36,2635399
2025-03-07,네이버,자체,NVR_CMP_03_재구매,재구매,윈백,IMG_배송혜택_신학기_A_v1,8718,641,67004,45,35,3144913
2025-03-07,네이버,자체,NVR_CMP_03_재구매,재구매,윈백,VID_적립혜택_신학기_B_v1,9060,583,66121,54,39,3385022
2025-03-07,네이버,자체,NVR_CMP_03_재구매,재구매,윈백,CRS_신상품_신학기_v1,10124,420,76873,31,20,2237661
2025-03-08,구글,외부,GGL_CMP_01_플러스가입,플러스가입,논타겟,VID_플러스멤버십_신학기_A_v1,46653,1437,276262,118,25,1584255
2025-03-08,구글,외부,GGL_CMP_01_플러스가입,플러스가입,논타겟,IMG_플러스멤버십_신학기_B_v1,49619,1512,286347,168,56,2567311
2025-03-08,구글,외부,GGL_CMP_01_플러스가입,플러스가입,논타겟,CRS_플러스멤버십_신학기_v1,38183,929,193838,132,29,1747147
2025-03-08,구글,외부,GGL_CMP_01_플러스가입,플러스가입,논타겟,IMG_적립혜택_신학기_v2,35338,854,179000,77,16,970511
2025-03-08,구글,외부,GGL_CMP_01_플러스가입,플러스가입,유사타겟,VID_플러스멤버십_신학기_A_v1,32995,1028,202022,118,26,1399504
2025-03-08,구글,외부,GGL_CMP_01_플러스가입,플러스가입,유사타겟,IMG_플러스멤버십_신학기_B_v1,38930,948,245553,110,26,1289707
2025-03-08,구글,외부,GGL_CMP_01_플러스가입,플러스가입,유사타겟,CRS_플러스멤버십_신학기_v1,29089,730,151919,73,24,1332149
2025-03-08,구글,외부,GGL_CMP_01_플러스가입,플러스가입,유사타겟,IMG_적립혜택_신학기_v2,52032,1667,270686,156,32,1892332
2025-03-08,구글,외부,GGL_CMP_02_리타겟팅,리타겟팅,리마케팅,VID_할인쿠폰_신학기_A_v1,25898,799,164443,101,33,1607009
2025-03-08,구글,외부,GGL_CMP_02_리타겟팅,리타겟팅,리마케팅,IMG_할인쿠폰_신학기_B_v1,29791,1338,138329,141,73,3568962
2025-03-08,구글,외부,GGL_CMP_02_리타겟팅,리타겟팅,리마케팅,CRS_특가_신학기_v1,25232,1123,116111,149,77,4938729
2025-03-08,구글,외부,GGL_CMP_03_첫구매,첫구매,논타겟,VID_적립혜택_신학기_A_v1,38408,821,228446,95,29,2206045
2025-03-08,구글,외부,GGL_CMP_03_첫구매,첫구매,논타겟,IMG_적립혜택_신학기_B_v1,49694,1598,311252,173,77,3963463
2025-03-08,구글,외부,GGL_CMP_03_첫구매,첫구매,논타겟,CRS_할인쿠폰_신학기_v1,31119,585,186471,39,12,701439
2025-03-08,구글,외부,GGL_CMP_03_첫구매,첫구매,유사타겟,VID_적립혜택_신학기_A_v1,36813,665,166746,52,14,864342
2025-03-08,구글,외부,GGL_CMP_03_첫구매,첫구매,유사타겟,IMG_적립혜택_신학기_B_v1,50852,1200,292430,95,43,2497136
2025-03-08,구글,외부,GGL_CMP_03_첫구매,첫구매,유사타겟,CRS_할인쿠폰_신학기_v1,36434,1177,184643,123,54,2913775
2025-03-08,메타,외부,META_CMP_01_신규유저,신규유저,논타겟,VID_플러스멤버십_신학기_A_v1,33351,488,115145,30,5,252866
2025-03-08,메타,외부,META_CMP_01_신규유저,신규유저,논타겟,IMG_적립혜택_신학기_B_v1,35181,529,156077,41,6,226933
2025-03-08,메타,외부,META_CMP_01_신규유저,신규유저,논타겟,CRS_플러스멤버십_신학기_v1,24552,436,88022,34,7,277926
2025-03-08,메타,외부,META_CMP_02_룩얼라이크,룩얼라이크,유사타겟,VID_플러스멤버십_신학기_A_v1,37369,614,165616,37,10,584557
2025-03-08,메타,외부,META_CMP_02_룩얼라이크,룩얼라이크,유사타겟,IMG_할인쿠폰_신학기_B_v1,33983,610,159835,52,14,541337
2025-03-08,메타,외부,META_CMP_02_룩얼라이크,룩얼라이크,유사타겟,CRS_특가_신학기_v1,39758,772,166468,68,17,838792
2025-03-08,메타,외부,META_CMP_03_재구매,재구매,VIP,IMG_배송혜택_신학기_A_v1,10362,302,39470,15,7,406617
2025-03-08,메타,외부,META_CMP_03_재구매,재구매,VIP,VID_적립혜택_신학기_B_v1,8597,176,31576,11,3,229510
2025-03-08,메타,외부,META_CMP_03_재구매,재구매,VIP,CRS_신상품_신학기_v1,7450,188,31490,7,3,190314
2025-03-08,메타,외부,META_CMP_03_재구매,재구매,윈백,IMG_배송혜택_신학기_A_v1,14979,320,57890,17,8,646368
2025-03-08,메타,외부,META_CMP_03_재구매,재구매,윈백,VID_적립혜택_신학기_B_v1,11245,321,49771,23,12,778370
2025-03-08,메타,외부,META_CMP_03_재구매,재구매,윈백,CRS_신상품_신학기_v1,14700,370,58145,24,9,652840
2025-03-08,네이버,자체,NVR_CMP_01_브랜드KW,브랜드KW,논타겟,TXT_플러스멤버십_신학기_A_v1,6132,925,57127,237,149,8505776
2025-03-08,네이버,자체,NVR_CMP_02_일반KW,일반KW,논타겟,TXT_할인쿠폰_신학기_A_v1,11873,1159,76862,136,39,2813241
2025-03-08,네이버,자체,NVR_CMP_02_일반KW,일반KW,논타겟,TXT_플러스멤버십_신학기_B_v1,9955,886,77959,169,74,5082124
2025-03-08,네이버,자체,NVR_CMP_03_재구매,재구매,VIP,IMG_배송혜택_신학기_A_v1,4609,327,37183,36,29,2932352
2025-03-08,네이버,자체,NVR_CMP_03_재구매,재구매,VIP,VID_적립혜택_신학기_B_v1,4266,287,30846,32,25,2774380
2025-03-08,네이버,자체,NVR_CMP_03_재구매,재구매,VIP,CRS_신상품_신학기_v1,4979,371,38380,29,14,1315089
2025-03-08,네이버,자체,NVR_CMP_03_재구매,재구매,윈백,IMG_배송혜택_신학기_A_v1,7996,399,64238,38,31,2863980
2025-03-08,네이버,자체,NVR_CMP_03_재구매,재구매,윈백,VID_적립혜택_신학기_B_v1,5329,384,40374,40,30,2947141
2025-03-08,네이버,자체,NVR_CMP_03_재구매,재구매,윈백,CRS_신상품_신학기_v1,8374,566,56562,45,26,2042030
2025-03-09,구글,외부,GGL_CMP_01_플러스가입,플러스가입,논타겟,VID_플러스멤버십_신학기_A_v1,36251,1261,193192,183,53,3064221
2025-03-09,구글,외부,GGL_CMP_01_플러스가입,플러스가입,논타겟,IMG_플러스멤버십_신학기_B_v1,40745,965,204442,101,28,1489736
2025-03-09,구글,외부,GGL_CMP_01_플러스가입,플러스가입,논타겟,CRS_플러스멤버십_신학기_v1,36853,918,225984,96,27,1873896
2025-03-09,구글,외부,GGL_CMP_01_플러스가입,플러스가입,논타겟,IMG_적립혜택_신학기_v2,35716,1257,162208,159,55,3003479
2025-03-09,구글,외부,GGL_CMP_01_플러스가입,플러스가입,유사타겟,VID_플러스멤버십_신학기_A_v1,31852,1006,148405,125,33,1685383
2025-03-09,구글,외부,GGL_CMP_01_플러스가입,플러스가입,유사타겟,IMG_플러스멤버십_신학기_B_v1,47870,1536,256527,221,63,3535339
2025-03-09,구글,외부,GGL_CMP_01_플러스가입,플러스가입,유사타겟,CRS_플러스멤버십_신학기_v1,30108,1054,155722,123,26,1741075
2025-03-09,구글,외부,GGL_CMP_01_플러스가입,플러스가입,유사타겟,IMG_적립혜택_신학기_v2,36975,1001,214694,94,22,1044382
2025-03-09,구글,외부,GGL_CMP_02_리타겟팅,리타겟팅,리마케팅,VID_할인쿠폰_신학기_A_v1,27167,761,142340,84,39,2273592
2025-03-09,구글,외부,GGL_CMP_02_리타겟팅,리타겟팅,리마케팅,IMG_할인쿠폰_신학기_B_v1,26736,939,119614,71,26,1794642
2025-03-09,구글,외부,GGL_CMP_02_리타겟팅,리타겟팅,리마케팅,CRS_특가_신학기_v1,23838,705,146557,77,32,2065246
2025-03-09,구글,외부,GGL_CMP_03_첫구매,첫구매,논타겟,VID_적립혜택_신학기_A_v1,29265,619,138697,52,21,1294270
2025-03-09,구글,외부,GGL_CMP_03_첫구매,첫구매,논타겟,IMG_적립혜택_신학기_B_v1,46212,1152,208221,93,29,2215213
2025-03-09,구글,외부,GGL_CMP_03_첫구매,첫구매,논타겟,CRS_할인쿠폰_신학기_v1,45974,1294,285325,105,39,2626757
2025-03-09,구글,외부,GGL_CMP_03_첫구매,첫구매,유사타겟,VID_적립혜택_신학기_A_v1,53157,1631,344901,188,83,6150813
2025-03-09,구글,외부,GGL_CMP_03_첫구매,첫구매,유사타겟,IMG_적립혜택_신학기_B_v1,45546,1107,288054,102,29,1542832
2025-03-09,구글,외부,GGL_CMP_03_첫구매,첫구매,유사타겟,CRS_할인쿠폰_신학기_v1,40697,1024,204904,86,32,2138805
2025-03-09,메타,외부,META_CMP_01_신규유저,신규유저,논타겟,VID_플러스멤버십_신학기_A_v1,36816,618,158927,32,7,328151
2025-03-09,메타,외부,META_CMP_01_신규유저,신규유저,논타겟,IMG_적립혜택_신학기_B_v1,27699,527,121176,29,5,193835
2025-03-09,메타,외부,META_CMP_01_신규유저,신규유저,논타겟,CRS_플러스멤버십_신학기_v1,36413,596,161749,45,9,418602
2025-03-09,메타,외부,META_CMP_02_룩얼라이크,룩얼라이크,유사타겟,VID_플러스멤버십_신학기_A_v1,31148,514,120512,42,11,609407
2025-03-09,메타,외부,META_CMP_02_룩얼라이크,룩얼라이크,유사타겟,IMG_할인쿠폰_신학기_B_v1,30947,554,121466,40,10,612179
2025-03-09,메타,외부,META_CMP_02_룩얼라이크,룩얼라이크,유사타겟,CRS_특가_신학기_v1,39014,696,193131,59,12,493215
2025-03-09,메타,외부,META_CMP_03_재구매,재구매,VIP,IMG_배송혜택_신학기_A_v1,10379,186,51434,11,5,413079
2025-03-09,메타,외부,META_CMP_03_재구매,재구매,VIP,VID_적립혜택_신학기_B_v1,11256,288,50948,15,6,512584
2025-03-09,메타,외부,META_CMP_03_재구매,재구매,VIP,CRS_신상품_신학기_v1,8557,218,39263,12,4,286805
2025-03-09,메타,외부,META_CMP_03_재구매,재구매,윈백,IMG_배송혜택_신학기_A_v1,12458,354,53086,25,11,597884
2025-03-09,메타,외부,META_CMP_03_재구매,재구매,윈백,VID_적립혜택_신학기_B_v1,15617,386,74325,19,9,681495
2025-03-09,메타,외부,META_CMP_03_재구매,재구매,윈백,CRS_신상품_신학기_v1,19615,494,69780,22,8,487443
2025-03-09,네이버,자체,NVR_CMP_01_브랜드KW,브랜드KW,논타겟,TXT_플러스멤버십_신학기_A_v1,5942,785,42813,223,151,10527789
2025-03-09,네이버,자체,NVR_CMP_02_일반KW,일반KW,논타겟,TXT_할인쿠폰_신학기_A_v1,9388,901,84733,119,40,2673404
2025-03-09,네이버,자체,NVR_CMP_02_일반KW,일반KW,논타겟,TXT_플러스멤버십_신학기_B_v1,7843,802,59553,145,40,2556234
2025-03-09,네이버,자체,NVR_CMP_03_재구매,재구매,VIP,IMG_배송혜택_신학기_A_v1,3680,238,31313,16,8,815817
2025-03-09,네이버,자체,NVR_CMP_03_재구매,재구매,VIP,VID_적립혜택_신학기_B_v1,2916,174,25201,13,9,747536
2025-03-09,네이버,자체,NVR_CMP_03_재구매,재구매,VIP,CRS_신상품_신학기_v1,3722,258,26636,25,20,1896907
2025-03-09,네이버,자체,NVR_CMP_03_재구매,재구매,윈백,IMG_배송혜택_신학기_A_v1,6460,491,48952,52,33,3046558
2025-03-09,네이버,자체,NVR_CMP_03_재구매,재구매,윈백,VID_적립혜택_신학기_B_v1,6905,348,46078,27,22,2310876
2025-03-09,네이버,자체,NVR_CMP_03_재구매,재구매,윈백,CRS_신상품_신학기_v1,7169,522,52991,49,30,2883261
2025-03-10,구글,외부,GGL_CMP_01_플러스가입,플러스가입,논타겟,VID_플러스멤버십_신학기_A_v1,62004,1937,329297,263,122,8557578
2025-03-10,구글,외부,GGL_CMP_01_플러스가입,플러스가입,논타겟,IMG_플러스멤버십_신학기_B_v1,70621,2137,413926,312,130,6536270
2025-03-10,구글,외부,GGL_CMP_01_플러스가입,플러스가입,논타겟,CRS_플러스멤버십_신학기_v1,43561,1431,240895,215,73,5116281
2025-03-10,구글,외부,GGL_CMP_01_플러스가입,플러스가입,논타겟,IMG_적립혜택_신학기_v2,69717,2155,429444,197,74,4809900
2025-03-10,구글,외부,GGL_CMP_01_플러스가입,플러스가입,유사타겟,VID_플러스멤버십_신학기_A_v1,60683,2126,373375,198,64,3973507
2025-03-10,구글,외부,GGL_CMP_01_플러스가입,플러스가입,유사타겟,IMG_플러스멤버십_신학기_B_v1,57824,1866,323954,258,76,4040276
2025-03-10,구글,외부,GGL_CMP_01_플러스가입,플러스가입,유사타겟,CRS_플러스멤버십_신학기_v1,53399,1260,308863,136,47,2345590
2025-03-10,구글,외부,GGL_CMP_01_플러스가입,플러스가입,유사타겟,IMG_적립혜택_신학기_v2,42109,878,256841,104,47,3237822
2025-03-10,구글,외부,GGL_CMP_02_리타겟팅,리타겟팅,리마케팅,VID_할인쿠폰_신학기_A_v1,42234,1644,199245,146,109,6724796
2025-03-10,구글,외부,GGL_CMP_02_리타겟팅,리타겟팅,리마케팅,IMG_할인쿠폰_신학기_B_v1,31591,973,145931,122,66,3805428
2025-03-10,구글,외부,GGL_CMP_02_리타겟팅,리타겟팅,리마케팅,CRS_특가_신학기_v1,24575,943,121313,86,46,2099476
2025-03-10,구글,외부,GGL_CMP_03_첫구매,첫구매,논타겟,VID_적립혜택_신학기_A_v1,51342,1049,283302,115,58,3317899
2025-03-10,구글,외부,GGL_CMP_03_첫구매,첫구매,논타겟,IMG_적립혜택_신학기_B_v1,60326,1492,279822,137,87,5203539
2025-03-10,구글,외부,GGL_CMP_03_첫구매,첫구매,논타겟,CRS_할인쿠폰_신학기_v1,61238,1131,325497,129,70,3476504
2025-03-10,구글,외부,GGL_CMP_03_첫구매,첫구매,유사타겟,VID_적립혜택_신학기_A_v1,48393,1210,299583,90,41,3010223
2025-03-10,구글,외부,GGL_CMP_03_첫구매,첫구매,유사타겟,IMG_적립혜택_신학기_B_v1,46971,1124,237519,106,43,2129334
2025-03-10,구글,외부,GGL_CMP_03_첫구매,첫구매,유사타겟,CRS_할인쿠폰_신학기_v1,51267,1598,315363,149,104,7296574
2025-03-10,메타,외부,META_CMP_01_신규유저,신규유저,논타겟,VID_플러스멤버십_신학기_A_v1,49921,1050,226875,77,26,1021621
2025-03-10,메타,외부,META_CMP_01_신규유저,신규유저,논타겟,IMG_적립혜택_신학기_B_v1,39407,655,170778,44,9,385216
2025-03-10,메타,외부,META_CMP_01_신규유저,신규유저,논타겟,CRS_플러스멤버십_신학기_v1,45467,691,163352,59,23,1049601
2025-03-10,메타,외부,META_CMP_02_룩얼라이크,룩얼라이크,유사타겟,VID_플러스멤버십_신학기_A_v1,48469,898,204388,63,19,734371
2025-03-10,메타,외부,META_CMP_02_룩얼라이크,룩얼라이크,유사타겟,IMG_할인쿠폰_신학기_B_v1,38675,583,162661,39,15,799760
2025-03-10,메타,외부,META_CMP_02_룩얼라이크,룩얼라이크,유사타겟,CRS_특가_신학기_v1,37622,508,146098,48,15,654361
2025-03-10,메타,외부,META_CMP_03_재구매,재구매,VIP,IMG_배송혜택_신학기_A_v1,9436,160,44511,6,5,309883
2025-03-10,메타,외부,META_CMP_03_재구매,재구매,VIP,VID_적립혜택_신학기_B_v1,14161,344,47865,16,13,1075542
2025-03-10,메타,외부,META_CMP_03_재구매,재구매,VIP,CRS_신상품_신학기_v1,14106,269,55581,15,13,1089052
2025-03-10,메타,외부,META_CMP_03_재구매,재구매,윈백,IMG_배송혜택_신학기_A_v1,14760,261,59318,14,8,600658
2025-03-10,메타,외부,META_CMP_03_재구매,재구매,윈백,VID_적립혜택_신학기_B_v1,17961,484,74034,32,21,1739776
2025-03-10,메타,외부,META_CMP_03_재구매,재구매,윈백,CRS_신상품_신학기_v1,18789,559,89734,39,32,2209586
2025-03-10,네이버,자체,NVR_CMP_01_브랜드KW,브랜드KW,논타겟,TXT_플러스멤버십_신학기_A_v1,8851,1005,63094,194,149,10264428
2025-03-10,네이버,자체,NVR_CMP_02_일반KW,일반KW,논타겟,TXT_할인쿠폰_신학기_A_v1,12599,1314,120730,185,116,6840292
2025-03-10,네이버,자체,NVR_CMP_02_일반KW,일반KW,논타겟,TXT_플러스멤버십_신학기_B_v1,15421,1203,138270,226,124,9959139
2025-03-10,네이버,자체,NVR_CMP_03_재구매,재구매,VIP,IMG_배송혜택_신학기_A_v1,3946,243,35971,28,25,2364997
2025-03-10,네이버,자체,NVR_CMP_03_재구매,재구매,VIP,VID_적립혜택_신학기_B_v1,4128,239,39539,22,19,1690079
2025-03-10,네이버,자체,NVR_CMP_03_재구매,재구매,VIP,CRS_신상품_신학기_v1,5438,373,37443,33,33,2715513
2025-03-10,네이버,자체,NVR_CMP_03_재구매,재구매,윈백,IMG_배송혜택_신학기_A_v1,9431,587,68139,62,61,5159451
2025-03-10,네이버,자체,NVR_CMP_03_재구매,재구매,윈백,VID_적립혜택_신학기_B_v1,9526,698,90043,75,69,5445631
2025-03-10,네이버,자체,NVR_CMP_03_재구매,재구매,윈백,CRS_신상품_신학기_v1,10444,590,81570,55,57,5116776
2025-03-11,구글,외부,GGL_CMP_01_플러스가입,플러스가입,논타겟,VID_플러스멤버십_봄_A_v1,43262,991,234937,93,28,1816275
2025-03-11,구글,외부,GGL_CMP_01_플러스가입,플러스가입,논타겟,IMG_플러스멤버십_봄_B_v1,63556,2259,296873,272,69,3391650
2025-03-11,구글,외부,GGL_CMP_01_플러스가입,플러스가입,논타겟,CRS_플러스멤버십_봄_v1,44041,994,216242,129,40,1817074
2025-03-11,구글,외부,GGL_CMP_01_플러스가입,플러스가입,논타겟,IMG_적립혜택_봄_v2,51009,1644,315831,237,76,5333539
2025-03-11,구글,외부,GGL_CMP_01_플러스가입,플러스가입,유사타겟,VID_플러스멤버십_봄_A_v1,68765,1776,354576,161,39,2292667
2025-03-11,구글,외부,GGL_CMP_01_플러스가입,플러스가입,유사타겟,IMG_플러스멤버십_봄_B_v1,55192,1283,329711,109,34,2301489
2025-03-11,구글,외부,GGL_CMP_01_플러스가입,플러스가입,유사타겟,CRS_플러스멤버십_봄_v1,56046,1800,288604,160,55,3375523
2025-03-11,구글,외부,GGL_CMP_01_플러스가입,플러스가입,유사타겟,IMG_적립혜택_봄_v2,50052,1220,235994,168,40,2831869
2025-03-11,구글,외부,GGL_CMP_02_리타겟팅,리타겟팅,리마케팅,VID_할인쿠폰_봄_A_v1,38954,1346,245068,184,85,5230253
2025-03-11,구글,외부,GGL_CMP_02_리타겟팅,리타겟팅,리마케팅,IMG_할인쿠폰_봄_B_v1,37397,1663,178433,152,50,2860736
2025-03-11,구글,외부,GGL_CMP_02_리타겟팅,리타겟팅,리마케팅,CRS_특가_봄_v1,34191,1530,219831,209,109,6779844
2025-03-11,구글,외부,GGL_CMP_03_첫구매,첫구매,논타겟,VID_적립혜택_봄_A_v1,68849,1741,333681,184,53,3850106
2025-03-11,구글,외부,GGL_CMP_03_첫구매,첫구매,논타겟,IMG_적립혜택_봄_B_v1,65475,1611,384101,135,46,2820723
2025-03-11,구글,외부,GGL_CMP_03_첫구매,첫구매,논타겟,CRS_할인쿠폰_봄_v1,54043,961,247132,62,24,1388271
2025-03-11,구글,외부,GGL_CMP_03_첫구매,첫구매,유사타겟,VID_적립혜택_봄_A_v1,62610,1711,275984,174,67,3845874
2025-03-11,구글,외부,GGL_CMP_03_첫구매,첫구매,유사타겟,IMG_적립혜택_봄_B_v1,43037,1311,195815,144,48,2925856
2025-03-11,구글,외부,GGL_CMP_03_첫구매,첫구매,유사타겟,CRS_할인쿠폰_봄_v1,50231,1184,296222,103,34,2494355
2025-03-11,메타,외부,META_CMP_01_신규유저,신규유저,논타겟,VID_플러스멤버십_봄_A_v1,48728,691,208166,61,11,404639
2025-03-11,메타,외부,META_CMP_01_신규유저,신규유저,논타겟,IMG_적립혜택_봄_B_v1,46757,628,199122,47,10,546201
2025-03-11,메타,외부,META_CMP_01_신규유저,신규유저,논타겟,CRS_플러스멤버십_봄_v1,32791,526,124936,40,8,420193
2025-03-11,메타,외부,META_CMP_02_룩얼라이크,룩얼라이크,유사타겟,VID_플러스멤버십_봄_A_v1,32092,554,140679,51,12,498883
2025-03-11,메타,외부,META_CMP_02_룩얼라이크,룩얼라이크,유사타겟,IMG_할인쿠폰_봄_B_v1,50779,724,232366,50,10,553207
2025-03-11,메타,외부,META_CMP_02_룩얼라이크,룩얼라이크,유사타겟,CRS_특가_봄_v1,45715,673,190207,46,9,542050
2025-03-11,메타,외부,META_CMP_03_재구매,재구매,VIP,IMG_배송혜택_봄_A_v1,11259,204,45952,9,4,274664
2025-03-11,메타,외부,META_CMP_03_재구매,재구매,VIP,VID_적립혜택_봄_B_v1,11346,335,43892,22,14,1205716
2025-03-11,메타,외부,META_CMP_03_재구매,재구매,VIP,CRS_신상품_봄_v1,13226,246,47334,14,7,504601
2025-03-11,메타,외부,META_CMP_03_재구매,재구매,윈백,IMG_배송혜택_봄_A_v1,26894,785,123239,36,22,1503712
2025-03-11,메타,외부,META_CMP_03_재구매,재구매,윈백,VID_적립혜택_봄_B_v1,17109,353,75585,17,7,587232
2025-03-11,메타,외부,META_CMP_03_재구매,재구매,윈백,CRS_신상품_봄_v1,20704,437,83691,27,11,921903
2025-03-11,네이버,자체,NVR_CMP_01_브랜드KW,브랜드KW,논타겟,TXT_플러스멤버십_봄_A_v1,9385,1466,66863,442,252,19254846
2025-03-11,네이버,자체,NVR_CMP_02_일반KW,일반KW,논타겟,TXT_할인쿠폰_봄_A_v1,13556,1243,111381,136,38,2708224
2025-03-11,네이버,자체,NVR_CMP_02_일반KW,일반KW,논타겟,TXT_플러스멤버십_봄_B_v1,11885,1075,112917,201,60,3462760
2025-03-11,네이버,자체,NVR_CMP_03_재구매,재구매,VIP,IMG_배송혜택_봄_A_v1,3951,267,34362,22,18,2011232
2025-03-11,네이버,자체,NVR_CMP_03_재구매,재구매,VIP,VID_적립혜택_봄_B_v1,6839,307,53839,35,22,2397925
2025-03-11,네이버,자체,NVR_CMP_03_재구매,재구매,VIP,CRS_신상품_봄_v1,6332,454,53374,44,23,2206397
2025-03-11,네이버,자체,NVR_CMP_03_재구매,재구매,윈백,IMG_배송혜택_봄_A_v1,7773,536,53816,53,40,4225535
2025-03-11,네이버,자체,NVR_CMP_03_재구매,재구매,윈백,VID_적립혜택_봄_B_v1,8543,557,76204,63,33,2796960
2025-03-11,네이버,자체,NVR_CMP_03_재구매,재구매,윈백,CRS_신상품_봄_v1,11228,752,88566,84,55,3844496
2025-03-12,구글,외부,GGL_CMP_01_플러스가입,플러스가입,논타겟,VID_플러스멤버십_봄_A_v1,61704,1835,330185,258,65,4405589
2025-03-12,구글,외부,GGL_CMP_01_플러스가입,플러스가입,논타겟,IMG_플러스멤버십_봄_B_v1,66287,2047,338052,262,51,3535810
2025-03-12,구글,외부,GGL_CMP_01_플러스가입,플러스가입,논타겟,CRS_플러스멤버십_봄_v1,43239,1335,196070,149,51,3382023
2025-03-12,구글,외부,GGL_CMP_01_플러스가입,플러스가입,논타겟,IMG_적립혜택_봄_v2,46129,1325,262588,134,43,2766271
2025-03-12,구글,외부,GGL_CMP_01_플러스가입,플러스가입,유사타겟,VID_플러스멤버십_봄_A_v1,44259,1194,262306,125,27,1802222
2025-03-12,구글,외부,GGL_CMP_01_플러스가입,플러스가입,유사타겟,IMG_플러스멤버십_봄_B_v1,54386,1295,269037,187,55,2496341
2025-03-12,구글,외부,GGL_CMP_01_플러스가입,플러스가입,유사타겟,CRS_플러스멤버십_봄_v1,48172,1305,238822,164,45,2216210
2025-03-12,구글,외부,GGL_CMP_01_플러스가입,플러스가입,유사타겟,IMG_적립혜택_봄_v2,49198,1006,221688,99,20,932710
2025-03-12,구글,외부,GGL_CMP_02_리타겟팅,리타겟팅,리마케팅,VID_할인쿠폰_봄_A_v1,33679,1177,207757,161,62,4429022
2025-03-12,구글,외부,GGL_CMP_02_리타겟팅,리타겟팅,리마케팅,IMG_할인쿠폰_봄_B_v1,36467,1618,192006,129,61,2946141
2025-03-12,구글,외부,GGL_CMP_02_리타겟팅,리타겟팅,리마케팅,CRS_특가_봄_v1,38955,983,213080,107,50,3361160
2025-03-12,구글,외부,GGL_CMP_03_첫구매,첫구매,논타겟,VID_적립혜택_봄_A_v1,50026,1432,300371,114,56,4288531
2025-03-12,구글,외부,GGL_CMP_03_첫구매,첫구매,논타겟,IMG_적립혜택_봄_B_v1,61336,1863,312257,167,50,3829378
2025-03-12,구글,외부,GGL_CMP_03_첫구매,첫구매,논타겟,CRS_할인쿠폰_봄_v1,42838,928,211674,100,37,2624619
2025-03-12,구글,외부,GGL_CMP_03_첫구매,첫구매,유사타겟,VID_적립혜택_봄_A_v1,60185,1858,359633,140,42,3143218
2025-03-12,구글,외부,GGL_CMP_03_첫구매,첫구매,유사타겟,IMG_적립혜택_봄_B_v1,43576,968,245648,81,37,2538061
2025-03-12,구글,외부,GGL_CMP_03_첫구매,첫구매,유사타겟,CRS_할인쿠폰_봄_v1,61132,1705,325797,191,74,5249647
2025-03-12,메타,외부,META_CMP_01_신규유저,신규유저,논타겟,VID_플러스멤버십_봄_A_v1,48408,893,231743,71,16,760824
2025-03-12,메타,외부,META_CMP_01_신규유저,신규유저,논타겟,IMG_적립혜택_봄_B_v1,30364,580,147721,44,9,378198
2025-03-12,메타,외부,META_CMP_01_신규유저,신규유저,논타겟,CRS_플러스멤버십_봄_v1,47893,584,226681,37,7,350463
2025-03-12,메타,외부,META_CMP_02_룩얼라이크,룩얼라이크,유사타겟,VID_플러스멤버십_봄_A_v1,54430,1131,231926,69,17,866594
2025-03-12,메타,외부,META_CMP_02_룩얼라이크,룩얼라이크,유사타겟,IMG_할인쿠폰_봄_B_v1,29444,573,126335,48,15,680537
2025-03-12,메타,외부,META_CMP_02_룩얼라이크,룩얼라이크,유사타겟,CRS_특가_봄_v1,29847,542,136747,47,8,409625
2025-03-12,메타,외부,META_CMP_03_재구매,재구매,VIP,IMG_배송혜택_봄_A_v1,14567,358,73140,18,9,588675
2025-03-12,메타,외부,META_CMP_03_재구매,재구매,VIP,VID_적립혜택_봄_B_v1,10787,249,46471,17,7,497472
2025-03-12,메타,외부,META_CMP_03_재구매,재구매,VIP,CRS_신상품_봄_v1,12535,223,51067,11,3,228698
2025-03-12,메타,외부,META_CMP_03_재구매,재구매,윈백,IMG_배송혜택_봄_A_v1,26369,465,90762,28,13,955967
2025-03-12,메타,외부,META_CMP_03_재구매,재구매,윈백,VID_적립혜택_봄_B_v1,26812,600,124251,27,15,1160966
2025-03-12,메타,외부,META_CMP_03_재구매,재구매,윈백,CRS_신상품_봄_v1,20938,506,74160,33,19,1090215
2025-03-12,네이버,자체,NVR_CMP_01_브랜드KW,브랜드KW,논타겟,TXT_플러스멤버십_봄_A_v1,7075,1049,48416,232,145,9577571
2025-03-12,네이버,자체,NVR_CMP_02_일반KW,일반KW,논타겟,TXT_할인쿠폰_봄_A_v1,9057,950,78830,162,65,4333381
2025-03-12,네이버,자체,NVR_CMP_02_일반KW,일반KW,논타겟,TXT_플러스멤버십_봄_B_v1,12754,1019,94272,120,38,2122989
2025-03-12,네이버,자체,NVR_CMP_03_재구매,재구매,VIP,IMG_배송혜택_봄_A_v1,3972,166,26431,13,7,579411
2025-03-12,네이버,자체,NVR_CMP_03_재구매,재구매,VIP,VID_적립혜택_봄_B_v1,4680,263,38460,32,21,2360862
2025-03-12,네이버,자체,NVR_CMP_03_재구매,재구매,VIP,CRS_신상품_봄_v1,4410,196,36771,17,9,685582
2025-03-12,네이버,자체,NVR_CMP_03_재구매,재구매,윈백,IMG_배송혜택_봄_A_v1,7648,347,70891,29,18,1830787
2025-03-12,네이버,자체,NVR_CMP_03_재구매,재구매,윈백,VID_적립혜택_봄_B_v1,6725,362,55174,25,15,1642491
2025-03-12,네이버,자체,NVR_CMP_03_재구매,재구매,윈백,CRS_신상품_봄_v1,6364,276,48927,19,13,967466
2025-03-13,구글,외부,GGL_CMP_01_플러스가입,플러스가입,논타겟,VID_플러스멤버십_봄_A_v1,63953,1743,367811,214,53,2614319
2025-03-13,구글,외부,GGL_CMP_01_플러스가입,플러스가입,논타겟,IMG_플러스멤버십_봄_B_v1,56704,1851,356504,190,40,1919222
2025-03-13,구글,외부,GGL_CMP_01_플러스가입,플러스가입,논타겟,CRS_플러스멤버십_봄_v1,56459,1452,338371,143,37,2098109
2025-03-13,구글,외부,GGL_CMP_01_플러스가입,플러스가입,논타겟,IMG_적립혜택_봄_v2,67259,2308,300610,213,63,3865724
2025-03-13,구글,외부,GGL_CMP_01_플러스가입,플러스가입,유사타겟,VID_플러스멤버십_봄_A_v1,46701,1341,206142,117,27,1879029
2025-03-13,구글,외부,GGL_CMP_01_플러스가입,플러스가입,유사타겟,IMG_플러스멤버십_봄_B_v1,65917,2154,406663,269,82,5517982
2025-03-13,구글,외부,GGL_CMP_01_플러스가입,플러스가입,유사타겟,CRS_플러스멤버십_봄_v1,62467,1624,350744,221,52,3673416
2025-03-13,구글,외부,GGL_CMP_01_플러스가입,플러스가입,유사타겟,IMG_적립혜택_봄_v2,55517,1170,349052,166,48,2523906
2025-03-13,구글,외부,GGL_CMP_02_리타겟팅,리타겟팅,리마케팅,VID_할인쿠폰_봄_A_v1,26200,991,140926,112,35,1840125
2025-03-13,구글,외부,GGL_CMP_02_리타겟팅,리타겟팅,리마케팅,IMG_할인쿠폰_봄_B_v1,38789,1607,247707,168,66,4387813
2025-03-13,구글,외부,GGL_CMP_02_리타겟팅,리타겟팅,리마케팅,CRS_특가_봄_v1,39124,1249,250508,116,51,3571278
2025-03-13,구글,외부,GGL_CMP_03_첫구매,첫구매,논타겟,VID_적립혜택_봄_A_v1,64588,1571,322230,117,55,4221531
2025-03-13,구글,외부,GGL_CMP_03_첫구매,첫구매,논타겟,IMG_적립혜택_봄_B_v1,55833,980,361443,74,22,1217039
2025-03-13,구글,외부,GGL_CMP_03_첫구매,첫구매,논타겟,CRS_할인쿠폰_봄_v1,59292,1894,270121,204,56,2994703
2025-03-13,구글,외부,GGL_CMP_03_첫구매,첫구매,유사타겟,VID_적립혜택_봄_A_v1,59814,1087,327518,124,40,2765388
2025-03-13,구글,외부,GGL_CMP_03_첫구매,첫구매,유사타겟,IMG_적립혜택_봄_B_v1,49465,1167,227943,93,34,2045169
2025-03-13,구글,외부,GGL_CMP_03_첫구매,첫구매,유사타겟,CRS_할인쿠폰_봄_v1,51700,1369,327209,114,48,3170991
2025-03-13,메타,외부,META_CMP_01_신규유저,신규유저,논타겟,VID_플러스멤버십_봄_A_v1,29705,524,120034,28,8,459894
2025-03-13,메타,외부,META_CMP_01_신규유저,신규유저,논타겟,IMG_적립혜택_봄_B_v1,53332,1001,199079,69,16,696746
2025-03-13,메타,외부,META_CMP_01_신규유저,신규유저,논타겟,CRS_플러스멤버십_봄_v1,42700,530,206956,35,8,430261
2025-03-13,메타,외부,META_CMP_02_룩얼라이크,룩얼라이크,유사타겟,VID_플러스멤버십_봄_A_v1,52632,815,202815,79,23,1067671
2025-03-13,메타,외부,META_CMP_02_룩얼라이크,룩얼라이크,유사타겟,IMG_할인쿠폰_봄_B_v1,46081,731,198545,53,14,652660
2025-03-13,메타,외부,META_CMP_02_룩얼라이크,룩얼라이크,유사타겟,CRS_특가_봄_v1,46528,997,213153,70,21,1248122
2025-03-13,메타,외부,META_CMP_03_재구매,재구매,VIP,IMG_배송혜택_봄_A_v1,10181,256,50969,11,5,287560
2025-03-13,메타,외부,META_CMP_03_재구매,재구매,VIP,VID_적립혜택_봄_B_v1,16338,317,70484,15,7,591066
2025-03-13,메타,외부,META_CMP_03_재구매,재구매,VIP,CRS_신상품_봄_v1,10302,276,44310,14,7,578079
2025-03-13,메타,외부,META_CMP_03_재구매,재구매,윈백,IMG_배송혜택_봄_A_v1,23001,502,94797,21,11,957645
2025-03-13,메타,외부,META_CMP_03_재구매,재구매,윈백,VID_적립혜택_봄_B_v1,24340,712,97751,50,23,1518777
2025-03-13,메타,외부,META_CMP_03_재구매,재구매,윈백,CRS_신상품_봄_v1,20527,372,99347,16,6,327498
2025-03-13,네이버,자체,NVR_CMP_01_브랜드KW,브랜드KW,논타겟,TXT_플러스멤버십_봄_A_v1,8303,961,61170,190,105,8213529
2025-03-13,네이버,자체,NVR_CMP_02_일반KW,일반KW,논타겟,TXT_할인쿠폰_봄_A_v1,13702,1017,87908,194,79,4499638
2025-03-13,네이버,자체,NVR_CMP_02_일반KW,일반KW,논타겟,TXT_플러스멤버십_봄_B_v1,12910,979,122026,160,48,2860165
2025-03-13,네이버,자체,NVR_CMP_03_재구매,재구매,VIP,IMG_배송혜택_봄_A_v1,6773,369,44509,25,13,1443460
2025-03-13,네이버,자체,NVR_CMP_03_재구매,재구매,VIP,VID_적립혜택_봄_B_v1,4838,210,32053,21,11,886972
2025-03-13,네이버,자체,NVR_CMP_03_재구매,재구매,VIP,CRS_신상품_봄_v1,4231,186,30206,13,10,916605
2025-03-13,네이버,자체,NVR_CMP_03_재구매,재구매,윈백,IMG_배송혜택_봄_A_v1,8327,508,54658,54,48,5235509
2025-03-13,네이버,자체,NVR_CMP_03_재구매,재구매,윈백,VID_적립혜택_봄_B_v1,11333,493,82094,40,21,2074591
2025-03-13,네이버,자체,NVR_CMP_03_재구매,재구매,윈백,CRS_신상품_봄_v1,8528,618,64480,52,34,3255038
2025-03-14,구글,외부,GGL_CMP_01_플러스가입,플러스가입,논타겟,VID_플러스멤버십_봄_A_v1,67499,1322,328674,115,35,1922723
2025-03-14,구글,외부,GGL_CMP_01_플러스가입,플러스가입,논타겟,IMG_플러스멤버십_봄_B_v1,70666,1620,315448,154,35,1652004
2025-03-14,구글,외부,GGL_CMP_01_플러스가입,플러스가입,논타겟,CRS_플러스멤버십_봄_v1,68631,2011,311959,284,73,3242013
2025-03-14,구글,외부,GGL_CMP_01_플러스가입,플러스가입,논타겟,IMG_적립혜택_봄_v2,57361,1320,275064,139,44,2581728
2025-03-14,구글,외부,GGL_CMP_01_플러스가입,플러스가입,유사타겟,VID_플러스멤버십_봄_A_v1,41856,1068,239647,122,28,1883200
2025-03-14,구글,외부,GGL_CMP_01_플러스가입,플러스가입,유사타겟,IMG_플러스멤버십_봄_B_v1,44605,1311,271000,131,39,2014606
2025-03-14,구글,외부,GGL_CMP_01_플러스가입,플러스가입,유사타겟,CRS_플러스멤버십_봄_v1,61714,1740,340418,249,82,3775739
2025-03-14,구글,외부,GGL_CMP_01_플러스가입,플러스가입,유사타겟,IMG_적립혜택_봄_v2,58464,1626,298461,190,38,2020971
2025-03-14,구글,외부,GGL_CMP_02_리타겟팅,리타겟팅,리마케팅,VID_할인쿠폰_봄_A_v1,38364,1672,227764,144,64,3658880
2025-03-14,구글,외부,GGL_CMP_02_리타겟팅,리타겟팅,리마케팅,IMG_할인쿠폰_봄_B_v1,26108,1030,130179,103,38,1847872
2025-03-14,구글,외부,GGL_CMP_02_리타겟팅,리타겟팅,리마케팅,CRS_특가_봄_v1,23545,648,120381,61,28,1237169
2025-03-14,구글,외부,GGL_CMP_03_첫구매,첫구매,논타겟,VID_적립혜택_봄_A_v1,54660,1587,327264,183,84,4562531
2025-03-14,구글,외부,GGL_CMP_03_첫구매,첫구매,논타겟,IMG_적립혜택_봄_B_v1,49926,1296,290355,91,40,2262013
2025-03-14,구글,외부,GGL_CMP_03_첫구매,첫구매,논타겟,CRS_할인쿠폰_봄_v1,70284,1710,343022,156,48,2838872
2025-03-14,구글,외부,GGL_CMP_03_첫구매,첫구매,유사타겟,VID_적립혜택_봄_A_v1,50537,1305,303557,93,29,2102314
2025-03-14,구글,외부,GGL_CMP_03_첫구매,첫구매,유사타겟,IMG_적립혜택_봄_B_v1,69775,1953,395741,140,46,3113472
2025-03-14,구글,외부,GGL_CMP_03_첫구매,첫구매,유사타겟,CRS_할인쿠폰_봄_v1,44152,845,280522,84,33,1799568
2025-03-14,메타,외부,META_CMP_01_신규유저,신규유저,논타겟,VID_플러스멤버십_봄_A_v1,48614,688,191841,39,8,293040
2025-03-14,메타,외부,META_CMP_01_신규유저,신규유저,논타겟,IMG_적립혜택_봄_B_v1,41242,800,143378,62,11,555038
2025-03-14,메타,외부,META_CMP_01_신규유저,신규유저,논타겟,CRS_플러스멤버십_봄_v1,33356,615,130414,38,9,332318
2025-03-14,메타,외부,META_CMP_02_룩얼라이크,룩얼라이크,유사타겟,VID_플러스멤버십_봄_A_v1,37050,682,140418,40,9,382950
2025-03-14,메타,외부,META_CMP_02_룩얼라이크,룩얼라이크,유사타겟,IMG_할인쿠폰_봄_B_v1,32792,498,112290,44,11,423144
2025-03-14,메타,외부,META_CMP_02_룩얼라이크,룩얼라이크,유사타겟,CRS_특가_봄_v1,45521,670,187892,61,15,929019
2025-03-14,메타,외부,META_CMP_03_재구매,재구매,VIP,IMG_배송혜택_봄_A_v1,13402,383,61005,17,8,671960
2025-03-14,메타,외부,META_CMP_03_재구매,재구매,VIP,VID_적립혜택_봄_B_v1,11129,221,53438,10,4,249005
2025-03-14,메타,외부,META_CMP_03_재구매,재구매,VIP,CRS_신상품_봄_v1,12330,207,52751,10,5,361589
2025-03-14,메타,외부,META_CMP_03_재구매,재구매,윈백,IMG_배송혜택_봄_A_v1,16498,489,78442,21,7,406800
2025-03-14,메타,외부,META_CMP_03_재구매,재구매,윈백,VID_적립혜택_봄_B_v1,22383,619,98343,44,20,1566302
2025-03-14,메타,외부,META_CMP_03_재구매,재구매,윈백,CRS_신상품_봄_v1,19393,507,87847,22,12,867958
2025-03-14,네이버,자체,NVR_CMP_01_브랜드KW,브랜드KW,논타겟,TXT_플러스멤버십_봄_A_v1,9798,1430,70076,429,257,22388159
2025-03-14,네이버,자체,NVR_CMP_02_일반KW,일반KW,논타겟,TXT_할인쿠폰_봄_A_v1,11389,1127,80123,161,72,3765249
2025-03-14,네이버,자체,NVR_CMP_02_일반KW,일반KW,논타겟,TXT_플러스멤버십_봄_B_v1,14004,1362,110374,238,94,5178668
2025-03-14,네이버,자체,NVR_CMP_03_재구매,재구매,VIP,IMG_배송혜택_봄_A_v1,3840,189,27706,23,19,1759405
2025-03-14,네이버,자체,NVR_CMP_03_재구매,재구매,VIP,VID_적립혜택_봄_B_v1,6491,364,58144,42,26,2822231
2025-03-14,네이버,자체,NVR_CMP_03_재구매,재구매,VIP,CRS_신상품_봄_v1,4844,316,35575,34,25,1932435
2025-03-14,네이버,자체,NVR_CMP_03_재구매,재구매,윈백,IMG_배송혜택_봄_A_v1,8702,539,83053,38,29,3002081
2025-03-14,네이버,자체,NVR_CMP_03_재구매,재구매,윈백,VID_적립혜택_봄_B_v1,10396,596,98856,55,32,3287365
2025-03-14,네이버,자체,NVR_CMP_03_재구매,재구매,윈백,CRS_신상품_봄_v1,11586,819,110038,81,70,4979208
2025-03-15,구글,외부,GGL_CMP_01_플러스가입,플러스가입,논타겟,VID_플러스멤버십_봄_A_v1,33367,1069,161600,140,55,2988641
2025-03-15,구글,외부,GGL_CMP_01_플러스가입,플러스가입,논타겟,IMG_플러스멤버십_봄_B_v1,47396,1013,261469,124,47,2866025
2025-03-15,구글,외부,GGL_CMP_01_플러스가입,플러스가입,논타겟,CRS_플러스멤버십_봄_v1,51211,1611,309568,214,84,5440284
2025-03-15,구글,외부,GGL_CMP_01_플러스가입,플러스가입,논타겟,IMG_적립혜택_봄_v2,31477,1076,161238,117,32,2097168
2025-03-15,구글,외부,GGL_CMP_01_플러스가입,플러스가입,유사타겟,VID_플러스멤버십_봄_A_v1,50702,1542,321528,142,49,3022049
2025-03-15,구글,외부,GGL_CMP_01_플러스가입,플러스가입,유사타겟,IMG_플러스멤버십_봄_B_v1,31471,1007,156349,99,39,2140630
2025-03-15,구글,외부,GGL_CMP_01_플러스가입,플러스가입,유사타겟,CRS_플러스멤버십_봄_v1,28975,671,164933,83,40,2694618
2025-03-15,구글,외부,GGL_CMP_01_플러스가입,플러스가입,유사타겟,IMG_적립혜택_봄_v2,40323,1375,235921,196,65,3057195
2025-03-15,구글,외부,GGL_CMP_02_리타겟팅,리타겟팅,리마케팅,VID_할인쿠폰_봄_A_v1,28370,775,164789,105,57,2872066
2025-03-15,구글,외부,GGL_CMP_02_리타겟팅,리타겟팅,리마케팅,IMG_할인쿠폰_봄_B_v1,23131,1021,139109,93,61,4226634
2025-03-15,구글,외부,GGL_CMP_02_리타겟팅,리타겟팅,리마케팅,CRS_특가_봄_v1,27877,1015,125982,130,91,5436184
2025-03-15,구글,외부,GGL_CMP_03_첫구매,첫구매,논타겟,VID_적립혜택_봄_A_v1,34393,948,176288,93,59,2984179
2025-03-15,구글,외부,GGL_CMP_03_첫구매,첫구매,논타겟,IMG_적립혜택_봄_B_v1,45635,1133,296698,84,59,4019533
2025-03-15,구글,외부,GGL_CMP_03_첫구매,첫구매,논타겟,CRS_할인쿠폰_봄_v1,31199,977,180986,71,42,2848357
2025-03-15,구글,외부,GGL_CMP_03_첫구매,첫구매,유사타겟,VID_적립혜택_봄_A_v1,32553,666,194196,53,20,1515034
2025-03-15,구글,외부,GGL_CMP_03_첫구매,첫구매,유사타겟,IMG_적립혜택_봄_B_v1,37117,1075,222765,80,50,3875033
2025-03-15,구글,외부,GGL_CMP_03_첫구매,첫구매,유사타겟,CRS_할인쿠폰_봄_v1,40225,893,236368,72,30,2017435
2025-03-15,메타,외부,META_CMP_01_신규유저,신규유저,논타겟,VID_플러스멤버십_봄_A_v1,24468,341,102244,20,7,307986
2025-03-15,메타,외부,META_CMP_01_신규유저,신규유저,논타겟,IMG_적립혜택_봄_B_v1,35182,736,120688,66,15,687787
2025-03-15,메타,외부,META_CMP_01_신규유저,신규유저,논타겟,CRS_플러스멤버십_봄_v1,39759,757,171236,62,23,897330
2025-03-15,메타,외부,META_CMP_02_룩얼라이크,룩얼라이크,유사타겟,VID_플러스멤버십_봄_A_v1,23812,463,99115,40,16,938011
2025-03-15,메타,외부,META_CMP_02_룩얼라이크,룩얼라이크,유사타겟,IMG_할인쿠폰_봄_B_v1,25241,358,126300,30,11,589332
2025-03-15,메타,외부,META_CMP_02_룩얼라이크,룩얼라이크,유사타겟,CRS_특가_봄_v1,26743,338,101388,23,9,419063
2025-03-15,메타,외부,META_CMP_03_재구매,재구매,VIP,IMG_배송혜택_봄_A_v1,9045,211,37796,12,9,578071
2025-03-15,메타,외부,META_CMP_03_재구매,재구매,VIP,VID_적립혜택_봄_B_v1,12206,298,53328,14,11,604431
2025-03-15,메타,외부,META_CMP_03_재구매,재구매,VIP,CRS_신상품_봄_v1,8752,224,41458,9,8,669256
2025-03-15,메타,외부,META_CMP_03_재구매,재구매,윈백,IMG_배송혜택_봄_A_v1,16357,353,64225,14,7,558190
2025-03-15,메타,외부,META_CMP_03_재구매,재구매,윈백,VID_적립혜택_봄_B_v1,17841,531,80274,23,11,807213
2025-03-15,메타,외부,META_CMP_03_재구매,재구매,윈백,CRS_신상품_봄_v1,15519,289,55129,13,6,453409
2025-03-15,네이버,자체,NVR_CMP_01_브랜드KW,브랜드KW,논타겟,TXT_플러스멤버십_봄_A_v1,7297,1185,63995,225,207,16822270
2025-03-15,네이버,자체,NVR_CMP_02_일반KW,일반KW,논타겟,TXT_할인쿠폰_봄_A_v1,9338,601,87244,67,26,1740335
2025-03-15,네이버,자체,NVR_CMP_02_일반KW,일반KW,논타겟,TXT_플러스멤버십_봄_B_v1,8201,645,53907,87,48,3111401
2025-03-15,네이버,자체,NVR_CMP_03_재구매,재구매,VIP,IMG_배송혜택_봄_A_v1,5103,220,35819,16,17,1793292
2025-03-15,네이버,자체,NVR_CMP_03_재구매,재구매,VIP,VID_적립혜택_봄_B_v1,3858,236,25346,19,17,1489681
2025-03-15,네이버,자체,NVR_CMP_03_재구매,재구매,VIP,CRS_신상품_봄_v1,3827,270,29599,28,19,1671123
2025-03-15,네이버,자체,NVR_CMP_03_재구매,재구매,윈백,IMG_배송혜택_봄_A_v1,8438,641,58779,60,57,5110317
2025-03-15,네이버,자체,NVR_CMP_03_재구매,재구매,윈백,VID_적립혜택_봄_B_v1,6513,451,56253,37,32,2872181
2025-03-15,네이버,자체,NVR_CMP_03_재구매,재구매,윈백,CRS_신상품_봄_v1,7215,422,56652,50,50,3808487
2025-03-16,구글,외부,GGL_CMP_01_플러스가입,플러스가입,논타겟,VID_플러스멤버십_봄_A_v1,32504,840,194472,110,34,1736442
2025-03-16,구글,외부,GGL_CMP_01_플러스가입,플러스가입,논타겟,IMG_플러스멤버십_봄_B_v1,44850,1560,200623,170,51,3005205
2025-03-16,구글,외부,GGL_CMP_01_플러스가입,플러스가입,논타겟,CRS_플러스멤버십_봄_v1,38810,942,211060,134,43,2644043
2025-03-16,구글,외부,GGL_CMP_01_플러스가입,플러스가입,논타겟,IMG_적립혜택_봄_v2,33186,1055,165184,127,31,2201991
2025-03-16,구글,외부,GGL_CMP_01_플러스가입,플러스가입,유사타겟,VID_플러스멤버십_봄_A_v1,30972,904,202855,109,25,1113557
2025-03-16,구글,외부,GGL_CMP_01_플러스가입,플러스가입,유사타겟,IMG_플러스멤버십_봄_B_v1,41607,1297,219720,185,38,1850224
2025-03-16,구글,외부,GGL_CMP_01_플러스가입,플러스가입,유사타겟,CRS_플러스멤버십_봄_v1,49343,997,241652,111,30,1627716
2025-03-16,구글,외부,GGL_CMP_01_플러스가입,플러스가입,유사타겟,IMG_적립혜택_봄_v2,36143,745,163300,111,22,1528455
2025-03-16,구글,외부,GGL_CMP_02_리타겟팅,리타겟팅,리마케팅,VID_할인쿠폰_봄_A_v1,18901,683,98222,83,26,1178366
2025-03-16,구글,외부,GGL_CMP_02_리타겟팅,리타겟팅,리마케팅,IMG_할인쿠폰_봄_B_v1,31139,913,183779,79,26,1851676
2025-03-16,구글,외부,GGL_CMP_02_리타겟팅,리타겟팅,리마케팅,CRS_특가_봄_v1,29064,1000,169342,119,58,3923852
2025-03-16,구글,외부,GGL_CMP_03_첫구매,첫구매,논타겟,VID_적립혜택_봄_A_v1,50334,1626,304318,124,55,3238570
2025-03-16,구글,외부,GGL_CMP_03_첫구매,첫구매,논타겟,IMG_적립혜택_봄_B_v1,45431,908,228010,77,23,1654883
2025-03-16,구글,외부,GGL_CMP_03_첫구매,첫구매,논타겟,CRS_할인쿠폰_봄_v1,49931,943,318348,68,25,1800613
2025-03-16,구글,외부,GGL_CMP_03_첫구매,첫구매,유사타겟,VID_적립혜택_봄_A_v1,47476,1358,289470,135,50,3227029
2025-03-16,구글,외부,GGL_CMP_03_첫구매,첫구매,유사타겟,IMG_적립혜택_봄_B_v1,41997,951,255636,101,38,2527419
2025-03-16,구글,외부,GGL_CMP_03_첫구매,첫구매,유사타겟,CRS_할인쿠폰_봄_v1,41651,778,208268,74,29,1589084
2025-03-16,메타,외부,META_CMP_01_신규유저,신규유저,논타겟,VID_플러스멤버십_봄_A_v1,22903,338,86785,21,4,198593
2025-03-16,메타,외부,META_CMP_01_신규유저,신규유저,논타겟,IMG_적립혜택_봄_B_v1,24797,387,107945,20,3,156736
2025-03-16,메타,외부,META_CMP_01_신규유저,신규유저,논타겟,CRS_플러스멤버십_봄_v1,23388,386,94707,25,5,245544
2025-03-16,메타,외부,META_CMP_02_룩얼라이크,룩얼라이크,유사타겟,VID_플러스멤버십_봄_A_v1,26638,573,107944,44,9,522446
2025-03-16,메타,외부,META_CMP_02_룩얼라이크,룩얼라이크,유사타겟,IMG_할인쿠폰_봄_B_v1,38141,484,176811,45,8,472017
2025-03-16,메타,외부,META_CMP_02_룩얼라이크,룩얼라이크,유사타겟,CRS_특가_봄_v1,39672,503,190054,34,10,581432
2025-03-16,메타,외부,META_CMP_03_재구매,재구매,VIP,IMG_배송혜택_봄_A_v1,11516,304,41420,12,6,379394
2025-03-16,메타,외부,META_CMP_03_재구매,재구매,VIP,VID_적립혜택_봄_B_v1,8344,137,30482,6,2,114488
2025-03-16,메타,외부,META_CMP_03_재구매,재구매,VIP,CRS_신상품_봄_v1,11602,203,47360,11,5,358736
2025-03-16,메타,외부,META_CMP_03_재구매,재구매,윈백,IMG_배송혜택_봄_A_v1,12734,288,62954,15,9,640625
2025-03-16,메타,외부,META_CMP_03_재구매,재구매,윈백,VID_적립혜택_봄_B_v1,15472,317,60548,15,7,445683
2025-03-16,메타,외부,META_CMP_03_재구매,재구매,윈백,CRS_신상품_봄_v1,20428,541,88586,33,13,1133374
2025-03-16,네이버,자체,NVR_CMP_01_브랜드KW,브랜드KW,논타겟,TXT_플러스멤버십_봄_A_v1,7541,915,72178,283,155,9784347
2025-03-16,네이버,자체,NVR_CMP_02_일반KW,일반KW,논타겟,TXT_할인쿠폰_봄_A_v1,8195,853,59957,116,47,2945955
2025-03-16,네이버,자체,NVR_CMP_02_일반KW,일반KW,논타겟,TXT_플러스멤버십_봄_B_v1,12178,932,109244,113,33,2579592
2025-03-16,네이버,자체,NVR_CMP_03_재구매,재구매,VIP,IMG_배송혜택_봄_A_v1,4432,233,31943,16,9,715604
2025-03-16,네이버,자체,NVR_CMP_03_재구매,재구매,VIP,VID_적립혜택_봄_B_v1,3562,176,25227,16,12,1254308
2025-03-16,네이버,자체,NVR_CMP_03_재구매,재구매,VIP,CRS_신상품_봄_v1,3840,244,28069,22,18,1576750
2025-03-16,네이버,자체,NVR_CMP_03_재구매,재구매,윈백,IMG_배송혜택_봄_A_v1,5574,364,44441,42,30,2718927
2025-03-16,네이버,자체,NVR_CMP_03_재구매,재구매,윈백,VID_적립혜택_봄_B_v1,7547,388,63336,37,26,2230518
2025-03-16,네이버,자체,NVR_CMP_03_재구매,재구매,윈백,CRS_신상품_봄_v1,8491,396,77561,42,23,1736378
2025-03-17,구글,외부,GGL_CMP_01_플러스가입,플러스가입,논타겟,VID_플러스멤버십_봄_A_v1,52782,1052,339690,147,42,2298580
2025-03-17,구글,외부,GGL_CMP_01_플러스가입,플러스가입,논타겟,IMG_플러스멤버십_봄_B_v1,55049,1201,326104,143,33,2253711
2025-03-17,구글,외부,GGL_CMP_01_플러스가입,플러스가입,논타겟,CRS_플러스멤버십_봄_v1,60758,1986,339568,283,74,4869082
2025-03-17,구글,외부,GGL_CMP_01_플러스가입,플러스가입,논타겟,IMG_적립혜택_봄_v2,45363,1197,237684,134,31,2035469
2025-03-17,구글,외부,GGL_CMP_01_플러스가입,플러스가입,유사타겟,VID_플러스멤버십_봄_A_v1,69676,2148,425801,203,43,2439223
2025-03-17,구글,외부,GGL_CMP_01_플러스가입,플러스가입,유사타겟,IMG_플러스멤버십_봄_B_v1,71300,1940,401724,272,70,3233987
2025-03-17,구글,외부,GGL_CMP_01_플러스가입,플러스가입,유사타겟,CRS_플러스멤버십_봄_v1,45821,1364,236588,195,60,4217330
2025-03-17,구글,외부,GGL_CMP_01_플러스가입,플러스가입,유사타겟,IMG_적립혜택_봄_v2,44864,1345,282164,190,49,3024216
2025-03-17,구글,외부,GGL_CMP_02_리타겟팅,리타겟팅,리마케팅,VID_할인쿠폰_봄_A_v1,30157,1108,147176,151,79,3955310
2025-03-17,구글,외부,GGL_CMP_02_리타겟팅,리타겟팅,리마케팅,IMG_할인쿠폰_봄_B_v1,41404,1404,265214,134,48,2448037
2025-03-17,구글,외부,GGL_CMP_02_리타겟팅,리타겟팅,리마케팅,CRS_특가_봄_v1,41083,1456,246423,176,66,3954607
2025-03-17,구글,외부,GGL_CMP_03_첫구매,첫구매,논타겟,VID_적립혜택_봄_A_v1,41940,995,274134,91,45,2667621
2025-03-17,구글,외부,GGL_CMP_03_첫구매,첫구매,논타겟,IMG_적립혜택_봄_B_v1,59782,1254,314462,132,63,3773601
2025-03-17,구글,외부,GGL_CMP_03_첫구매,첫구매,논타겟,CRS_할인쿠폰_봄_v1,68126,1954,364387,201,64,4475403
2025-03-17,구글,외부,GGL_CMP_03_첫구매,첫구매,유사타겟,VID_적립혜택_봄_A_v1,58375,1330,316599,133,37,2528649
2025-03-17,구글,외부,GGL_CMP_03_첫구매,첫구매,유사타겟,IMG_적립혜택_봄_B_v1,48821,1469,287579,114,35,1984718
2025-03-17,구글,외부,GGL_CMP_03_첫구매,첫구매,유사타겟,CRS_할인쿠폰_봄_v1,40452,786,241923,59,29,1908826
2025-03-17,메타,외부,META_CMP_01_신규유저,신규유저,논타겟,VID_플러스멤버십_봄_A_v1,31696,593,114155,34,6,294082
2025-03-17,메타,외부,META_CMP_01_신규유저,신규유저,논타겟,IMG_적립혜택_봄_B_v1,30362,543,150303,34,6,281402
2025-03-17,메타,외부,META_CMP_01_신규유저,신규유저,논타겟,CRS_플러스멤버십_봄_v1,45424,713,165270,57,9,393731
2025-03-17,메타,외부,META_CMP_02_룩얼라이크,룩얼라이크,유사타겟,VID_플러스멤버십_봄_A_v1,46960,886,228629,62,15,780604
2025-03-17,메타,외부,META_CMP_02_룩얼라이크,룩얼라이크,유사타겟,IMG_할인쿠폰_봄_B_v1,37570,736,169681,52,13,696240
2025-03-17,메타,외부,META_CMP_02_룩얼라이크,룩얼라이크,유사타겟,CRS_특가_봄_v1,50563,1127,217389,93,29,1593616
2025-03-17,메타,외부,META_CMP_03_재구매,재구매,VIP,IMG_배송혜택_봄_A_v1,15873,470,77179,30,16,1129295
2025-03-17,메타,외부,META_CMP_03_재구매,재구매,VIP,VID_적립혜택_봄_B_v1,9327,235,34237,11,6,421631
2025-03-17,메타,외부,META_CMP_03_재구매,재구매,VIP,CRS_신상품_봄_v1,14788,380,61453,19,10,625657
2025-03-17,메타,외부,META_CMP_03_재구매,재구매,윈백,IMG_배송혜택_봄_A_v1,26683,507,122324,31,13,1014902
2025-03-17,메타,외부,META_CMP_03_재구매,재구매,윈백,VID_적립혜택_봄_B_v1,18300,489,66803,22,12,739287
2025-03-17,메타,외부,META_CMP_03_재구매,재구매,윈백,CRS_신상품_봄_v1,16917,447,80224,31,14,1143285
2025-03-17,네이버,자체,NVR_CMP_01_브랜드KW,브랜드KW,논타겟,TXT_플러스멤버십_봄_A_v1,10119,1187,91226,303,135,7993036
2025-03-17,네이버,자체,NVR_CMP_02_일반KW,일반KW,논타겟,TXT_할인쿠폰_봄_A_v1,8881,742,73729,147,66,3690874
2025-03-17,네이버,자체,NVR_CMP_02_일반KW,일반KW,논타겟,TXT_플러스멤버십_봄_B_v1,12617,940,83521,121,54,3721992
2025-03-17,네이버,자체,NVR_CMP_03_재구매,재구매,VIP,IMG_배송혜택_봄_A_v1,4381,216,39526,15,8,564519
2025-03-17,네이버,자체,NVR_CMP_03_재구매,재구매,VIP,VID_적립혜택_봄_B_v1,4050,197,27116,19,11,780248
2025-03-17,네이버,자체,NVR_CMP_03_재구매,재구매,VIP,CRS_신상품_봄_v1,5491,238,41817,21,17,1296892
2025-03-17,네이버,자체,NVR_CMP_03_재구매,재구매,윈백,IMG_배송혜택_봄_A_v1,6494,301,55499,23,15,1407193
2025-03-17,네이버,자체,NVR_CMP_03_재구매,재구매,윈백,VID_적립혜택_봄_B_v1,10406,747,87445,71,64,7148984
2025-03-17,네이버,자체,NVR_CMP_03_재구매,재구매,윈백,CRS_신상품_봄_v1,6361,406,54771,48,25,1860939
2025-03-18,구글,외부,GGL_CMP_01_플러스가입,플러스가입,논타겟,VID_플러스멤버십_봄_A_v1,67104,1415,401872,193,37,2530882
2025-03-18,구글,외부,GGL_CMP_01_플러스가입,플러스가입,논타겟,IMG_플러스멤버십_봄_B_v1,39417,1079,195643,127,39,2085950
2025-03-18,구글,외부,GGL_CMP_01_플러스가입,플러스가입,논타겟,CRS_플러스멤버십_봄_v1,50317,1682,272230,164,52,3368940
2025-03-18,구글,외부,GGL_CMP_01_플러스가입,플러스가입,논타겟,IMG_적립혜택_봄_v2,70169,1934,320604,246,80,5157577
2025-03-18,구글,외부,GGL_CMP_01_플러스가입,플러스가입,유사타겟,VID_플러스멤버십_봄_A_v1,70726,2494,459651,337,94,5116014
2025-03-18,구글,외부,GGL_CMP_01_플러스가입,플러스가입,유사타겟,IMG_플러스멤버십_봄_B_v1,38950,1131,195453,165,54,3813254
2025-03-18,구글,외부,GGL_CMP_01_플러스가입,플러스가입,유사타겟,CRS_플러스멤버십_봄_v1,63773,1457,345310,122,25,1568316
2025-03-18,구글,외부,GGL_CMP_01_플러스가입,플러스가입,유사타겟,IMG_적립혜택_봄_v2,68631,1631,309308,181,41,2047768
2025-03-18,구글,외부,GGL_CMP_02_리타겟팅,리타겟팅,리마케팅,VID_할인쿠폰_봄_A_v1,33683,1172,169348,141,70,4142714
2025-03-18,구글,외부,GGL_CMP_02_리타겟팅,리타겟팅,리마케팅,IMG_할인쿠폰_봄_B_v1,37597,1584,206195,134,72,3811544
2025-03-18,구글,외부,GGL_CMP_02_리타겟팅,리타겟팅,리마케팅,CRS_특가_봄_v1,29785,901,151784,118,43,2801692
2025-03-18,구글,외부,GGL_CMP_03_첫구매,첫구매,논타겟,VID_적립혜택_봄_A_v1,68838,1740,327890,180,67,4342638
2025-03-18,구글,외부,GGL_CMP_03_첫구매,첫구매,논타겟,IMG_적립혜택_봄_B_v1,57065,1542,269336,117,32,1798638
2025-03-18,구글,외부,GGL_CMP_03_첫구매,첫구매,논타겟,CRS_할인쿠폰_봄_v1,52396,1545,290168,158,78,4402234
2025-03-18,구글,외부,GGL_CMP_03_첫구매,첫구매,유사타겟,VID_적립혜택_봄_A_v1,46023,1121,237454,80,30,1814669
2025-03-18,구글,외부,GGL_CMP_03_첫구매,첫구매,유사타겟,IMG_적립혜택_봄_B_v1,42159,1228,208971,82,30,1945725
2025-03-18,구글,외부,GGL_CMP_03_첫구매,첫구매,유사타겟,CRS_할인쿠폰_봄_v1,40898,1046,190592,83,40,2976294
2025-03-18,메타,외부,META_CMP_01_신규유저,신규유저,논타겟,VID_플러스멤버십_봄_A_v1,48262,557,189148,35,8,360984
2025-03-18,메타,외부,META_CMP_01_신규유저,신규유저,논타겟,IMG_적립혜택_봄_B_v1,35619,579,134968,49,12,669123
2025-03-18,메타,외부,META_CMP_01_신규유저,신규유저,논타겟,CRS_플러스멤버십_봄_v1,34399,683,154685,51,10,590948
2025-03-18,메타,외부,META_CMP_02_룩얼라이크,룩얼라이크,유사타겟,VID_플러스멤버십_봄_A_v1,29623,690,141896,40,12,646136
2025-03-18,메타,외부,META_CMP_02_룩얼라이크,룩얼라이크,유사타겟,IMG_할인쿠폰_봄_B_v1,42571,904,176765,59,11,448531
2025-03-18,메타,외부,META_CMP_02_룩얼라이크,룩얼라이크,유사타겟,CRS_특가_봄_v1,34633,734,129851,52,15,595927
2025-03-18,메타,외부,META_CMP_03_재구매,재구매,VIP,IMG_배송혜택_봄_A_v1,14792,282,50431,17,8,539316
2025-03-18,메타,외부,META_CMP_03_재구매,재구매,VIP,VID_적립혜택_봄_B_v1,11933,311,45300,21,12,652885
2025-03-18,메타,외부,META_CMP_03_재구매,재구매,VIP,CRS_신상품_봄_v1,15409,460,72819,18,10,595634
2025-03-18,메타,외부,META_CMP_03_재구매,재구매,윈백,IMG_배송혜택_봄_A_v1,25741,466,121574,27,12,760065
2025-03-18,메타,외부,META_CMP_03_재구매,재구매,윈백,VID_적립혜택_봄_B_v1,15765,422,71423,28,15,984679
2025-03-18,메타,외부,META_CMP_03_재구매,재구매,윈백,CRS_신상품_봄_v1,14850,329,73103,22,13,1012698
2025-03-18,네이버,자체,NVR_CMP_01_브랜드KW,브랜드KW,논타겟,TXT_플러스멤버십_봄_A_v1,9431,1489,81397,318,135,8806700
2025-03-18,네이버,자체,NVR_CMP_02_일반KW,일반KW,논타겟,TXT_할인쿠폰_봄_A_v1,10047,705,87844,116,50,3544619
2025-03-18,네이버,자체,NVR_CMP_02_일반KW,일반KW,논타겟,TXT_플러스멤버십_봄_B_v1,13024,1337,88582,235,78,5455281
2025-03-18,네이버,자체,NVR_CMP_03_재구매,재구매,VIP,IMG_배송혜택_봄_A_v1,6554,469,58266,56,34,2776845
2025-03-18,네이버,자체,NVR_CMP_03_재구매,재구매,VIP,VID_적립혜택_봄_B_v1,5844,421,41987,45,36,3729722
2025-03-18,네이버,자체,NVR_CMP_03_재구매,재구매,VIP,CRS_신상품_봄_v1,4327,258,34227,22,14,1271064
2025-03-18,네이버,자체,NVR_CMP_03_재구매,재구매,윈백,IMG_배송혜택_봄_A_v1,8538,447,62127,41,32,2355205
2025-03-18,네이버,자체,NVR_CMP_03_재구매,재구매,윈백,VID_적립혜택_봄_B_v1,11616,816,106507,99,88,8689198
2025-03-18,네이버,자체,NVR_CMP_03_재구매,재구매,윈백,CRS_신상품_봄_v1,6310,419,42824,52,28,2309726
2025-03-19,구글,외부,GGL_CMP_01_플러스가입,플러스가입,논타겟,VID_플러스멤버십_봄_A_v1,41901,1209,230901,104,29,1565684
2025-03-19,구글,외부,GGL_CMP_01_플러스가입,플러스가입,논타겟,IMG_플러스멤버십_봄_B_v1,45525,1425,277391,168,46,2848191
2025-03-19,구글,외부,GGL_CMP_01_플러스가입,플러스가입,논타겟,CRS_플러스멤버십_봄_v1,60580,2136,341129,300,92,5207982
2025-03-19,구글,외부,GGL_CMP_01_플러스가입,플러스가입,논타겟,IMG_적립혜택_봄_v2,49741,1099,320786,102,31,1983830
2025-03-19,구글,외부,GGL_CMP_01_플러스가입,플러스가입,유사타겟,VID_플러스멤버십_봄_A_v1,51903,1488,295236,186,55,3043051
2025-03-19,구글,외부,GGL_CMP_01_플러스가입,플러스가입,유사타겟,IMG_플러스멤버십_봄_B_v1,45207,1610,281354,204,50,2286868
2025-03-19,구글,외부,GGL_CMP_01_플러스가입,플러스가입,유사타겟,CRS_플러스멤버십_봄_v1,42077,1307,261889,124,43,2450597
2025-03-19,구글,외부,GGL_CMP_01_플러스가입,플러스가입,유사타겟,IMG_적립혜택_봄_v2,40039,933,221993,80,23,1487522
2025-03-19,구글,외부,GGL_CMP_02_리타겟팅,리타겟팅,리마케팅,VID_할인쿠폰_봄_A_v1,41696,1218,186818,155,82,5200709
2025-03-19,구글,외부,GGL_CMP_02_리타겟팅,리타겟팅,리마케팅,IMG_할인쿠폰_봄_B_v1,28472,789,168826,81,41,2413780
2025-03-19,구글,외부,GGL_CMP_02_리타겟팅,리타겟팅,리마케팅,CRS_특가_봄_v1,24273,836,122095,109,58,3181973
2025-03-19,구글,외부,GGL_CMP_03_첫구매,첫구매,논타겟,VID_적립혜택_봄_A_v1,41463,1097,197047,75,37,2094616
2025-03-19,구글,외부,GGL_CMP_03_첫구매,첫구매,논타겟,IMG_적립혜택_봄_B_v1,44896,1010,210617,71,22,1713641
2025-03-19,구글,외부,GGL_CMP_03_첫구매,첫구매,논타겟,CRS_할인쿠폰_봄_v1,66390,1549,431168,118,36,2751255
2025-03-19,구글,외부,GGL_CMP_03_첫구매,첫구매,유사타겟,VID_적립혜택_봄_A_v1,63544,2064,344102,216,72,5141382
2025-03-19,구글,외부,GGL_CMP_03_첫구매,첫구매,유사타겟,IMG_적립혜택_봄_B_v1,43339,854,235026,88,31,1617754
2025-03-19,구글,외부,GGL_CMP_03_첫구매,첫구매,유사타겟,CRS_할인쿠폰_봄_v1,70953,1307,436845,141,67,4052365
2025-03-19,메타,외부,META_CMP_01_신규유저,신규유저,논타겟,VID_플러스멤버십_봄_A_v1,41812,567,210234,30,6,267437
2025-03-19,메타,외부,META_CMP_01_신규유저,신규유저,논타겟,IMG_적립혜택_봄_B_v1,32923,625,157904,36,8,325809
2025-03-19,메타,외부,META_CMP_01_신규유저,신규유저,논타겟,CRS_플러스멤버십_봄_v1,47480,918,218029,72,11,537519
2025-03-19,메타,외부,META_CMP_02_룩얼라이크,룩얼라이크,유사타겟,VID_플러스멤버십_봄_A_v1,30257,624,102230,39,8,453439
2025-03-19,메타,외부,META_CMP_02_룩얼라이크,룩얼라이크,유사타겟,IMG_할인쿠폰_봄_B_v1,34705,542,139850,48,8,376329
2025-03-19,메타,외부,META_CMP_02_룩얼라이크,룩얼라이크,유사타겟,CRS_특가_봄_v1,34921,478,148062,41,11,621123
2025-03-19,메타,외부,META_CMP_03_재구매,재구매,VIP,IMG_배송혜택_봄_A_v1,11735,194,58696,11,4,328493
2025-03-19,메타,외부,META_CMP_03_재구매,재구매,VIP,VID_적립혜택_봄_B_v1,11599,298,49483,13,6,354280
2025-03-19,메타,외부,META_CMP_03_재구매,재구매,VIP,CRS_신상품_봄_v1,12224,311,61420,18,9,593508
2025-03-19,메타,외부,META_CMP_03_재구매,재구매,윈백,IMG_배송혜택_봄_A_v1,17388,480,59534,28,14,1038261
2025-03-19,메타,외부,META_CMP_03_재구매,재구매,윈백,VID_적립혜택_봄_B_v1,17361,453,59000,20,10,663307
2025-03-19,메타,외부,META_CMP_03_재구매,재구매,윈백,CRS_신상품_봄_v1,24520,636,112355,27,9,615659
2025-03-19,네이버,자체,NVR_CMP_01_브랜드KW,브랜드KW,논타겟,TXT_플러스멤버십_봄_A_v1,10444,1328,82140,412,215,15183765
2025-03-19,네이버,자체,NVR_CMP_02_일반KW,일반KW,논타겟,TXT_할인쿠폰_봄_A_v1,10684,896,80630,149,70,3474104
2025-03-19,네이버,자체,NVR_CMP_02_일반KW,일반KW,논타겟,TXT_플러스멤버십_봄_B_v1,10096,623,76002,112,36,2541137
2025-03-19,네이버,자체,NVR_CMP_03_재구매,재구매,VIP,IMG_배송혜택_봄_A_v1,5736,358,53541,30,17,1595774
2025-03-19,네이버,자체,NVR_CMP_03_재구매,재구매,VIP,VID_적립혜택_봄_B_v1,5926,319,39339,22,15,1061983
2025-03-19,네이버,자체,NVR_CMP_03_재구매,재구매,VIP,CRS_신상품_봄_v1,6393,366,45089,38,22,2237005
2025-03-19,네이버,자체,NVR_CMP_03_재구매,재구매,윈백,IMG_배송혜택_봄_A_v1,10187,712,70739,77,46,4202406
2025-03-19,네이버,자체,NVR_CMP_03_재구매,재구매,윈백,VID_적립혜택_봄_B_v1,8413,579,69465,40,19,1771830
2025-03-19,네이버,자체,NVR_CMP_03_재구매,재구매,윈백,CRS_신상품_봄_v1,7422,527,51164,44,38,3376364
2025-03-20,구글,외부,GGL_CMP_01_플러스가입,플러스가입,논타겟,VID_플러스멤버십_봄_A_v1,53977,1357,280613,200,40,2850891
2025-03-20,구글,외부,GGL_CMP_01_플러스가입,플러스가입,논타겟,IMG_플러스멤버십_봄_B_v1,45028,938,239217,137,43,2668822
2025-03-20,구글,외부,GGL_CMP_01_플러스가입,플러스가입,논타겟,CRS_플러스멤버십_봄_v1,63290,2069,378139,230,79,5290888
2025-03-20,구글,외부,GGL_CMP_01_플러스가입,플러스가입,논타겟,IMG_적립혜택_봄_v2,46215,1225,259175,105,32,2192837
2025-03-20,구글,외부,GGL_CMP_01_플러스가입,플러스가입,유사타겟,VID_플러스멤버십_봄_A_v1,49447,1308,317472,115,25,1472845
2025-03-20,구글,외부,GGL_CMP_01_플러스가입,플러스가입,유사타겟,IMG_플러스멤버십_봄_B_v1,68937,1940,339174,219,50,2563031
2025-03-20,구글,외부,GGL_CMP_01_플러스가입,플러스가입,유사타겟,CRS_플러스멤버십_봄_v1,55111,1420,333046,122,27,1567791
2025-03-20,구글,외부,GGL_CMP_01_플러스가입,플러스가입,유사타겟,IMG_적립혜택_봄_v2,64973,2271,309524,334,79,5376645
2025-03-20,구글,외부,GGL_CMP_02_리타겟팅,리타겟팅,리마케팅,VID_할인쿠폰_봄_A_v1,25319,1056,149617,106,56,3240782
2025-03-20,구글,외부,GGL_CMP_02_리타겟팅,리타겟팅,리마케팅,IMG_할인쿠폰_봄_B_v1,29244,1098,153235,83,32,2114095
2025-03-20,구글,외부,GGL_CMP_02_리타겟팅,리타겟팅,리마케팅,CRS_특가_봄_v1,37646,1383,220062,183,78,3831533
2025-03-20,구글,외부,GGL_CMP_03_첫구매,첫구매,논타겟,VID_적립혜택_봄_A_v1,57460,1592,341155,184,73,4435878
2025-03-20,구글,외부,GGL_CMP_03_첫구매,첫구매,논타겟,IMG_적립혜택_봄_B_v1,59581,1080,370761,75,29,1598008
2025-03-20,구글,외부,GGL_CMP_03_첫구매,첫구매,논타겟,CRS_할인쿠폰_봄_v1,60329,1056,373607,95,32,1549113
2025-03-20,구글,외부,GGL_CMP_03_첫구매,첫구매,유사타겟,VID_적립혜택_봄_A_v1,44869,1134,207880,125,35,1889190
2025-03-20,구글,외부,GGL_CMP_03_첫구매,첫구매,유사타겟,IMG_적립혜택_봄_B_v1,41557,960,187861,99,42,2147928
2025-03-20,구글,외부,GGL_CMP_03_첫구매,첫구매,유사타겟,CRS_할인쿠폰_봄_v1,51738,1514,270180,167,58,3817067
2025-03-20,메타,외부,META_CMP_01_신규유저,신규유저,논타겟,VID_플러스멤버십_봄_A_v1,43924,725,153598,48,11,420542
2025-03-20,메타,외부,META_CMP_01_신규유저,신규유저,논타겟,IMG_적립혜택_봄_B_v1,44455,592,161538,49,14,688993
2025-03-20,메타,외부,META_CMP_01_신규유저,신규유저,논타겟,CRS_플러스멤버십_봄_v1,41757,843,147418,56,9,449591
2025-03-20,메타,외부,META_CMP_02_룩얼라이크,룩얼라이크,유사타겟,VID_플러스멤버십_봄_A_v1,38295,880,131379,82,24,1387220
2025-03-20,메타,외부,META_CMP_02_룩얼라이크,룩얼라이크,유사타겟,IMG_할인쿠폰_봄_B_v1,51394,688,252888,52,13,608012
2025-03-20,메타,외부,META_CMP_02_룩얼라이크,룩얼라이크,유사타겟,CRS_특가_봄_v1,32076,643,156075,63,19,1089380
2025-03-20,메타,외부,META_CMP_03_재구매,재구매,VIP,IMG_배송혜택_봄_A_v1,16339,403,77687,28,13,913080
2025-03-20,메타,외부,META_CMP_03_재구매,재구매,VIP,VID_적립혜택_봄_B_v1,13682,328,66641,20,7,533474
2025-03-20,메타,외부,META_CMP_03_재구매,재구매,VIP,CRS_신상품_봄_v1,15821,302,57999,15,9,637449
2025-03-20,메타,외부,META_CMP_03_재구매,재구매,윈백,IMG_배송혜택_봄_A_v1,16598,298,63702,18,9,651663
2025-03-20,메타,외부,META_CMP_03_재구매,재구매,윈백,VID_적립혜택_봄_B_v1,25357,729,115185,44,22,1481771
2025-03-20,메타,외부,META_CMP_03_재구매,재구매,윈백,CRS_신상품_봄_v1,15822,290,54463,13,6,427163
2025-03-20,네이버,자체,NVR_CMP_01_브랜드KW,브랜드KW,논타겟,TXT_플러스멤버십_봄_A_v1,9306,889,67155,251,124,6945151
2025-03-20,네이버,자체,NVR_CMP_02_일반KW,일반KW,논타겟,TXT_할인쿠폰_봄_A_v1,10760,1030,87864,135,49,2925112
2025-03-20,네이버,자체,NVR_CMP_02_일반KW,일반KW,논타겟,TXT_플러스멤버십_봄_B_v1,13285,1277,116491,238,114,5777141
2025-03-20,네이버,자체,NVR_CMP_03_재구매,재구매,VIP,IMG_배송혜택_봄_A_v1,5180,313,44494,32,27,2283120
2025-03-20,네이버,자체,NVR_CMP_03_재구매,재구매,VIP,VID_적립혜택_봄_B_v1,4033,185,33795,12,9,802409
2025-03-20,네이버,자체,NVR_CMP_03_재구매,재구매,VIP,CRS_신상품_봄_v1,6527,421,54871,35,23,1986951
2025-03-20,네이버,자체,NVR_CMP_03_재구매,재구매,윈백,IMG_배송혜택_봄_A_v1,8410,597,61513,44,39,3386645
2025-03-20,네이버,자체,NVR_CMP_03_재구매,재구매,윈백,VID_적립혜택_봄_B_v1,8028,584,54841,65,50,3752965
2025-03-20,네이버,자체,NVR_CMP_03_재구매,재구매,윈백,CRS_신상품_봄_v1,8389,569,68190,52,42,3478707
2025-03-21,구글,외부,GGL_CMP_01_플러스가입,플러스가입,논타겟,VID_플러스멤버십_봄_A_v1,58118,1724,356230,191,56,2656401
2025-03-21,구글,외부,GGL_CMP_01_플러스가입,플러스가입,논타겟,IMG_플러스멤버십_봄_B_v1,61065,1220,277137,131,44,3087733
2025-03-21,구글,외부,GGL_CMP_01_플러스가입,플러스가입,논타겟,CRS_플러스멤버십_봄_v1,44417,1003,210226,140,35,1572577
2025-03-21,구글,외부,GGL_CMP_01_플러스가입,플러스가입,논타겟,IMG_적립혜택_봄_v2,58306,1967,314605,176,60,2733332
2025-03-21,구글,외부,GGL_CMP_01_플러스가입,플러스가입,유사타겟,VID_플러스멤버십_봄_A_v1,46012,1036,211326,137,37,2005967
2025-03-21,구글,외부,GGL_CMP_01_플러스가입,플러스가입,유사타겟,IMG_플러스멤버십_봄_B_v1,48009,1042,227022,138,41,1811473
2025-03-21,구글,외부,GGL_CMP_01_플러스가입,플러스가입,유사타겟,CRS_플러스멤버십_봄_v1,47018,1482,281929,203,47,2970616
2025-03-21,구글,외부,GGL_CMP_01_플러스가입,플러스가입,유사타겟,IMG_적립혜택_봄_v2,69065,1882,337685,245,78,3854209
2025-03-21,구글,외부,GGL_CMP_02_리타겟팅,리타겟팅,리마케팅,VID_할인쿠폰_봄_A_v1,33871,1320,171666,164,55,2593570
2025-03-21,구글,외부,GGL_CMP_02_리타겟팅,리타겟팅,리마케팅,IMG_할인쿠폰_봄_B_v1,41718,1780,266271,194,87,5390646
2025-03-21,구글,외부,GGL_CMP_02_리타겟팅,리타겟팅,리마케팅,CRS_특가_봄_v1,29252,1314,150834,138,72,4662544
2025-03-21,구글,외부,GGL_CMP_03_첫구매,첫구매,논타겟,VID_적립혜택_봄_A_v1,53404,1160,345906,94,28,1535786
2025-03-21,구글,외부,GGL_CMP_03_첫구매,첫구매,논타겟,IMG_적립혜택_봄_B_v1,63216,2047,392743,145,50,3551126
2025-03-21,구글,외부,GGL_CMP_03_첫구매,첫구매,논타겟,CRS_할인쿠폰_봄_v1,53876,1368,303086,99,27,1344421
2025-03-21,구글,외부,GGL_CMP_03_첫구매,첫구매,유사타겟,VID_적립혜택_봄_A_v1,44660,1426,212110,165,62,3887564
2025-03-21,구글,외부,GGL_CMP_03_첫구매,첫구매,유사타겟,IMG_적립혜택_봄_B_v1,56517,1408,288581,141,55,2793486
2025-03-21,구글,외부,GGL_CMP_03_첫구매,첫구매,유사타겟,CRS_할인쿠폰_봄_v1,61072,1821,365023,153,54,2923282
2025-03-21,메타,외부,META_CMP_01_신규유저,신규유저,논타겟,VID_플러스멤버십_봄_A_v1,45948,536,219335,42,11,465716
2025-03-21,메타,외부,META_CMP_01_신규유저,신규유저,논타겟,IMG_적립혜택_봄_B_v1,49692,602,243934,38,9,506282
2025-03-21,메타,외부,META_CMP_01_신규유저,신규유저,논타겟,CRS_플러스멤버십_봄_v1,52875,709,230528,52,11,604622
2025-03-21,메타,외부,META_CMP_02_룩얼라이크,룩얼라이크,유사타겟,VID_플러스멤버십_봄_A_v1,36371,686,149759,56,16,793882
2025-03-21,메타,외부,META_CMP_02_룩얼라이크,룩얼라이크,유사타겟,IMG_할인쿠폰_봄_B_v1,37024,584,161706,44,12,617108
2025-03-21,메타,외부,META_CMP_02_룩얼라이크,룩얼라이크,유사타겟,CRS_특가_봄_v1,42773,772,203925,58,13,794985
2025-03-21,메타,외부,META_CMP_03_재구매,재구매,VIP,IMG_배송혜택_봄_A_v1,13286,310,50336,16,10,611382
2025-03-21,메타,외부,META_CMP_03_재구매,재구매,VIP,VID_적립혜택_봄_B_v1,15773,305,57242,13,7,451935
2025-03-21,메타,외부,META_CMP_03_재구매,재구매,VIP,CRS_신상품_봄_v1,10382,187,40329,13,7,588735
2025-03-21,메타,외부,META_CMP_03_재구매,재구매,윈백,IMG_배송혜택_봄_A_v1,23810,555,80257,22,10,675739
2025-03-21,메타,외부,META_CMP_03_재구매,재구매,윈백,VID_적립혜택_봄_B_v1,26883,582,122711,25,16,1318463
2025-03-21,메타,외부,META_CMP_03_재구매,재구매,윈백,CRS_신상품_봄_v1,16300,399,80178,27,13,1076804
2025-03-21,네이버,자체,NVR_CMP_01_브랜드KW,브랜드KW,논타겟,TXT_플러스멤버십_봄_A_v1,7021,812,62693,206,88,4834569
2025-03-21,네이버,자체,NVR_CMP_02_일반KW,일반KW,논타겟,TXT_할인쿠폰_봄_A_v1,12077,782,106683,151,54,4296525
2025-03-21,네이버,자체,NVR_CMP_02_일반KW,일반KW,논타겟,TXT_플러스멤버십_봄_B_v1,10193,702,95052,90,31,2317328
2025-03-21,네이버,자체,NVR_CMP_03_재구매,재구매,VIP,IMG_배송혜택_봄_A_v1,5467,283,50038,26,13,1448228
2025-03-21,네이버,자체,NVR_CMP_03_재구매,재구매,VIP,VID_적립혜택_봄_B_v1,5585,246,49276,16,11,1110355
2025-03-21,네이버,자체,NVR_CMP_03_재구매,재구매,VIP,CRS_신상품_봄_v1,4049,224,30294,19,12,1346198
2025-03-21,네이버,자체,NVR_CMP_03_재구매,재구매,윈백,IMG_배송혜택_봄_A_v1,7201,452,57600,50,43,3375160
2025-03-21,네이버,자체,NVR_CMP_03_재구매,재구매,윈백,VID_적립혜택_봄_B_v1,8981,521,70733,50,34,2901187
2025-03-21,네이버,자체,NVR_CMP_03_재구매,재구매,윈백,CRS_신상품_봄_v1,10488,462,75743,46,33,2606688
2025-03-22,구글,외부,GGL_CMP_01_플러스가입,플러스가입,논타겟,VID_플러스멤버십_봄_A_v1,48661,1080,298320,153,33,2003583
2025-03-22,구글,외부,GGL_CMP_01_플러스가입,플러스가입,논타겟,IMG_플러스멤버십_봄_B_v1,50305,995,229642,97,20,1049371
2025-03-22,구글,외부,GGL_CMP_01_플러스가입,플러스가입,논타겟,CRS_플러스멤버십_봄_v1,52927,1454,251076,126,44,2666487
2025-03-22,구글,외부,GGL_CMP_01_플러스가입,플러스가입,논타겟,IMG_적립혜택_봄_v2,48680,1245,301933,173,55,3484854
2025-03-22,구글,외부,GGL_CMP_01_플러스가입,플러스가입,유사타겟,VID_플러스멤버십_봄_A_v1,42999,891,282019,103,28,1942045
2025-03-22,구글,외부,GGL_CMP_01_플러스가입,플러스가입,유사타겟,IMG_플러스멤버십_봄_B_v1,34596,924,226645,113,28,1266691
2025-03-22,구글,외부,GGL_CMP_01_플러스가입,플러스가입,유사타겟,CRS_플러스멤버십_봄_v1,45572,920,251540,100,28,1987305
2025-03-22,구글,외부,GGL_CMP_01_플러스가입,플러스가입,유사타겟,IMG_적립혜택_봄_v2,45323,1435,235719,209,54,2666271
2025-03-22,구글,외부,GGL_CMP_02_리타겟팅,리타겟팅,리마케팅,VID_할인쿠폰_봄_A_v1,22309,864,102865,119,59,2929589
2025-03-22,구글,외부,GGL_CMP_02_리타겟팅,리타겟팅,리마케팅,IMG_할인쿠폰_봄_B_v1,31676,1058,163091,114,57,3867780
2025-03-22,구글,외부,GGL_CMP_02_리타겟팅,리타겟팅,리마케팅,CRS_특가_봄_v1,25102,970,136641,132,59,4196288
2025-03-22,구글,외부,GGL_CMP_03_첫구매,첫구매,논타겟,VID_적립혜택_봄_A_v1,49399,1567,316883,182,67,3793147
2025-03-22,구글,외부,GGL_CMP_03_첫구매,첫구매,논타겟,IMG_적립혜택_봄_B_v1,49656,1358,315169,141,50,3015483
2025-03-22,구글,외부,GGL_CMP_03_첫구매,첫구매,논타겟,CRS_할인쿠폰_봄_v1,47225,1099,234728,103,34,2100833
2025-03-22,구글,외부,GGL_CMP_03_첫구매,첫구매,유사타겟,VID_적립혜택_봄_A_v1,35683,861,176846,69,19,1286592
2025-03-22,구글,외부,GGL_CMP_03_첫구매,첫구매,유사타겟,IMG_적립혜택_봄_B_v1,43737,769,262201,76,34,2274158
2025-03-22,구글,외부,GGL_CMP_03_첫구매,첫구매,유사타겟,CRS_할인쿠폰_봄_v1,29542,712,182937,55,26,1283991
2025-03-22,메타,외부,META_CMP_01_신규유저,신규유저,논타겟,VID_플러스멤버십_봄_A_v1,25805,426,126802,31,5,251616
2025-03-22,메타,외부,META_CMP_01_신규유저,신규유저,논타겟,IMG_적립혜택_봄_B_v1,22860,463,107972,23,4,164983
2025-03-22,메타,외부,META_CMP_01_신규유저,신규유저,논타겟,CRS_플러스멤버십_봄_v1,38680,520,182652,40,10,436443
2025-03-22,메타,외부,META_CMP_02_룩얼라이크,룩얼라이크,유사타겟,VID_플러스멤버십_봄_A_v1,26405,484,116741,35,7,317747
2025-03-22,메타,외부,META_CMP_02_룩얼라이크,룩얼라이크,유사타겟,IMG_할인쿠폰_봄_B_v1,40908,936,164535,69,12,523702
2025-03-22,메타,외부,META_CMP_02_룩얼라이크,룩얼라이크,유사타겟,CRS_특가_봄_v1,32830,581,116456,47,13,720318
2025-03-22,메타,외부,META_CMP_03_재구매,재구매,VIP,IMG_배송혜택_봄_A_v1,7118,134,29767,5,2,114923
2025-03-22,메타,외부,META_CMP_03_재구매,재구매,VIP,VID_적립혜택_봄_B_v1,8102,232,33699,14,5,301780
2025-03-22,메타,외부,META_CMP_03_재구매,재구매,VIP,CRS_신상품_봄_v1,7833,163,37665,8,4,278619
2025-03-22,메타,외부,META_CMP_03_재구매,재구매,윈백,IMG_배송혜택_봄_A_v1,14275,385,63344,17,6,475882
2025-03-22,메타,외부,META_CMP_03_재구매,재구매,윈백,VID_적립혜택_봄_B_v1,18171,313,63655,21,11,842761
2025-03-22,메타,외부,META_CMP_03_재구매,재구매,윈백,CRS_신상품_봄_v1,14796,262,55144,11,4,277095
2025-03-22,네이버,자체,NVR_CMP_01_브랜드KW,브랜드KW,논타겟,TXT_플러스멤버십_봄_A_v1,7447,1125,70682,336,149,10218837
2025-03-22,네이버,자체,NVR_CMP_02_일반KW,일반KW,논타겟,TXT_할인쿠폰_봄_A_v1,12167,979,80444,111,50,3106916
2025-03-22,네이버,자체,NVR_CMP_02_일반KW,일반KW,논타겟,TXT_플러스멤버십_봄_B_v1,6846,400,53784,51,20,1392202
2025-03-22,네이버,자체,NVR_CMP_03_재구매,재구매,VIP,IMG_배송혜택_봄_A_v1,2860,142,26005,12,6,658732
2025-03-22,네이버,자체,NVR_CMP_03_재구매,재구매,VIP,VID_적립혜택_봄_B_v1,4967,311,39406,30,22,1708272
2025-03-22,네이버,자체,NVR_CMP_03_재구매,재구매,VIP,CRS_신상품_봄_v1,4446,242,42483,19,16,1408258
2025-03-22,네이버,자체,NVR_CMP_03_재구매,재구매,윈백,IMG_배송혜택_봄_A_v1,8565,649,79175,64,49,5318626
2025-03-22,네이버,자체,NVR_CMP_03_재구매,재구매,윈백,VID_적립혜택_봄_B_v1,8660,364,72781,32,15,1505923
2025-03-22,네이버,자체,NVR_CMP_03_재구매,재구매,윈백,CRS_신상품_봄_v1,7735,359,70132,37,32,3065153
2025-03-23,구글,외부,GGL_CMP_01_플러스가입,플러스가입,논타겟,VID_플러스멤버십_봄_A_v1,52620,1727,250644,171,55,3024320
2025-03-23,구글,외부,GGL_CMP_01_플러스가입,플러스가입,논타겟,IMG_플러스멤버십_봄_B_v1,44781,948,231835,131,42,2776978
2025-03-23,구글,외부,GGL_CMP_01_플러스가입,플러스가입,논타겟,CRS_플러스멤버십_봄_v1,50317,1489,260945,131,45,2383867
2025-03-23,구글,외부,GGL_CMP_01_플러스가입,플러스가입,논타겟,IMG_적립혜택_봄_v2,32340,643,213210,91,30,1424210
2025-03-23,구글,외부,GGL_CMP_01_플러스가입,플러스가입,유사타겟,VID_플러스멤버십_봄_A_v1,29680,687,193779,100,24,1406253
2025-03-23,구글,외부,GGL_CMP_01_플러스가입,플러스가입,유사타겟,IMG_플러스멤버십_봄_B_v1,49282,1436,312790,176,48,3099979
2025-03-23,구글,외부,GGL_CMP_01_플러스가입,플러스가입,유사타겟,CRS_플러스멤버십_봄_v1,41900,879,263452,105,28,1893863
2025-03-23,구글,외부,GGL_CMP_01_플러스가입,플러스가입,유사타겟,IMG_적립혜택_봄_v2,49960,1445,315236,128,31,2106376
2025-03-23,구글,외부,GGL_CMP_02_리타겟팅,리타겟팅,리마케팅,VID_할인쿠폰_봄_A_v1,25135,997,129204,97,31,1409726
2025-03-23,구글,외부,GGL_CMP_02_리타겟팅,리타겟팅,리마케팅,IMG_할인쿠폰_봄_B_v1,26540,1121,132062,121,50,3128409
2025-03-23,구글,외부,GGL_CMP_02_리타겟팅,리타겟팅,리마케팅,CRS_특가_봄_v1,21508,860,136501,112,57,3308084
2025-03-23,구글,외부,GGL_CMP_03_첫구매,첫구매,논타겟,VID_적립혜택_봄_A_v1,34748,781,186804,85,35,2076327
2025-03-23,구글,외부,GGL_CMP_03_첫구매,첫구매,논타겟,IMG_적립혜택_봄_B_v1,37989,854,209840,93,36,2517556
2025-03-23,구글,외부,GGL_CMP_03_첫구매,첫구매,논타겟,CRS_할인쿠폰_봄_v1,47874,1162,262954,104,37,2768889
2025-03-23,구글,외부,GGL_CMP_03_첫구매,첫구매,유사타겟,VID_적립혜택_봄_A_v1,39947,1209,240507,129,42,2790189
2025-03-23,구글,외부,GGL_CMP_03_첫구매,첫구매,유사타겟,IMG_적립혜택_봄_B_v1,37065,851,243265,78,26,1799503
2025-03-23,구글,외부,GGL_CMP_03_첫구매,첫구매,유사타겟,CRS_할인쿠폰_봄_v1,31486,752,152218,70,32,2186703
2025-03-23,메타,외부,META_CMP_01_신규유저,신규유저,논타겟,VID_플러스멤버십_봄_A_v1,39090,796,182338,53,10,532206
2025-03-23,메타,외부,META_CMP_01_신규유저,신규유저,논타겟,IMG_적립혜택_봄_B_v1,40680,655,183126,43,7,265375
2025-03-23,메타,외부,META_CMP_01_신규유저,신규유저,논타겟,CRS_플러스멤버십_봄_v1,27272,440,134193,36,5,214652
2025-03-23,메타,외부,META_CMP_02_룩얼라이크,룩얼라이크,유사타겟,VID_플러스멤버십_봄_A_v1,33815,548,160814,52,15,920958
2025-03-23,메타,외부,META_CMP_02_룩얼라이크,룩얼라이크,유사타겟,IMG_할인쿠폰_봄_B_v1,29099,671,129941,57,17,821961
2025-03-23,메타,외부,META_CMP_02_룩얼라이크,룩얼라이크,유사타겟,CRS_특가_봄_v1,22197,516,102320,29,7,396334
2025-03-23,메타,외부,META_CMP_03_재구매,재구매,VIP,IMG_배송혜택_봄_A_v1,8483,195,33078,8,4,292869
2025-03-23,메타,외부,META_CMP_03_재구매,재구매,VIP,VID_적립혜택_봄_B_v1,11028,276,54942,18,9,610918
2025-03-23,메타,외부,META_CMP_03_재구매,재구매,VIP,CRS_신상품_봄_v1,9712,247,33031,10,4,321223
2025-03-23,메타,외부,META_CMP_03_재구매,재구매,윈백,IMG_배송혜택_봄_A_v1,12958,220,52375,8,4,240557
2025-03-23,메타,외부,META_CMP_03_재구매,재구매,윈백,VID_적립혜택_봄_B_v1,13321,328,48897,12,6,370178
2025-03-23,메타,외부,META_CMP_03_재구매,재구매,윈백,CRS_신상품_봄_v1,20021,485,87954,27,11,938461
2025-03-23,네이버,자체,NVR_CMP_01_브랜드KW,브랜드KW,논타겟,TXT_플러스멤버십_봄_A_v1,6361,986,46267,285,116,6360217
2025-03-23,네이버,자체,NVR_CMP_02_일반KW,일반KW,논타겟,TXT_할인쿠폰_봄_A_v1,10827,826,79413,111,48,2995386
2025-03-23,네이버,자체,NVR_CMP_02_일반KW,일반KW,논타겟,TXT_플러스멤버십_봄_B_v1,10961,1028,96865,169,62,3535745
2025-03-23,네이버,자체,NVR_CMP_03_재구매,재구매,VIP,IMG_배송혜택_봄_A_v1,4170,235,38094,19,13,1078242
2025-03-23,네이버,자체,NVR_CMP_03_재구매,재구매,VIP,VID_적립혜택_봄_B_v1,3768,234,35965,23,18,1444689
2025-03-23,네이버,자체,NVR_CMP_03_재구매,재구매,VIP,CRS_신상품_봄_v1,3185,199,20488,15,9,935067
2025-03-23,네이버,자체,NVR_CMP_03_재구매,재구매,윈백,IMG_배송혜택_봄_A_v1,5811,432,44417,39,35,3219308
2025-03-23,네이버,자체,NVR_CMP_03_재구매,재구매,윈백,VID_적립혜택_봄_B_v1,5288,361,36312,38,28,3128864
2025-03-23,네이버,자체,NVR_CMP_03_재구매,재구매,윈백,CRS_신상품_봄_v1,8383,409,59225,38,27,2191080
2025-03-24,구글,외부,GGL_CMP_01_플러스가입,플러스가입,논타겟,VID_플러스멤버십_봄_A_v1,54734,1325,347186,156,37,2138218
2025-03-24,구글,외부,GGL_CMP_01_플러스가입,플러스가입,논타겟,IMG_플러스멤버십_봄_B_v1,61154,2098,312877,286,84,5201487
2025-03-24,구글,외부,GGL_CMP_01_플러스가입,플러스가입,논타겟,CRS_플러스멤버십_봄_v1,55079,1570,242606,226,55,3705215
2025-03-24,구글,외부,GGL_CMP_01_플러스가입,플러스가입,논타겟,IMG_적립혜택_봄_v2,47117,1105,269681,107,27,1354462
2025-03-24,구글,외부,GGL_CMP_01_플러스가입,플러스가입,유사타겟,VID_플러스멤버십_봄_A_v1,50219,1698,309309,160,31,1492664
2025-03-24,구글,외부,GGL_CMP_01_플러스가입,플러스가입,유사타겟,IMG_플러스멤버십_봄_B_v1,41791,1058,188543,110,32,1489565
2025-03-24,구글,외부,GGL_CMP_01_플러스가입,플러스가입,유사타겟,CRS_플러스멤버십_봄_v1,49730,1264,229893,123,40,2362063
2025-03-24,구글,외부,GGL_CMP_01_플러스가입,플러스가입,유사타겟,IMG_적립혜택_봄_v2,44625,995,251589,142,37,2058722
2025-03-24,구글,외부,GGL_CMP_02_리타겟팅,리타겟팅,리마케팅,VID_할인쿠폰_봄_A_v1,36798,938,184510,83,38,1673634
2025-03-24,구글,외부,GGL_CMP_02_리타겟팅,리타겟팅,리마케팅,IMG_할인쿠폰_봄_B_v1,24632,1029,110723,102,35,1618464
2025-03-24,구글,외부,GGL_CMP_02_리타겟팅,리타겟팅,리마케팅,CRS_특가_봄_v1,41282,1514,251266,149,71,3775651
2025-03-24,구글,외부,GGL_CMP_03_첫구매,첫구매,논타겟,VID_적립혜택_봄_A_v1,52664,1677,324616,125,60,3818397
2025-03-24,구글,외부,GGL_CMP_03_첫구매,첫구매,논타겟,IMG_적립혜택_봄_B_v1,54311,1681,324943,117,33,1673876
2025-03-24,구글,외부,GGL_CMP_03_첫구매,첫구매,논타겟,CRS_할인쿠폰_봄_v1,51747,1361,260417,144,46,2866352
2025-03-24,구글,외부,GGL_CMP_03_첫구매,첫구매,유사타겟,VID_적립혜택_봄_A_v1,47852,896,223841,70,32,1722667
2025-03-24,구글,외부,GGL_CMP_03_첫구매,첫구매,유사타겟,IMG_적립혜택_봄_B_v1,45141,848,239717,69,27,1648626
2025-03-24,구글,외부,GGL_CMP_03_첫구매,첫구매,유사타겟,CRS_할인쿠폰_봄_v1,53577,1049,242120,79,33,2069441
2025-03-24,메타,외부,META_CMP_01_신규유저,신규유저,논타겟,VID_플러스멤버십_봄_A_v1,51809,766,239212,64,15,696525
2025-03-24,메타,외부,META_CMP_01_신규유저,신규유저,논타겟,IMG_적립혜택_봄_B_v1,31315,376,114574,29,4,180856
2025-03-24,메타,외부,META_CMP_01_신규유저,신규유저,논타겟,CRS_플러스멤버십_봄_v1,38597,736,166928,43,10,417546
2025-03-24,메타,외부,META_CMP_02_룩얼라이크,룩얼라이크,유사타겟,VID_플러스멤버십_봄_A_v1,47061,1085,226978,79,19,755165
2025-03-24,메타,외부,META_CMP_02_룩얼라이크,룩얼라이크,유사타겟,IMG_할인쿠폰_봄_B_v1,42705,552,162961,39,8,451176
2025-03-24,메타,외부,META_CMP_02_룩얼라이크,룩얼라이크,유사타겟,CRS_특가_봄_v1,43853,620,149889,35,10,601420
2025-03-24,메타,외부,META_CMP_03_재구매,재구매,VIP,IMG_배송혜택_봄_A_v1,9564,238,35194,12,5,310432
2025-03-24,메타,외부,META_CMP_03_재구매,재구매,VIP,VID_적립혜택_봄_B_v1,14177,305,54843,16,9,484716
2025-03-24,메타,외부,META_CMP_03_재구매,재구매,VIP,CRS_신상품_봄_v1,10812,245,44484,14,5,400896
2025-03-24,메타,외부,META_CMP_03_재구매,재구매,윈백,IMG_배송혜택_봄_A_v1,25018,529,113485,31,15,1149100
2025-03-24,메타,외부,META_CMP_03_재구매,재구매,윈백,VID_적립혜택_봄_B_v1,21824,501,89794,33,16,1064814
2025-03-24,메타,외부,META_CMP_03_재구매,재구매,윈백,CRS_신상품_봄_v1,22314,520,102697,37,21,1297584
2025-03-24,네이버,자체,NVR_CMP_01_브랜드KW,브랜드KW,논타겟,TXT_플러스멤버십_봄_A_v1,8260,1332,55083,296,180,10982137
2025-03-24,네이버,자체,NVR_CMP_02_일반KW,일반KW,논타겟,TXT_할인쿠폰_봄_A_v1,11660,1025,75666,169,77,5544243
2025-03-24,네이버,자체,NVR_CMP_02_일반KW,일반KW,논타겟,TXT_플러스멤버십_봄_B_v1,15836,1567,143311,314,108,6035211
2025-03-24,네이버,자체,NVR_CMP_03_재구매,재구매,VIP,IMG_배송혜택_봄_A_v1,6989,498,44880,40,22,1539471
2025-03-24,네이버,자체,NVR_CMP_03_재구매,재구매,VIP,VID_적립혜택_봄_B_v1,6116,347,50513,39,25,2560694
2025-03-24,네이버,자체,NVR_CMP_03_재구매,재구매,VIP,CRS_신상품_봄_v1,6433,278,52722,26,22,2233758
2025-03-24,네이버,자체,NVR_CMP_03_재구매,재구매,윈백,IMG_배송혜택_봄_A_v1,10827,666,71649,55,40,4191713
2025-03-24,네이버,자체,NVR_CMP_03_재구매,재구매,윈백,VID_적립혜택_봄_B_v1,7034,458,60026,44,27,2863889
2025-03-24,네이버,자체,NVR_CMP_03_재구매,재구매,윈백,CRS_신상품_봄_v1,10896,746,72685,78,53,5285079
2025-03-25,구글,외부,GGL_CMP_01_플러스가입,플러스가입,논타겟,VID_플러스멤버십_봄_A_v1,52584,1581,316427,230,76,3402878
2025-03-25,구글,외부,GGL_CMP_01_플러스가입,플러스가입,논타겟,IMG_플러스멤버십_봄_B_v1,51381,1665,303603,252,113,5435938
2025-03-25,구글,외부,GGL_CMP_01_플러스가입,플러스가입,논타겟,CRS_플러스멤버십_봄_v1,50657,1175,326252,165,78,4853911
2025-03-25,구글,외부,GGL_CMP_01_플러스가입,플러스가입,논타겟,IMG_적립혜택_봄_v2,50106,1004,259811,112,48,3272650
2025-03-25,구글,외부,GGL_CMP_01_플러스가입,플러스가입,유사타겟,VID_플러스멤버십_봄_A_v1,42481,909,197478,120,38,2141491
2025-03-25,구글,외부,GGL_CMP_01_플러스가입,플러스가입,유사타겟,IMG_플러스멤버십_봄_B_v1,71001,2454,416539,363,149,7813502
2025-03-25,구글,외부,GGL_CMP_01_플러스가입,플러스가입,유사타겟,CRS_플러스멤버십_봄_v1,63306,1403,298685,118,33,1633633
2025-03-25,구글,외부,GGL_CMP_01_플러스가입,플러스가입,유사타겟,IMG_적립혜택_봄_v2,43407,1415,201680,124,44,2644174
2025-03-25,구글,외부,GGL_CMP_02_리타겟팅,리타겟팅,리마케팅,VID_할인쿠폰_봄_A_v1,24610,998,134185,89,50,2740807
2025-03-25,구글,외부,GGL_CMP_02_리타겟팅,리타겟팅,리마케팅,IMG_할인쿠폰_봄_B_v1,27696,870,142060,89,45,2147992
2025-03-25,구글,외부,GGL_CMP_02_리타겟팅,리타겟팅,리마케팅,CRS_특가_봄_v1,33082,889,186211,90,68,4093867
2025-03-25,구글,외부,GGL_CMP_03_첫구매,첫구매,논타겟,VID_적립혜택_봄_A_v1,43951,853,249370,57,33,2106989
2025-03-25,구글,외부,GGL_CMP_03_첫구매,첫구매,논타겟,IMG_적립혜택_봄_B_v1,47637,1348,298054,112,70,4760928
2025-03-25,구글,외부,GGL_CMP_03_첫구매,첫구매,논타겟,CRS_할인쿠폰_봄_v1,54423,1642,248905,130,52,2714273
2025-03-25,구글,외부,GGL_CMP_03_첫구매,첫구매,유사타겟,VID_적립혜택_봄_A_v1,55095,1539,250746,124,61,4533869
2025-03-25,구글,외부,GGL_CMP_03_첫구매,첫구매,유사타겟,IMG_적립혜택_봄_B_v1,55513,1581,267229,150,99,6141355
2025-03-25,구글,외부,GGL_CMP_03_첫구매,첫구매,유사타겟,CRS_할인쿠폰_봄_v1,45082,856,251506,95,60,4676312
2025-03-25,메타,외부,META_CMP_01_신규유저,신규유저,논타겟,VID_플러스멤버십_봄_A_v1,48527,657,238277,49,13,711912
2025-03-25,메타,외부,META_CMP_01_신규유저,신규유저,논타겟,IMG_적립혜택_봄_B_v1,41666,775,173173,58,16,890656
2025-03-25,메타,외부,META_CMP_01_신규유저,신규유저,논타겟,CRS_플러스멤버십_봄_v1,49552,805,239527,60,20,1157357
2025-03-25,메타,외부,META_CMP_02_룩얼라이크,룩얼라이크,유사타겟,VID_플러스멤버십_봄_A_v1,45216,689,185980,67,19,869448
2025-03-25,메타,외부,META_CMP_02_룩얼라이크,룩얼라이크,유사타겟,IMG_할인쿠폰_봄_B_v1,41987,916,162207,65,16,649923
2025-03-25,메타,외부,META_CMP_02_룩얼라이크,룩얼라이크,유사타겟,CRS_특가_봄_v1,33466,489,159233,33,10,483894
2025-03-25,메타,외부,META_CMP_03_재구매,재구매,VIP,IMG_배송혜택_봄_A_v1,11403,226,45774,14,7,532401
2025-03-25,메타,외부,META_CMP_03_재구매,재구매,VIP,VID_적립혜택_봄_B_v1,12182,313,45620,16,13,1100005
2025-03-25,메타,외부,META_CMP_03_재구매,재구매,VIP,CRS_신상품_봄_v1,13999,370,48228,15,12,1018619
2025-03-25,메타,외부,META_CMP_03_재구매,재구매,윈백,IMG_배송혜택_봄_A_v1,24449,437,89948,19,11,873196
2025-03-25,메타,외부,META_CMP_03_재구매,재구매,윈백,VID_적립혜택_봄_B_v1,22677,526,91409,27,13,964180
2025-03-25,메타,외부,META_CMP_03_재구매,재구매,윈백,CRS_신상품_봄_v1,26132,527,96221,32,21,1382733
2025-03-25,네이버,자체,NVR_CMP_01_브랜드KW,브랜드KW,논타겟,TXT_플러스멤버십_봄_A_v1,10620,1061,98716,284,256,18785446
2025-03-25,네이버,자체,NVR_CMP_02_일반KW,일반KW,논타겟,TXT_할인쿠폰_봄_A_v1,12968,1091,112205,137,87,5913573
2025-03-25,네이버,자체,NVR_CMP_02_일반KW,일반KW,논타겟,TXT_플러스멤버십_봄_B_v1,9595,676,78922,131,60,3185999
2025-03-25,네이버,자체,NVR_CMP_03_재구매,재구매,VIP,IMG_배송혜택_봄_A_v1,6895,450,52882,45,35,2614194
2025-03-25,네이버,자체,NVR_CMP_03_재구매,재구매,VIP,VID_적립혜택_봄_B_v1,6465,450,42008,41,49,3726115
2025-03-25,네이버,자체,NVR_CMP_03_재구매,재구매,VIP,CRS_신상품_봄_v1,5783,338,54783,30,27,2223250
2025-03-25,네이버,자체,NVR_CMP_03_재구매,재구매,윈백,IMG_배송혜택_봄_A_v1,9539,473,72820,55,48,4596936
2025-03-25,네이버,자체,NVR_CMP_03_재구매,재구매,윈백,VID_적립혜택_봄_B_v1,9414,714,89370,55,42,3123694
2025-03-25,네이버,자체,NVR_CMP_03_재구매,재구매,윈백,CRS_신상품_봄_v1,7999,366,53813,33,39,4007234
2025-03-26,구글,외부,GGL_CMP_01_플러스가입,플러스가입,논타겟,VID_플러스멤버십_봄_A_v1,62103,1208,290384,173,57,3951880
2025-03-26,구글,외부,GGL_CMP_01_플러스가입,플러스가입,논타겟,IMG_플러스멤버십_봄_B_v1,46508,1494,205661,136,31,2075865
2025-03-26,구글,외부,GGL_CMP_01_플러스가입,플러스가입,논타겟,CRS_플러스멤버십_봄_v1,64894,2120,353217,178,55,3356357
2025-03-26,구글,외부,GGL_CMP_01_플러스가입,플러스가입,논타겟,IMG_적립혜택_봄_v2,57971,1627,336669,237,61,3346845
2025-03-26,구글,외부,GGL_CMP_01_플러스가입,플러스가입,유사타겟,VID_플러스멤버십_봄_A_v1,67050,1829,314800,154,45,2200866
2025-03-26,구글,외부,GGL_CMP_01_플러스가입,플러스가입,유사타겟,IMG_플러스멤버십_봄_B_v1,61565,2081,321050,181,54,3585347
2025-03-26,구글,외부,GGL_CMP_01_플러스가입,플러스가입,유사타겟,CRS_플러스멤버십_봄_v1,47860,1286,313204,136,29,1552218
2025-03-26,구글,외부,GGL_CMP_01_플러스가입,플러스가입,유사타겟,IMG_적립혜택_봄_v2,58056,1316,278166,199,51,3259295
2025-03-26,구글,외부,GGL_CMP_02_리타겟팅,리타겟팅,리마케팅,VID_할인쿠폰_봄_A_v1,26768,968,123868,107,56,3251385
2025-03-26,구글,외부,GGL_CMP_02_리타겟팅,리타겟팅,리마케팅,IMG_할인쿠폰_봄_B_v1,26394,1109,148029,114,36,2459792
2025-03-26,구글,외부,GGL_CMP_02_리타겟팅,리타겟팅,리마케팅,CRS_특가_봄_v1,30075,1314,183494,119,54,3270096
2025-03-26,구글,외부,GGL_CMP_03_첫구매,첫구매,논타겟,VID_적립혜택_봄_A_v1,57593,1169,263656,85,28,1954121
2025-03-26,구글,외부,GGL_CMP_03_첫구매,첫구매,논타겟,IMG_적립혜택_봄_B_v1,71389,1252,389418,79,31,2362029
2025-03-26,구글,외부,GGL_CMP_03_첫구매,첫구매,논타겟,CRS_할인쿠폰_봄_v1,64648,1518,395705,133,52,3624741
2025-03-26,구글,외부,GGL_CMP_03_첫구매,첫구매,유사타겟,VID_적립혜택_봄_A_v1,65291,2035,338761,195,90,5860031
2025-03-26,구글,외부,GGL_CMP_03_첫구매,첫구매,유사타겟,IMG_적립혜택_봄_B_v1,57729,1301,278919,141,44,2175611
2025-03-26,구글,외부,GGL_CMP_03_첫구매,첫구매,유사타겟,CRS_할인쿠폰_봄_v1,45369,1262,210576,130,63,3238826
2025-03-26,메타,외부,META_CMP_01_신규유저,신규유저,논타겟,VID_플러스멤버십_봄_A_v1,54028,1036,220463,68,13,653682
2025-03-26,메타,외부,META_CMP_01_신규유저,신규유저,논타겟,IMG_적립혜택_봄_B_v1,35381,704,172710,38,7,322361
2025-03-26,메타,외부,META_CMP_01_신규유저,신규유저,논타겟,CRS_플러스멤버십_봄_v1,53605,628,243996,54,14,565778
2025-03-26,메타,외부,META_CMP_02_룩얼라이크,룩얼라이크,유사타겟,VID_플러스멤버십_봄_A_v1,30990,655,131529,54,15,846042
2025-03-26,메타,외부,META_CMP_02_룩얼라이크,룩얼라이크,유사타겟,IMG_할인쿠폰_봄_B_v1,50860,816,182769,74,13,549504
2025-03-26,메타,외부,META_CMP_02_룩얼라이크,룩얼라이크,유사타겟,CRS_특가_봄_v1,41950,898,145909,61,18,780124
2025-03-26,메타,외부,META_CMP_03_재구매,재구매,VIP,IMG_배송혜택_봄_A_v1,11864,356,40936,19,11,880191
2025-03-26,메타,외부,META_CMP_03_재구매,재구매,VIP,VID_적립혜택_봄_B_v1,14974,357,63128,14,7,446372
2025-03-26,메타,외부,META_CMP_03_재구매,재구매,VIP,CRS_신상품_봄_v1,9795,229,37923,14,4,226765
2025-03-26,메타,외부,META_CMP_03_재구매,재구매,윈백,IMG_배송혜택_봄_A_v1,22693,521,93237,34,13,1030624
2025-03-26,메타,외부,META_CMP_03_재구매,재구매,윈백,VID_적립혜택_봄_B_v1,14835,381,73837,18,9,684721
2025-03-26,메타,외부,META_CMP_03_재구매,재구매,윈백,CRS_신상품_봄_v1,15246,327,73530,21,9,603317
2025-03-26,네이버,자체,NVR_CMP_01_브랜드KW,브랜드KW,논타겟,TXT_플러스멤버십_봄_A_v1,8115,986,71287,246,100,7913763
2025-03-26,네이버,자체,NVR_CMP_02_일반KW,일반KW,논타겟,TXT_할인쿠폰_봄_A_v1,10574,1092,81995,207,88,4720740
2025-03-26,네이버,자체,NVR_CMP_02_일반KW,일반KW,논타겟,TXT_플러스멤버십_봄_B_v1,14873,1276,131287,251,99,7105699
2025-03-26,네이버,자체,NVR_CMP_03_재구매,재구매,VIP,IMG_배송혜택_봄_A_v1,5198,280,34325,26,17,1236889
2025-03-26,네이버,자체,NVR_CMP_03_재구매,재구매,VIP,VID_적립혜택_봄_B_v1,4503,256,37982,19,11,991345
2025-03-26,네이버,자체,NVR_CMP_03_재구매,재구매,VIP,CRS_신상품_봄_v1,6175,341,49594,39,29,3008514
2025-03-26,네이버,자체,NVR_CMP_03_재구매,재구매,윈백,IMG_배송혜택_봄_A_v1,10002,584,95202,61,49,4950542
2025-03-26,네이버,자체,NVR_CMP_03_재구매,재구매,윈백,VID_적립혜택_봄_B_v1,8916,464,66519,36,26,2671183
2025-03-26,네이버,자체,NVR_CMP_03_재구매,재구매,윈백,CRS_신상품_봄_v1,6478,470,58608,47,38,3601076
2025-03-27,구글,외부,GGL_CMP_01_플러스가입,플러스가입,논타겟,VID_플러스멤버십_봄_A_v1,52049,1445,326054,209,39,2763962
2025-03-27,구글,외부,GGL_CMP_01_플러스가입,플러스가입,논타겟,IMG_플러스멤버십_봄_B_v1,53635,1613,257931,209,51,3201124
2025-03-27,구글,외부,GGL_CMP_01_플러스가입,플러스가입,논타겟,CRS_플러스멤버십_봄_v1,47819,1519,214192,205,69,4379821
2025-03-27,구글,외부,GGL_CMP_01_플러스가입,플러스가입,논타겟,IMG_적립혜택_봄_v2,55845,1970,317937,282,82,5631835
2025-03-27,구글,외부,GGL_CMP_01_플러스가입,플러스가입,유사타겟,VID_플러스멤버십_봄_A_v1,62928,1684,296243,216,73,3255490
2025-03-27,구글,외부,GGL_CMP_01_플러스가입,플러스가입,유사타겟,IMG_플러스멤버십_봄_B_v1,42618,942,225260,122,30,1725719
2025-03-27,구글,외부,GGL_CMP_01_플러스가입,플러스가입,유사타겟,CRS_플러스멤버십_봄_v1,39258,1205,199563,134,35,2042248
2025-03-27,구글,외부,GGL_CMP_01_플러스가입,플러스가입,유사타겟,IMG_적립혜택_봄_v2,48147,1581,313659,136,31,1831693
2025-03-27,구글,외부,GGL_CMP_02_리타겟팅,리타겟팅,리마케팅,VID_할인쿠폰_봄_A_v1,32271,1318,158388,113,49,2219340
2025-03-27,구글,외부,GGL_CMP_02_리타겟팅,리타겟팅,리마케팅,IMG_할인쿠폰_봄_B_v1,27936,865,146040,89,40,2851065
2025-03-27,구글,외부,GGL_CMP_02_리타겟팅,리타겟팅,리마케팅,CRS_특가_봄_v1,36550,1474,212209,116,61,3065764
2025-03-27,구글,외부,GGL_CMP_03_첫구매,첫구매,논타겟,VID_적립혜택_봄_A_v1,62942,1982,356347,152,71,3781852
2025-03-27,구글,외부,GGL_CMP_03_첫구매,첫구매,논타겟,IMG_적립혜택_봄_B_v1,69351,1413,319371,121,60,3348785
2025-03-27,구글,외부,GGL_CMP_03_첫구매,첫구매,논타겟,CRS_할인쿠폰_봄_v1,65414,1239,401100,89,31,1576051
2025-03-27,구글,외부,GGL_CMP_03_첫구매,첫구매,유사타겟,VID_적립혜택_봄_A_v1,63544,1370,381483,97,46,3348039
2025-03-27,구글,외부,GGL_CMP_03_첫구매,첫구매,유사타겟,IMG_적립혜택_봄_B_v1,61231,1264,288016,85,36,1911016
2025-03-27,구글,외부,GGL_CMP_03_첫구매,첫구매,유사타겟,CRS_할인쿠폰_봄_v1,42246,1269,269621,123,34,1657510
2025-03-27,메타,외부,META_CMP_01_신규유저,신규유저,논타겟,VID_플러스멤버십_봄_A_v1,49158,729,175791,38,9,382652
2025-03-27,메타,외부,META_CMP_01_신규유저,신규유저,논타겟,IMG_적립혜택_봄_B_v1,53245,991,211601,56,10,395828
2025-03-27,메타,외부,META_CMP_01_신규유저,신규유저,논타겟,CRS_플러스멤버십_봄_v1,46672,832,205524,65,12,638735
2025-03-27,메타,외부,META_CMP_02_룩얼라이크,룩얼라이크,유사타겟,VID_플러스멤버십_봄_A_v1,37702,560,175019,55,12,740513
2025-03-27,메타,외부,META_CMP_02_룩얼라이크,룩얼라이크,유사타겟,IMG_할인쿠폰_봄_B_v1,42853,664,188049,60,16,985915
2025-03-27,메타,외부,META_CMP_02_룩얼라이크,룩얼라이크,유사타겟,CRS_특가_봄_v1,44347,954,187090,81,25,1402085
2025-03-27,메타,외부,META_CMP_03_재구매,재구매,VIP,IMG_배송혜택_봄_A_v1,11360,333,47633,13,6,456755
2025-03-27,메타,외부,META_CMP_03_재구매,재구매,VIP,VID_적립혜택_봄_B_v1,14930,320,69939,21,13,855310
2025-03-27,메타,외부,META_CMP_03_재구매,재구매,VIP,CRS_신상품_봄_v1,10976,319,47307,15,7,384298
2025-03-27,메타,외부,META_CMP_03_재구매,재구매,윈백,IMG_배송혜택_봄_A_v1,21860,626,107381,32,16,927847
2025-03-27,메타,외부,META_CMP_03_재구매,재구매,윈백,VID_적립혜택_봄_B_v1,20960,518,98073,34,17,1429834
2025-03-27,메타,외부,META_CMP_03_재구매,재구매,윈백,CRS_신상품_봄_v1,16460,274,78712,10,3,197614
2025-03-27,네이버,자체,NVR_CMP_01_브랜드KW,브랜드KW,논타겟,TXT_플러스멤버십_봄_A_v1,6799,881,55991,273,173,14242440
2025-03-27,네이버,자체,NVR_CMP_02_일반KW,일반KW,논타겟,TXT_할인쿠폰_봄_A_v1,13081,994,89414,170,80,4226299
2025-03-27,네이버,자체,NVR_CMP_02_일반KW,일반KW,논타겟,TXT_플러스멤버십_봄_B_v1,10465,782,88713,102,43,3055961
2025-03-27,네이버,자체,NVR_CMP_03_재구매,재구매,VIP,IMG_배송혜택_봄_A_v1,5500,408,51706,38,27,2056853
2025-03-27,네이버,자체,NVR_CMP_03_재구매,재구매,VIP,VID_적립혜택_봄_B_v1,6729,410,58696,35,28,2678904
2025-03-27,네이버,자체,NVR_CMP_03_재구매,재구매,VIP,CRS_신상품_봄_v1,6155,441,42805,48,38,3451794
2025-03-27,네이버,자체,NVR_CMP_03_재구매,재구매,윈백,IMG_배송혜택_봄_A_v1,8673,387,61851,44,38,3100264
2025-03-27,네이버,자체,NVR_CMP_03_재구매,재구매,윈백,VID_적립혜택_봄_B_v1,9894,450,75589,42,36,2922662
2025-03-27,네이버,자체,NVR_CMP_03_재구매,재구매,윈백,CRS_신상품_봄_v1,11284,595,85454,42,30,2384490
2025-03-28,구글,외부,GGL_CMP_01_플러스가입,플러스가입,논타겟,VID_플러스멤버십_봄_A_v1,42983,1444,201537,191,41,2341623
2025-03-28,구글,외부,GGL_CMP_01_플러스가입,플러스가입,논타겟,IMG_플러스멤버십_봄_B_v1,64673,2239,423612,332,86,5986412
2025-03-28,구글,외부,GGL_CMP_01_플러스가입,플러스가입,논타겟,CRS_플러스멤버십_봄_v1,45436,1398,221612,188,60,4281386
2025-03-28,구글,외부,GGL_CMP_01_플러스가입,플러스가입,논타겟,IMG_적립혜택_봄_v2,70291,2058,428313,252,50,3517960
2025-03-28,구글,외부,GGL_CMP_01_플러스가입,플러스가입,유사타겟,VID_플러스멤버십_봄_A_v1,63467,1292,306302,162,37,2642113
2025-03-28,구글,외부,GGL_CMP_01_플러스가입,플러스가입,유사타겟,IMG_플러스멤버십_봄_B_v1,70551,2436,363704,349,69,4748690
2025-03-28,구글,외부,GGL_CMP_01_플러스가입,플러스가입,유사타겟,CRS_플러스멤버십_봄_v1,56990,1623,258967,184,35,2319528
2025-03-28,구글,외부,GGL_CMP_01_플러스가입,플러스가입,유사타겟,IMG_적립혜택_봄_v2,53913,1793,344506,160,33,1884273
2025-03-28,구글,외부,GGL_CMP_02_리타겟팅,리타겟팅,리마케팅,VID_할인쿠폰_봄_A_v1,33340,853,218482,73,36,2247143
2025-03-28,구글,외부,GGL_CMP_02_리타겟팅,리타겟팅,리마케팅,IMG_할인쿠폰_봄_B_v1,33504,1110,200207,83,27,1299926
2025-03-28,구글,외부,GGL_CMP_02_리타겟팅,리타겟팅,리마케팅,CRS_특가_봄_v1,41786,1130,237577,140,54,2643281
2025-03-28,구글,외부,GGL_CMP_03_첫구매,첫구매,논타겟,VID_적립혜택_봄_A_v1,39747,835,181479,67,28,2015661
2025-03-28,구글,외부,GGL_CMP_03_첫구매,첫구매,논타겟,IMG_적립혜택_봄_B_v1,50405,1479,225060,106,29,2224659
2025-03-28,구글,외부,GGL_CMP_03_첫구매,첫구매,논타겟,CRS_할인쿠폰_봄_v1,58465,1846,317037,117,58,4095433
2025-03-28,구글,외부,GGL_CMP_03_첫구매,첫구매,유사타겟,VID_적립혜택_봄_A_v1,59134,1410,344703,128,58,3376608
2025-03-28,구글,외부,GGL_CMP_03_첫구매,첫구매,유사타겟,IMG_적립혜택_봄_B_v1,57476,1089,295287,86,40,2465663
2025-03-28,구글,외부,GGL_CMP_03_첫구매,첫구매,유사타겟,CRS_할인쿠폰_봄_v1,42721,861,228316,70,27,1408763
2025-03-28,메타,외부,META_CMP_01_신규유저,신규유저,논타겟,VID_플러스멤버십_봄_A_v1,35094,586,163044,36,5,291205
2025-03-28,메타,외부,META_CMP_01_신규유저,신규유저,논타겟,IMG_적립혜택_봄_B_v1,35971,475,138744,40,10,570969
2025-03-28,메타,외부,META_CMP_01_신규유저,신규유저,논타겟,CRS_플러스멤버십_봄_v1,51743,812,258060,54,15,738632
2025-03-28,메타,외부,META_CMP_02_룩얼라이크,룩얼라이크,유사타겟,VID_플러스멤버십_봄_A_v1,52987,1181,262329,92,22,1172473
2025-03-28,메타,외부,META_CMP_02_룩얼라이크,룩얼라이크,유사타겟,IMG_할인쿠폰_봄_B_v1,40406,788,202176,53,10,491423
2025-03-28,메타,외부,META_CMP_02_룩얼라이크,룩얼라이크,유사타겟,CRS_특가_봄_v1,34858,617,121367,37,9,535423
2025-03-28,메타,외부,META_CMP_03_재구매,재구매,VIP,IMG_배송혜택_봄_A_v1,12762,235,62045,16,10,684949
2025-03-28,메타,외부,META_CMP_03_재구매,재구매,VIP,VID_적립혜택_봄_B_v1,13274,289,46123,16,7,468968
2025-03-28,메타,외부,META_CMP_03_재구매,재구매,VIP,CRS_신상품_봄_v1,9875,168,49285,10,6,457275
2025-03-28,메타,외부,META_CMP_03_재구매,재구매,윈백,IMG_배송혜택_봄_A_v1,24481,441,97235,30,19,1652822
2025-03-28,메타,외부,META_CMP_03_재구매,재구매,윈백,VID_적립혜택_봄_B_v1,20468,480,88583,31,11,677893
2025-03-28,메타,외부,META_CMP_03_재구매,재구매,윈백,CRS_신상품_봄_v1,14787,354,67669,13,7,591968
2025-03-28,네이버,자체,NVR_CMP_01_브랜드KW,브랜드KW,논타겟,TXT_플러스멤버십_봄_A_v1,11450,1110,106325,229,143,12559092
2025-03-28,네이버,자체,NVR_CMP_02_일반KW,일반KW,논타겟,TXT_할인쿠폰_봄_A_v1,12717,989,119487,132,62,4232366
2025-03-28,네이버,자체,NVR_CMP_02_일반KW,일반KW,논타겟,TXT_플러스멤버십_봄_B_v1,9028,730,59036,82,31,2439634
2025-03-28,네이버,자체,NVR_CMP_03_재구매,재구매,VIP,IMG_배송혜택_봄_A_v1,3881,165,28288,16,12,1177256
2025-03-28,네이버,자체,NVR_CMP_03_재구매,재구매,VIP,VID_적립혜택_봄_B_v1,5198,333,43862,38,24,2191249
2025-03-28,네이버,자체,NVR_CMP_03_재구매,재구매,VIP,CRS_신상품_봄_v1,6670,438,59763,50,40,3220222
2025-03-28,네이버,자체,NVR_CMP_03_재구매,재구매,윈백,IMG_배송혜택_봄_A_v1,7868,471,62931,33,18,1645132
2025-03-28,네이버,자체,NVR_CMP_03_재구매,재구매,윈백,VID_적립혜택_봄_B_v1,9563,559,66501,44,26,2450832
2025-03-28,네이버,자체,NVR_CMP_03_재구매,재구매,윈백,CRS_신상품_봄_v1,10995,772,88810,89,77,5756828
2025-03-29,구글,외부,GGL_CMP_01_플러스가입,플러스가입,논타겟,VID_플러스멤버십_봄_A_v1,34112,1202,199760,99,30,2102162
2025-03-29,구글,외부,GGL_CMP_01_플러스가입,플러스가입,논타겟,IMG_플러스멤버십_봄_B_v1,40828,1030,253982,103,31,1760122
2025-03-29,구글,외부,GGL_CMP_01_플러스가입,플러스가입,논타겟,CRS_플러스멤버십_봄_v1,43455,1001,199282,88,26,1672090
2025-03-29,구글,외부,GGL_CMP_01_플러스가입,플러스가입,논타겟,IMG_적립혜택_봄_v2,45392,1210,281072,178,57,3635936
2025-03-29,구글,외부,GGL_CMP_01_플러스가입,플러스가입,유사타겟,VID_플러스멤버십_봄_A_v1,42787,912,235341,121,29,1787006
2025-03-29,구글,외부,GGL_CMP_01_플러스가입,플러스가입,유사타겟,IMG_플러스멤버십_봄_B_v1,30622,773,154106,97,26,1522392
2025-03-29,구글,외부,GGL_CMP_01_플러스가입,플러스가입,유사타겟,CRS_플러스멤버십_봄_v1,36277,863,172916,96,28,1658588
2025-03-29,구글,외부,GGL_CMP_01_플러스가입,플러스가입,유사타겟,IMG_적립혜택_봄_v2,42146,1356,206969,161,50,2578990
2025-03-29,구글,외부,GGL_CMP_02_리타겟팅,리타겟팅,리마케팅,VID_할인쿠폰_봄_A_v1,31582,907,141561,78,42,2144769
2025-03-29,구글,외부,GGL_CMP_02_리타겟팅,리타겟팅,리마케팅,IMG_할인쿠폰_봄_B_v1,29513,871,183150,116,39,1836161
2025-03-29,구글,외부,GGL_CMP_02_리타겟팅,리타겟팅,리마케팅,CRS_특가_봄_v1,24776,775,137525,74,25,1299065
2025-03-29,구글,외부,GGL_CMP_03_첫구매,첫구매,논타겟,VID_적립혜택_봄_A_v1,39073,951,193665,83,41,2246242
2025-03-29,구글,외부,GGL_CMP_03_첫구매,첫구매,논타겟,IMG_적립혜택_봄_B_v1,44966,1094,289399,107,37,2875218
2025-03-29,구글,외부,GGL_CMP_03_첫구매,첫구매,논타겟,CRS_할인쿠폰_봄_v1,45136,927,282106,94,38,2656024
2025-03-29,구글,외부,GGL_CMP_03_첫구매,첫구매,유사타겟,VID_적립혜택_봄_A_v1,42088,825,272647,69,19,990102
2025-03-29,구글,외부,GGL_CMP_03_첫구매,첫구매,유사타겟,IMG_적립혜택_봄_B_v1,47065,914,296207,103,35,2192170
2025-03-29,구글,외부,GGL_CMP_03_첫구매,첫구매,유사타겟,CRS_할인쿠폰_봄_v1,45804,1170,215382,106,37,1921665
2025-03-29,메타,외부,META_CMP_01_신규유저,신규유저,논타겟,VID_플러스멤버십_봄_A_v1,37896,756,130425,62,9,462721
2025-03-29,메타,외부,META_CMP_01_신규유저,신규유저,논타겟,IMG_적립혜택_봄_B_v1,23148,439,101894,37,9,505587
2025-03-29,메타,외부,META_CMP_01_신규유저,신규유저,논타겟,CRS_플러스멤버십_봄_v1,23956,301,111717,24,5,247622
2025-03-29,메타,외부,META_CMP_02_룩얼라이크,룩얼라이크,유사타겟,VID_플러스멤버십_봄_A_v1,37666,806,172316,58,11,431811
2025-03-29,메타,외부,META_CMP_02_룩얼라이크,룩얼라이크,유사타겟,IMG_할인쿠폰_봄_B_v1,33420,776,132100,60,13,727519
2025-03-29,메타,외부,META_CMP_02_룩얼라이크,룩얼라이크,유사타겟,CRS_특가_봄_v1,27276,412,121121,28,8,421497
2025-03-29,메타,외부,META_CMP_03_재구매,재구매,VIP,IMG_배송혜택_봄_A_v1,6962,200,29582,9,5,277077
2025-03-29,메타,외부,META_CMP_03_재구매,재구매,VIP,VID_적립혜택_봄_B_v1,10796,214,39614,8,4,341410
2025-03-29,메타,외부,META_CMP_03_재구매,재구매,VIP,CRS_신상품_봄_v1,6637,195,24555,7,3,208460
2025-03-29,메타,외부,META_CMP_03_재구매,재구매,윈백,IMG_배송혜택_봄_A_v1,17540,518,62742,35,17,1281241
2025-03-29,메타,외부,META_CMP_03_재구매,재구매,윈백,VID_적립혜택_봄_B_v1,15160,342,63056,15,6,434935
2025-03-29,메타,외부,META_CMP_03_재구매,재구매,윈백,CRS_신상품_봄_v1,14864,265,72201,12,4,318783
2025-03-29,네이버,자체,NVR_CMP_01_브랜드KW,브랜드KW,논타겟,TXT_플러스멤버십_봄_A_v1,4931,521,32647,91,51,3143760
2025-03-29,네이버,자체,NVR_CMP_02_일반KW,일반KW,논타겟,TXT_할인쿠폰_봄_A_v1,9090,724,83037,115,47,3621104
2025-03-29,네이버,자체,NVR_CMP_02_일반KW,일반KW,논타겟,TXT_플러스멤버십_봄_B_v1,7835,781,64309,146,59,4030517
2025-03-29,네이버,자체,NVR_CMP_03_재구매,재구매,VIP,IMG_배송혜택_봄_A_v1,3194,180,26569,17,13,1080475
2025-03-29,네이버,자체,NVR_CMP_03_재구매,재구매,VIP,VID_적립혜택_봄_B_v1,4754,209,44732,16,9,950420
2025-03-29,네이버,자체,NVR_CMP_03_재구매,재구매,VIP,CRS_신상품_봄_v1,3050,125,22215,10,6,644894
2025-03-29,네이버,자체,NVR_CMP_03_재구매,재구매,윈백,IMG_배송혜택_봄_A_v1,7876,545,60951,39,21,2087122
2025-03-29,네이버,자체,NVR_CMP_03_재구매,재구매,윈백,VID_적립혜택_봄_B_v1,5333,390,50474,35,24,1998976
2025-03-29,네이버,자체,NVR_CMP_03_재구매,재구매,윈백,CRS_신상품_봄_v1,8451,619,62730,58,29,3166639
2025-03-30,구글,외부,GGL_CMP_01_플러스가입,플러스가입,논타겟,VID_플러스멤버십_봄_A_v1,43428,1480,254676,143,49,2616988
2025-03-30,구글,외부,GGL_CMP_01_플러스가입,플러스가입,논타겟,IMG_플러스멤버십_봄_B_v1,50771,1214,264684,134,35,2072012
2025-03-30,구글,외부,GGL_CMP_01_플러스가입,플러스가입,논타겟,CRS_플러스멤버십_봄_v1,48759,1451,238162,191,61,3277343
2025-03-30,구글,외부,GGL_CMP_01_플러스가입,플러스가입,논타겟,IMG_적립혜택_봄_v2,35929,1179,163230,121,30,1485574
2025-03-30,구글,외부,GGL_CMP_01_플러스가입,플러스가입,유사타겟,VID_플러스멤버십_봄_A_v1,47593,1558,263298,139,42,2994215
2025-03-30,구글,외부,GGL_CMP_01_플러스가입,플러스가입,유사타겟,IMG_플러스멤버십_봄_B_v1,37808,1089,193572,120,23,1599345
2025-03-30,구글,외부,GGL_CMP_01_플러스가입,플러스가입,유사타겟,CRS_플러스멤버십_봄_v1,47287,1029,267295,112,26,1327245
2025-03-30,구글,외부,GGL_CMP_01_플러스가입,플러스가입,유사타겟,IMG_적립혜택_봄_v2,32040,665,159695,70,23,1412940
2025-03-30,구글,외부,GGL_CMP_02_리타겟팅,리타겟팅,리마케팅,VID_할인쿠폰_봄_A_v1,23213,590,105716,50,21,1047587
2025-03-30,구글,외부,GGL_CMP_02_리타겟팅,리타겟팅,리마케팅,IMG_할인쿠폰_봄_B_v1,29057,806,165588,68,21,1373966
2025-03-30,구글,외부,GGL_CMP_02_리타겟팅,리타겟팅,리마케팅,CRS_특가_봄_v1,20149,558,115578,55,18,1281677
2025-03-30,구글,외부,GGL_CMP_03_첫구매,첫구매,논타겟,VID_적립혜택_봄_A_v1,42660,762,263279,75,32,2332869
2025-03-30,구글,외부,GGL_CMP_03_첫구매,첫구매,논타겟,IMG_적립혜택_봄_B_v1,34132,1108,172262,99,37,2488878
2025-03-30,구글,외부,GGL_CMP_03_첫구매,첫구매,논타겟,CRS_할인쿠폰_봄_v1,38756,1248,202695,99,40,2458029
2025-03-30,구글,외부,GGL_CMP_03_첫구매,첫구매,유사타겟,VID_적립혜택_봄_A_v1,34081,805,161861,80,28,1972473
2025-03-30,구글,외부,GGL_CMP_03_첫구매,첫구매,유사타겟,IMG_적립혜택_봄_B_v1,39447,1028,242365,85,34,2520109
2025-03-30,구글,외부,GGL_CMP_03_첫구매,첫구매,유사타겟,CRS_할인쿠폰_봄_v1,49036,1216,283939,96,44,2679129
2025-03-30,메타,외부,META_CMP_01_신규유저,신규유저,논타겟,VID_플러스멤버십_봄_A_v1,23086,414,95702,23,5,209869
2025-03-30,메타,외부,META_CMP_01_신규유저,신규유저,논타겟,IMG_적립혜택_봄_B_v1,24041,355,118636,21,5,226442
2025-03-30,메타,외부,META_CMP_01_신규유저,신규유저,논타겟,CRS_플러스멤버십_봄_v1,31540,525,146126,42,10,582706
2025-03-30,메타,외부,META_CMP_02_룩얼라이크,룩얼라이크,유사타겟,VID_플러스멤버십_봄_A_v1,33466,777,162456,68,18,1035207
2025-03-30,메타,외부,META_CMP_02_룩얼라이크,룩얼라이크,유사타겟,IMG_할인쿠폰_봄_B_v1,30124,609,122325,35,9,404583
2025-03-30,메타,외부,META_CMP_02_룩얼라이크,룩얼라이크,유사타겟,CRS_특가_봄_v1,38470,710,164447,42,10,429747
2025-03-30,메타,외부,META_CMP_03_재구매,재구매,VIP,IMG_배송혜택_봄_A_v1,11094,213,55272,12,7,524881
2025-03-30,메타,외부,META_CMP_03_재구매,재구매,VIP,VID_적립혜택_봄_B_v1,7509,221,25581,11,4,317772
2025-03-30,메타,외부,META_CMP_03_재구매,재구매,VIP,CRS_신상품_봄_v1,8677,168,42685,7,4,300674
2025-03-30,메타,외부,META_CMP_03_재구매,재구매,윈백,IMG_배송혜택_봄_A_v1,16253,284,67854,12,4,294981
2025-03-30,메타,외부,META_CMP_03_재구매,재구매,윈백,VID_적립혜택_봄_B_v1,14310,238,68472,11,6,414590
2025-03-30,메타,외부,META_CMP_03_재구매,재구매,윈백,CRS_신상품_봄_v1,11098,182,39251,10,6,473493
2025-03-30,네이버,자체,NVR_CMP_01_브랜드KW,브랜드KW,논타겟,TXT_플러스멤버십_봄_A_v1,5585,870,52526,252,134,8486192
2025-03-30,네이버,자체,NVR_CMP_02_일반KW,일반KW,논타겟,TXT_할인쿠폰_봄_A_v1,8728,525,63810,81,29,1542026
2025-03-30,네이버,자체,NVR_CMP_02_일반KW,일반KW,논타겟,TXT_플러스멤버십_봄_B_v1,9178,579,62869,115,55,4166621
2025-03-30,네이버,자체,NVR_CMP_03_재구매,재구매,VIP,IMG_배송혜택_봄_A_v1,4097,291,33370,31,18,1807225
2025-03-30,네이버,자체,NVR_CMP_03_재구매,재구매,VIP,VID_적립혜택_봄_B_v1,4453,184,33838,18,14,1080281
2025-03-30,네이버,자체,NVR_CMP_03_재구매,재구매,VIP,CRS_신상품_봄_v1,3686,242,28124,21,16,1140851
2025-03-30,네이버,자체,NVR_CMP_03_재구매,재구매,윈백,IMG_배송혜택_봄_A_v1,6127,313,49587,37,21,2269875
2025-03-30,네이버,자체,NVR_CMP_03_재구매,재구매,윈백,VID_적립혜택_봄_B_v1,6531,292,58585,36,24,2530396
2025-03-30,네이버,자체,NVR_CMP_03_재구매,재구매,윈백,CRS_신상품_봄_v1,6020,316,48299,37,29,2557865
2025-03-31,구글,외부,GGL_CMP_01_플러스가입,플러스가입,논타겟,VID_플러스멤버십_봄_A_v1,48362,1316,298646,194,43,2905556
2025-03-31,구글,외부,GGL_CMP_01_플러스가입,플러스가입,논타겟,IMG_플러스멤버십_봄_B_v1,58575,1399,267300,179,34,1797399
2025-03-31,구글,외부,GGL_CMP_01_플러스가입,플러스가입,논타겟,CRS_플러스멤버십_봄_v1,48110,1663,258951,163,43,2188220
2025-03-31,구글,외부,GGL_CMP_01_플러스가입,플러스가입,논타겟,IMG_적립혜택_봄_v2,62460,2229,364198,244,72,4812940
2025-03-31,구글,외부,GGL_CMP_01_플러스가입,플러스가입,유사타겟,VID_플러스멤버십_봄_A_v1,38756,1064,184460,99,28,1988063
2025-03-31,구글,외부,GGL_CMP_01_플러스가입,플러스가입,유사타겟,IMG_플러스멤버십_봄_B_v1,42387,1298,271154,118,29,1347767
2025-03-31,구글,외부,GGL_CMP_01_플러스가입,플러스가입,유사타겟,CRS_플러스멤버십_봄_v1,44949,1149,200844,165,47,2538310
2025-03-31,구글,외부,GGL_CMP_01_플러스가입,플러스가입,유사타겟,IMG_적립혜택_봄_v2,53979,1674,269947,248,79,5038060
2025-03-31,구글,외부,GGL_CMP_02_리타겟팅,리타겟팅,리마케팅,VID_할인쿠폰_봄_A_v1,39177,1321,209926,143,60,2962150
2025-03-31,구글,외부,GGL_CMP_02_리타겟팅,리타겟팅,리마케팅,IMG_할인쿠폰_봄_B_v1,39523,1340,231310,103,50,2946659
2025-03-31,구글,외부,GGL_CMP_02_리타겟팅,리타겟팅,리마케팅,CRS_특가_봄_v1,34535,1508,159536,187,101,6724177
2025-03-31,구글,외부,GGL_CMP_03_첫구매,첫구매,논타겟,VID_적립혜택_봄_A_v1,52986,1644,301270,133,44,2660809
2025-03-31,구글,외부,GGL_CMP_03_첫구매,첫구매,논타겟,IMG_적립혜택_봄_B_v1,53345,1178,243532,131,62,3876098
2025-03-31,구글,외부,GGL_CMP_03_첫구매,첫구매,논타겟,CRS_할인쿠폰_봄_v1,38638,1084,199759,81,30,2245132
2025-03-31,구글,외부,GGL_CMP_03_첫구매,첫구매,유사타겟,VID_적립혜택_봄_A_v1,43409,1161,224741,110,47,3031334
2025-03-31,구글,외부,GGL_CMP_03_첫구매,첫구매,유사타겟,IMG_적립혜택_봄_B_v1,55067,1107,297851,79,32,2468022
2025-03-31,구글,외부,GGL_CMP_03_첫구매,첫구매,유사타겟,CRS_할인쿠폰_봄_v1,59191,1180,377787,76,35,1950935
2025-03-31,메타,외부,META_CMP_01_신규유저,신규유저,논타겟,VID_플러스멤버십_봄_A_v1,42718,802,164071,48,8,374816
2025-03-31,메타,외부,META_CMP_01_신규유저,신규유저,논타겟,IMG_적립혜택_봄_B_v1,46461,585,174822,30,7,321802
2025-03-31,메타,외부,META_CMP_01_신규유저,신규유저,논타겟,CRS_플러스멤버십_봄_v1,37803,789,141355,46,9,328930
2025-03-31,메타,외부,META_CMP_02_룩얼라이크,룩얼라이크,유사타겟,VID_플러스멤버십_봄_A_v1,34299,532,118650,35,10,406047
2025-03-31,메타,외부,META_CMP_02_룩얼라이크,룩얼라이크,유사타겟,IMG_할인쿠폰_봄_B_v1,33861,746,125820,46,14,724619
2025-03-31,메타,외부,META_CMP_02_룩얼라이크,룩얼라이크,유사타겟,CRS_특가_봄_v1,36353,600,170956,35,10,540577
2025-03-31,메타,외부,META_CMP_03_재구매,재구매,VIP,IMG_배송혜택_봄_A_v1,9405,215,35790,12,5,364161
2025-03-31,메타,외부,META_CMP_03_재구매,재구매,VIP,VID_적립혜택_봄_B_v1,13009,344,47636,20,8,493956
2025-03-31,메타,외부,META_CMP_03_재구매,재구매,VIP,CRS_신상품_봄_v1,16218,358,74993,21,8,497730
2025-03-31,메타,외부,META_CMP_03_재구매,재구매,윈백,IMG_배송혜택_봄_A_v1,20271,404,92918,20,10,746515
2025-03-31,메타,외부,META_CMP_03_재구매,재구매,윈백,VID_적립혜택_봄_B_v1,16190,319,54456,17,10,625326
2025-03-31,메타,외부,META_CMP_03_재구매,재구매,윈백,CRS_신상품_봄_v1,18202,523,66584,32,13,847219
2025-03-31,네이버,자체,NVR_CMP_01_브랜드KW,브랜드KW,논타겟,TXT_플러스멤버십_봄_A_v1,7361,741,64170,134,59,5190082
2025-03-31,네이버,자체,NVR_CMP_02_일반KW,일반KW,논타겟,TXT_할인쿠폰_봄_A_v1,15063,1135,104501,145,40,2998282
2025-03-31,네이버,자체,NVR_CMP_02_일반KW,일반KW,논타겟,TXT_플러스멤버십_봄_B_v1,14387,1228,97336,137,62,4218661
2025-03-31,네이버,자체,NVR_CMP_03_재구매,재구매,VIP,IMG_배송혜택_봄_A_v1,6634,305,60678,21,18,1716859
2025-03-31,네이버,자체,NVR_CMP_03_재구매,재구매,VIP,VID_적립혜택_봄_B_v1,6532,328,43551,33,17,1844789
2025-03-31,네이버,자체,NVR_CMP_03_재구매,재구매,VIP,CRS_신상품_봄_v1,3922,285,34658,22,19,1455466
2025-03-31,네이버,자체,NVR_CMP_03_재구매,재구매,윈백,IMG_배송혜택_봄_A_v1,10944,817,92415,60,33,3085222
2025-03-31,네이버,자체,NVR_CMP_03_재구매,재구매,윈백,VID_적립혜택_봄_B_v1,7061,298,55631,26,16,1530812
2025-03-31,네이버,자체,NVR_CMP_03_재구매,재구매,윈백,CRS_신상품_봄_v1,6475,279,42838,20,16,1205766
